Entity,Code,Year,Political polarization score
Afghanistan,AFG,1992,2.779
Afghanistan,AFG,1993,2.779
Afghanistan,AFG,1994,2.779
Afghanistan,AFG,1995,2.779
Afghanistan,AFG,1996,2.779
Afghanistan,AFG,1997,2.779
Afghanistan,AFG,1998,2.779
Afghanistan,AFG,1999,2.779
Afghanistan,AFG,2000,2.208
Afghanistan,AFG,2001,0.02
Afghanistan,AFG,2002,0.02
Afghanistan,AFG,2003,0.02
Afghanistan,AFG,2004,0.02
Afghanistan,AFG,2005,0.02
Afghanistan,AFG,2006,0.02
Afghanistan,AFG,2007,0.02
Afghanistan,AFG,2008,0.02
Afghanistan,AFG,2009,0.02
Afghanistan,AFG,2010,0.02
Afghanistan,AFG,2011,0.02
Afghanistan,AFG,2012,0.02
Afghanistan,AFG,2013,0.12
Afghanistan,AFG,2014,0.12
Afghanistan,AFG,2015,0.12
Afghanistan,AFG,2016,0.12
Afghanistan,AFG,2017,0.12
Afghanistan,AFG,2018,0.12
Afghanistan,AFG,2019,0.12
Afghanistan,AFG,2020,0.12
Afghanistan,AFG,2021,1.463
Afghanistan,AFG,2022,2.485
Afghanistan,AFG,2023,2.485
Afghanistan,AFG,2024,2.485
Afghanistan,AFG,2025,2.32
Africa,OWID_AFR,1950,-0.17513207
Africa,OWID_AFR,1951,-0.16405556
Africa,OWID_AFR,1952,-0.13083333
Africa,OWID_AFR,1953,-0.13164815
Africa,OWID_AFR,1954,-0.12555556
Africa,OWID_AFR,1955,-0.12077778
Africa,OWID_AFR,1956,-0.119222224
Africa,OWID_AFR,1957,-0.10807408
Africa,OWID_AFR,1958,-0.091314815
Africa,OWID_AFR,1959,-0.0322037
Africa,OWID_AFR,1960,0.012698113
Africa,OWID_AFR,1961,0.026481483
Africa,OWID_AFR,1962,0.020759255
Africa,OWID_AFR,1963,-0.032444447
Africa,OWID_AFR,1964,-0.05740741
Africa,OWID_AFR,1965,-0.046703704
Africa,OWID_AFR,1966,-0.04240741
Africa,OWID_AFR,1967,0.034833334
Africa,OWID_AFR,1968,0.06759259
Africa,OWID_AFR,1969,0.12642592
Africa,OWID_AFR,1970,0.13681482
Africa,OWID_AFR,1971,0.13203704
Africa,OWID_AFR,1972,0.15712963
Africa,OWID_AFR,1973,0.17983334
Africa,OWID_AFR,1974,0.12037037
Africa,OWID_AFR,1975,0.086500004
Africa,OWID_AFR,1976,0.017481484
Africa,OWID_AFR,1977,0.04437037
Africa,OWID_AFR,1978,0.05185185
Africa,OWID_AFR,1979,0.025018519
Africa,OWID_AFR,1980,0.032907408
Africa,OWID_AFR,1981,0.038925923
Africa,OWID_AFR,1982,0.037740737
Africa,OWID_AFR,1983,0.0482037
Africa,OWID_AFR,1984,0.037148144
Africa,OWID_AFR,1985,0.02946296
Africa,OWID_AFR,1986,0.013537032
Africa,OWID_AFR,1987,0.044222217
Africa,OWID_AFR,1988,0.07046296
Africa,OWID_AFR,1989,0.066018514
Africa,OWID_AFR,1990,0.1668889
Africa,OWID_AFR,1991,0.19647272
Africa,OWID_AFR,1992,0.14863636
Africa,OWID_AFR,1993,0.19814545
Africa,OWID_AFR,1994,0.22981818
Africa,OWID_AFR,1995,0.13265455
Africa,OWID_AFR,1996,0.12592727
Africa,OWID_AFR,1997,0.13154545
Africa,OWID_AFR,1998,0.13418181
Africa,OWID_AFR,1999,0.14949091
Africa,OWID_AFR,2000,0.15296364
Africa,OWID_AFR,2001,0.18503636
Africa,OWID_AFR,2002,0.15798181
Africa,OWID_AFR,2003,0.09489091
Africa,OWID_AFR,2004,0.084727265
Africa,OWID_AFR,2005,0.046563633
Africa,OWID_AFR,2006,0.012163632
Africa,OWID_AFR,2007,0.025327265
Africa,OWID_AFR,2008,0.034363627
Africa,OWID_AFR,2009,0.051363625
Africa,OWID_AFR,2010,0.06856363
Africa,OWID_AFR,2011,0.12096428
Africa,OWID_AFR,2012,0.13114285
Africa,OWID_AFR,2013,0.15003571
Africa,OWID_AFR,2014,0.13730356
Africa,OWID_AFR,2015,0.19751786
Africa,OWID_AFR,2016,0.24430357
Africa,OWID_AFR,2017,0.248
Africa,OWID_AFR,2018,0.2409643
Africa,OWID_AFR,2019,0.27937502
Africa,OWID_AFR,2020,0.30967858
Africa,OWID_AFR,2021,0.30175
Africa,OWID_AFR,2022,0.22616072
Africa,OWID_AFR,2023,0.25214285
Africa,OWID_AFR,2024,0.29083928
Africa,OWID_AFR,2025,0.41481483
Africa (population-weighted),,1950,-0.11644821
Africa (population-weighted),,1951,-0.11816162
Africa (population-weighted),,1952,-0.059603743
Africa (population-weighted),,1953,-0.10774199
Africa (population-weighted),,1954,-0.0993799
Africa (population-weighted),,1955,-0.09731409
Africa (population-weighted),,1956,-0.11328857
Africa (population-weighted),,1957,-0.2969072
Africa (population-weighted),,1958,-0.2890784
Africa (population-weighted),,1959,-0.267566
Africa (population-weighted),,1960,-0.09464205
Africa (population-weighted),,1961,-0.094753586
Africa (population-weighted),,1962,-0.10078385
Africa (population-weighted),,1963,-0.17727385
Africa (population-weighted),,1964,-0.18494
Africa (population-weighted),,1965,-0.17851797
Africa (population-weighted),,1966,-0.18703572
Africa (population-weighted),,1967,-0.13776416
Africa (population-weighted),,1968,-0.12909888
Africa (population-weighted),,1969,-0.11066232
Africa (population-weighted),,1970,-0.07777491
Africa (population-weighted),,1971,-0.13493219
Africa (population-weighted),,1972,-0.12414994
Africa (population-weighted),,1973,-0.1329458
Africa (population-weighted),,1974,-0.13086274
Africa (population-weighted),,1975,-0.0926307
Africa (population-weighted),,1976,-0.117071554
Africa (population-weighted),,1977,-0.097188585
Africa (population-weighted),,1978,-0.09461554
Africa (population-weighted),,1979,-0.10961443
Africa (population-weighted),,1980,-0.06866724
Africa (population-weighted),,1981,-0.03925156
Africa (population-weighted),,1982,-0.058798645
Africa (population-weighted),,1983,0.016077252
Africa (population-weighted),,1984,-0.02760307
Africa (population-weighted),,1985,-0.056670934
Africa (population-weighted),,1986,-0.07814736
Africa (population-weighted),,1987,-0.1025515
Africa (population-weighted),,1988,-0.07642369
Africa (population-weighted),,1989,-0.08007753
Africa (population-weighted),,1990,0.013985573
Africa (population-weighted),,1991,-0.020432236
Africa (population-weighted),,1992,-0.08169518
Africa (population-weighted),,1993,-0.05324749
Africa (population-weighted),,1994,-0.06461231
Africa (population-weighted),,1995,-0.15301025
Africa (population-weighted),,1996,-0.1478457
Africa (population-weighted),,1997,-0.09287169
Africa (population-weighted),,1998,-0.07886105
Africa (population-weighted),,1999,-0.069859825
Africa (population-weighted),,2000,-0.012560693
Africa (population-weighted),,2001,-0.007887344
Africa (population-weighted),,2002,-0.050812066
Africa (population-weighted),,2003,-0.13241512
Africa (population-weighted),,2004,-0.116481386
Africa (population-weighted),,2005,-0.17576438
Africa (population-weighted),,2006,-0.16852036
Africa (population-weighted),,2007,-0.16304342
Africa (population-weighted),,2008,-0.15918621
Africa (population-weighted),,2009,-0.18378584
Africa (population-weighted),,2010,-0.16364944
Africa (population-weighted),,2011,0.042252474
Africa (population-weighted),,2012,0.1351697
Africa (population-weighted),,2013,0.1915293
Africa (population-weighted),,2014,0.08620209
Africa (population-weighted),,2015,0.024996078
Africa (population-weighted),,2016,0.052677065
Africa (population-weighted),,2017,0.070908934
Africa (population-weighted),,2018,0.124627195
Africa (population-weighted),,2019,0.10044395
Africa (population-weighted),,2020,0.17884572
Africa (population-weighted),,2021,0.27784717
Africa (population-weighted),,2022,0.11694514
Africa (population-weighted),,2023,0.088952474
Africa (population-weighted),,2024,0.11878885
Africa (population-weighted),,2025,0.26688388
Albania,ALB,1950,1.873
Albania,ALB,1951,1.873
Albania,ALB,1952,1.873
Albania,ALB,1953,1.873
Albania,ALB,1954,1.873
Albania,ALB,1955,1.873
Albania,ALB,1956,1.873
Albania,ALB,1957,1.873
Albania,ALB,1958,1.873
Albania,ALB,1959,1.873
Albania,ALB,1960,1.873
Albania,ALB,1961,1.873
Albania,ALB,1962,1.873
Albania,ALB,1963,1.873
Albania,ALB,1964,1.873
Albania,ALB,1965,1.873
Albania,ALB,1966,1.873
Albania,ALB,1967,1.873
Albania,ALB,1968,1.873
Albania,ALB,1969,1.873
Albania,ALB,1970,1.873
Albania,ALB,1971,1.873
Albania,ALB,1972,1.873
Albania,ALB,1973,1.873
Albania,ALB,1974,1.873
Albania,ALB,1975,1.873
Albania,ALB,1976,1.873
Albania,ALB,1977,1.873
Albania,ALB,1978,1.873
Albania,ALB,1979,1.873
Albania,ALB,1980,1.873
Albania,ALB,1981,1.873
Albania,ALB,1982,1.469
Albania,ALB,1983,1.469
Albania,ALB,1984,1.469
Albania,ALB,1985,1.469
Albania,ALB,1986,1.469
Albania,ALB,1987,1.469
Albania,ALB,1988,1.469
Albania,ALB,1989,1.469
Albania,ALB,1990,0.455
Albania,ALB,1991,0.322
Albania,ALB,1992,-0.736
Albania,ALB,1993,-0.736
Albania,ALB,1994,-0.736
Albania,ALB,1995,-0.736
Albania,ALB,1996,-0.613
Albania,ALB,1997,0.752
Albania,ALB,1998,-0.902
Albania,ALB,1999,-1.078
Albania,ALB,2000,-1.185
Albania,ALB,2001,-1.047
Albania,ALB,2002,-1.278
Albania,ALB,2003,-1.278
Albania,ALB,2004,-1.278
Albania,ALB,2005,-1.278
Albania,ALB,2006,-1.278
Albania,ALB,2007,-1.278
Albania,ALB,2008,-1.537
Albania,ALB,2009,-1.43
Albania,ALB,2010,-1.546
Albania,ALB,2011,-1.546
Albania,ALB,2012,-1.433
Albania,ALB,2013,-1.529
Albania,ALB,2014,-1.529
Albania,ALB,2015,-1.529
Albania,ALB,2016,-1.627
Albania,ALB,2017,-1.544
Albania,ALB,2018,-1.544
Albania,ALB,2019,-1.435
Albania,ALB,2020,-0.879
Albania,ALB,2021,-0.63
Albania,ALB,2022,-0.662
Albania,ALB,2023,-0.622
Albania,ALB,2024,-0.616
Albania,ALB,2025,-0.616
Algeria,DZA,1950,-0.665
Algeria,DZA,1951,-0.665
Algeria,DZA,1952,-0.665
Algeria,DZA,1953,-0.665
Algeria,DZA,1954,-0.465
Algeria,DZA,1955,-0.465
Algeria,DZA,1956,-0.465
Algeria,DZA,1957,-0.465
Algeria,DZA,1958,-0.465
Algeria,DZA,1959,-0.465
Algeria,DZA,1960,-0.396
Algeria,DZA,1961,-0.396
Algeria,DZA,1962,-0.396
Algeria,DZA,1963,-1.12
Algeria,DZA,1964,-0.816
Algeria,DZA,1965,-0.816
Algeria,DZA,1966,-0.816
Algeria,DZA,1967,-0.816
Algeria,DZA,1968,-0.816
Algeria,DZA,1969,-0.816
Algeria,DZA,1970,-0.816
Algeria,DZA,1971,-0.816
Algeria,DZA,1972,-0.816
Algeria,DZA,1973,-0.816
Algeria,DZA,1974,-0.816
Algeria,DZA,1975,-0.816
Algeria,DZA,1976,-0.816
Algeria,DZA,1977,-0.816
Algeria,DZA,1978,-0.816
Algeria,DZA,1979,-0.816
Algeria,DZA,1980,-0.816
Algeria,DZA,1981,-0.816
Algeria,DZA,1982,-0.816
Algeria,DZA,1983,-0.816
Algeria,DZA,1984,-0.816
Algeria,DZA,1985,-0.816
Algeria,DZA,1986,-0.816
Algeria,DZA,1987,-1.104
Algeria,DZA,1988,-0.953
Algeria,DZA,1989,-1.117
Algeria,DZA,1990,-1.016
Algeria,DZA,1991,-0.864
Algeria,DZA,1992,-0.717
Algeria,DZA,1993,-0.623
Algeria,DZA,1994,-0.728
Algeria,DZA,1995,-0.728
Algeria,DZA,1996,-0.728
Algeria,DZA,1997,-0.728
Algeria,DZA,1998,-0.728
Algeria,DZA,1999,-0.847
Algeria,DZA,2000,-1.087
Algeria,DZA,2001,-1.087
Algeria,DZA,2002,-1.312
Algeria,DZA,2003,-1.312
Algeria,DZA,2004,-1.312
Algeria,DZA,2005,-1.312
Algeria,DZA,2006,-1.312
Algeria,DZA,2007,-1.312
Algeria,DZA,2008,-1.312
Algeria,DZA,2009,-1.312
Algeria,DZA,2010,-1.312
Algeria,DZA,2011,-1.312
Algeria,DZA,2012,-1.312
Algeria,DZA,2013,-1.312
Algeria,DZA,2014,-1.312
Algeria,DZA,2015,-1.109
Algeria,DZA,2016,-1.109
Algeria,DZA,2017,-1.109
Algeria,DZA,2018,-1.109
Algeria,DZA,2019,-0.799
Algeria,DZA,2020,-0.857
Algeria,DZA,2021,-0.857
Algeria,DZA,2022,-1.563
Algeria,DZA,2023,-1.563
Algeria,DZA,2024,-1.563
Angola,AGO,1950,1.766
Angola,AGO,1951,1.766
Angola,AGO,1952,1.766
Angola,AGO,1953,1.766
Angola,AGO,1954,1.766
Angola,AGO,1955,1.766
Angola,AGO,1956,1.766
Angola,AGO,1957,1.766
Angola,AGO,1958,1.766
Angola,AGO,1959,1.766
Angola,AGO,1960,1.766
Angola,AGO,1961,1.766
Angola,AGO,1962,1.966
Angola,AGO,1963,1.966
Angola,AGO,1964,1.966
Angola,AGO,1965,1.966
Angola,AGO,1966,1.966
Angola,AGO,1967,1.966
Angola,AGO,1968,1.966
Angola,AGO,1969,1.966
Angola,AGO,1970,1.966
Angola,AGO,1971,1.966
Angola,AGO,1972,1.966
Angola,AGO,1973,1.966
Angola,AGO,1974,1.966
Angola,AGO,1975,2.554
Angola,AGO,1976,2.554
Angola,AGO,1977,2.554
Angola,AGO,1978,2.554
Angola,AGO,1979,2.554
Angola,AGO,1980,2.554
Angola,AGO,1981,2.554
Angola,AGO,1982,2.554
Angola,AGO,1983,2.554
Angola,AGO,1984,2.554
Angola,AGO,1985,2.554
Angola,AGO,1986,2.554
Angola,AGO,1987,2.554
Angola,AGO,1988,2.554
Angola,AGO,1989,2.554
Angola,AGO,1990,2.554
Angola,AGO,1991,2.554
Angola,AGO,1992,2.554
Angola,AGO,1993,1.584
Angola,AGO,1994,1.584
Angola,AGO,1995,1.584
Angola,AGO,1996,1.584
Angola,AGO,1997,1.584
Angola,AGO,1998,1.584
Angola,AGO,1999,1.584
Angola,AGO,2000,1.584
Angola,AGO,2001,1.584
Angola,AGO,2002,1.584
Angola,AGO,2003,-0.293
Angola,AGO,2004,-0.293
Angola,AGO,2005,-0.293
Angola,AGO,2006,-0.293
Angola,AGO,2007,-0.293
Angola,AGO,2008,-0.52
Angola,AGO,2009,-0.52
Angola,AGO,2010,-0.52
Angola,AGO,2011,-0.52
Angola,AGO,2012,-0.52
Angola,AGO,2013,-0.52
Angola,AGO,2014,-0.52
Angola,AGO,2015,-0.52
Angola,AGO,2016,-0.52
Angola,AGO,2017,-0.906
Angola,AGO,2018,-0.906
Angola,AGO,2019,-0.906
Angola,AGO,2020,-0.734
Angola,AGO,2021,-0.699
Angola,AGO,2022,-0.699
Angola,AGO,2023,-0.644
Angola,AGO,2024,-0.848
Angola,AGO,2025,-0.301
Argentina,ARG,1950,0.965
Argentina,ARG,1951,0.965
Argentina,ARG,1952,0.965
Argentina,ARG,1953,2.146
Argentina,ARG,1954,2.146
Argentina,ARG,1955,2.146
Argentina,ARG,1956,2.146
Argentina,ARG,1957,2.146
Argentina,ARG,1958,2.146
Argentina,ARG,1959,2.146
Argentina,ARG,1960,2.146
Argentina,ARG,1961,2.146
Argentina,ARG,1962,2.146
Argentina,ARG,1963,2.146
Argentina,ARG,1964,2.146
Argentina,ARG,1965,2.146
Argentina,ARG,1966,2.146
Argentina,ARG,1967,2.146
Argentina,ARG,1968,2.146
Argentina,ARG,1969,2.146
Argentina,ARG,1970,2.146
Argentina,ARG,1971,2.146
Argentina,ARG,1972,2.146
Argentina,ARG,1973,2.146
Argentina,ARG,1974,2.146
Argentina,ARG,1975,2.146
Argentina,ARG,1976,2.146
Argentina,ARG,1977,2.146
Argentina,ARG,1978,2.146
Argentina,ARG,1979,2.146
Argentina,ARG,1980,2.146
Argentina,ARG,1981,2.146
Argentina,ARG,1982,2.146
Argentina,ARG,1983,2.031
Argentina,ARG,1984,-0.356
Argentina,ARG,1985,-0.356
Argentina,ARG,1986,-0.356
Argentina,ARG,1987,-0.356
Argentina,ARG,1988,-0.356
Argentina,ARG,1989,-0.356
Argentina,ARG,1990,-0.025
Argentina,ARG,1991,-0.025
Argentina,ARG,1992,-0.025
Argentina,ARG,1993,-0.025
Argentina,ARG,1994,-0.025
Argentina,ARG,1995,-0.025
Argentina,ARG,1996,-0.025
Argentina,ARG,1997,-0.025
Argentina,ARG,1998,-0.025
Argentina,ARG,1999,-0.025
Argentina,ARG,2000,-0.025
Argentina,ARG,2001,-0.025
Argentina,ARG,2002,-0.025
Argentina,ARG,2003,0.358
Argentina,ARG,2004,0.358
Argentina,ARG,2005,0.843
Argentina,ARG,2006,0.843
Argentina,ARG,2007,0.843
Argentina,ARG,2008,0.843
Argentina,ARG,2009,0.843
Argentina,ARG,2010,0.843
Argentina,ARG,2011,1.14
Argentina,ARG,2012,1.14
Argentina,ARG,2013,1.901
Argentina,ARG,2014,1.901
Argentina,ARG,2015,1.901
Argentina,ARG,2016,1.901
Argentina,ARG,2017,1.901
Argentina,ARG,2018,1.901
Argentina,ARG,2019,1.901
Argentina,ARG,2020,1.901
Argentina,ARG,2021,1.901
Argentina,ARG,2022,1.901
Argentina,ARG,2023,1.901
Argentina,ARG,2024,1.901
Argentina,ARG,2025,1.901
Armenia,ARM,1950,0.978
Armenia,ARM,1951,0.978
Armenia,ARM,1952,0.978
Armenia,ARM,1953,0.978
Armenia,ARM,1954,0.978
Armenia,ARM,1955,0.88
Armenia,ARM,1956,0.88
Armenia,ARM,1957,0.88
Armenia,ARM,1958,0.88
Armenia,ARM,1959,0.88
Armenia,ARM,1960,0.429
Armenia,ARM,1961,0.429
Armenia,ARM,1962,0.429
Armenia,ARM,1963,0.429
Armenia,ARM,1964,0.429
Armenia,ARM,1965,0.429
Armenia,ARM,1966,0.429
Armenia,ARM,1967,0.429
Armenia,ARM,1968,0.429
Armenia,ARM,1969,0.37
Armenia,ARM,1970,0.37
Armenia,ARM,1971,0.37
Armenia,ARM,1972,0.37
Armenia,ARM,1973,0.37
Armenia,ARM,1974,0.37
Armenia,ARM,1975,0.37
Armenia,ARM,1976,0.37
Armenia,ARM,1977,0.37
Armenia,ARM,1978,0.37
Armenia,ARM,1979,0.37
Armenia,ARM,1980,0.37
Armenia,ARM,1981,0.37
Armenia,ARM,1982,0.37
Armenia,ARM,1983,0.37
Armenia,ARM,1984,0.199
Armenia,ARM,1985,0.159
Armenia,ARM,1986,0.159
Armenia,ARM,1987,0.233
Armenia,ARM,1988,0.058
Armenia,ARM,1989,0.122
Armenia,ARM,1990,-2.219
Armenia,ARM,1991,-1.512
Armenia,ARM,1992,-0.394
Armenia,ARM,1993,0.631
Armenia,ARM,1994,0.631
Armenia,ARM,1995,0.741
Armenia,ARM,1996,1.264
Armenia,ARM,1997,1.44
Armenia,ARM,1998,0.917
Armenia,ARM,1999,0.608
Armenia,ARM,2000,0.874
Armenia,ARM,2001,0.654
Armenia,ARM,2002,0.878
Armenia,ARM,2003,0.878
Armenia,ARM,2004,0.878
Armenia,ARM,2005,0.233
Armenia,ARM,2006,0.046
Armenia,ARM,2007,0.494
Armenia,ARM,2008,2.185
Armenia,ARM,2009,1.354
Armenia,ARM,2010,0.316
Armenia,ARM,2011,0.485
Armenia,ARM,2012,1.195
Armenia,ARM,2013,1.048
Armenia,ARM,2014,0.863
Armenia,ARM,2015,0.22
Armenia,ARM,2016,0.654
Armenia,ARM,2017,0.306
Armenia,ARM,2018,1.597
Armenia,ARM,2019,1.609
Armenia,ARM,2020,1.433
Armenia,ARM,2021,1.688
Armenia,ARM,2022,2.2
Armenia,ARM,2023,2.59
Armenia,ARM,2024,2.216
Armenia,ARM,2025,2.216
Asia,OWID_ASI,1950,-0.50089186
Asia,OWID_ASI,1951,-0.46272972
Asia,OWID_ASI,1952,-0.45781082
Asia,OWID_ASI,1953,-0.4688919
Asia,OWID_ASI,1954,-0.4527027
Asia,OWID_ASI,1955,-0.45178378
Asia,OWID_ASI,1956,-0.43805405
Asia,OWID_ASI,1957,-0.4297027
Asia,OWID_ASI,1958,-0.42002702
Asia,OWID_ASI,1959,-0.38543242
Asia,OWID_ASI,1960,-0.2644865
Asia,OWID_ASI,1961,-0.33535135
Asia,OWID_ASI,1962,-0.30835134
Asia,OWID_ASI,1963,-0.21116216
Asia,OWID_ASI,1964,-0.18437839
Asia,OWID_ASI,1965,-0.16413513
Asia,OWID_ASI,1966,-0.067891896
Asia,OWID_ASI,1967,-0.09594595
Asia,OWID_ASI,1968,-0.10659459
Asia,OWID_ASI,1969,-0.121918924
Asia,OWID_ASI,1970,-0.010891891
Asia,OWID_ASI,1971,-0.04087179
Asia,OWID_ASI,1972,-0.05307692
Asia,OWID_ASI,1973,-0.063999996
Asia,OWID_ASI,1974,-0.042846154
Asia,OWID_ASI,1975,0.057128206
Asia,OWID_ASI,1976,0.011487174
Asia,OWID_ASI,1977,-0.0014102577
Asia,OWID_ASI,1978,-0.03123077
Asia,OWID_ASI,1979,-0.03728205
Asia,OWID_ASI,1980,-0.1226923
Asia,OWID_ASI,1981,-0.18394871
Asia,OWID_ASI,1982,-0.15489744
Asia,OWID_ASI,1983,-0.15435897
Asia,OWID_ASI,1984,-0.13846155
Asia,OWID_ASI,1985,-0.14241026
Asia,OWID_ASI,1986,-0.17558974
Asia,OWID_ASI,1987,-0.16466667
Asia,OWID_ASI,1988,-0.19048718
Asia,OWID_ASI,1989,-0.15661539
Asia,OWID_ASI,1990,-0.22002128
Asia,OWID_ASI,1991,-0.2463617
Asia,OWID_ASI,1992,-0.19897917
Asia,OWID_ASI,1993,-0.20091666
Asia,OWID_ASI,1994,-0.22579166
Asia,OWID_ASI,1995,-0.26258335
Asia,OWID_ASI,1996,-0.31802082
Asia,OWID_ASI,1997,-0.29758334
Asia,OWID_ASI,1998,-0.3266875
Asia,OWID_ASI,1999,-0.3378125
Asia,OWID_ASI,2000,-0.42558333
Asia,OWID_ASI,2001,-0.468875
Asia,OWID_ASI,2002,-0.45083332
Asia,OWID_ASI,2003,-0.42195833
Asia,OWID_ASI,2004,-0.37520832
Asia,OWID_ASI,2005,-0.3239375
Asia,OWID_ASI,2006,-0.26508334
Asia,OWID_ASI,2007,-0.21904081
Asia,OWID_ASI,2008,-0.17216326
Asia,OWID_ASI,2009,-0.21540816
Asia,OWID_ASI,2010,-0.16395919
Asia,OWID_ASI,2011,-0.100918375
Asia,OWID_ASI,2012,-0.0387347
Asia,OWID_ASI,2013,-0.010142865
Asia,OWID_ASI,2014,0.054693867
Asia,OWID_ASI,2015,0.036408156
Asia,OWID_ASI,2016,0.09991836
Asia,OWID_ASI,2017,0.16467346
Asia,OWID_ASI,2018,0.1957551
Asia,OWID_ASI,2019,0.25553063
Asia,OWID_ASI,2020,0.2272857
Asia,OWID_ASI,2021,0.356
Asia,OWID_ASI,2022,0.34902042
Asia,OWID_ASI,2023,0.41383672
Asia,OWID_ASI,2024,0.34810203
Asia,OWID_ASI,2025,0.20387754
Asia (population-weighted),,1950,-0.18469237
Asia (population-weighted),,1951,-0.00533149
Asia (population-weighted),,1952,-0.0029136182
Asia (population-weighted),,1953,-0.008615312
Asia (population-weighted),,1954,0.086765245
Asia (population-weighted),,1955,0.052854422
Asia (population-weighted),,1956,0.05832788
Asia (population-weighted),,1957,-0.11831101
Asia (population-weighted),,1958,-0.10365587
Asia (population-weighted),,1959,-0.099963225
Asia (population-weighted),,1960,-0.03380065
Asia (population-weighted),,1961,-0.10354856
Asia (population-weighted),,1962,0.09186443
Asia (population-weighted),,1963,0.117211804
Asia (population-weighted),,1964,0.14028162
Asia (population-weighted),,1965,0.27334112
Asia (population-weighted),,1966,0.8904024
Asia (population-weighted),,1967,0.8281548
Asia (population-weighted),,1968,0.8483196
Asia (population-weighted),,1969,0.8236591
Asia (population-weighted),,1970,0.6880686
Asia (population-weighted),,1971,0.8970446
Asia (population-weighted),,1972,0.89427817
Asia (population-weighted),,1973,0.88946986
Asia (population-weighted),,1974,0.855332
Asia (population-weighted),,1975,0.9821245
Asia (population-weighted),,1976,0.8693904
Asia (population-weighted),,1977,0.43485337
Asia (population-weighted),,1978,0.18092453
Asia (population-weighted),,1979,-0.24572678
Asia (population-weighted),,1980,-0.39586177
Asia (population-weighted),,1981,-0.40950072
Asia (population-weighted),,1982,-0.40037712
Asia (population-weighted),,1983,-0.39929745
Asia (population-weighted),,1984,-0.18802764
Asia (population-weighted),,1985,-0.26087075
Asia (population-weighted),,1986,-0.38511917
Asia (population-weighted),,1987,-0.39001238
Asia (population-weighted),,1988,-0.5004641
Asia (population-weighted),,1989,0.054316692
Asia (population-weighted),,1990,-0.18457724
Asia (population-weighted),,1991,-0.25037318
Asia (population-weighted),,1992,-0.13634256
Asia (population-weighted),,1993,-0.28583398
Asia (population-weighted),,1994,-0.30180135
Asia (population-weighted),,1995,-0.3381353
Asia (population-weighted),,1996,-0.34159943
Asia (population-weighted),,1997,-0.34133524
Asia (population-weighted),,1998,-0.31779355
Asia (population-weighted),,1999,-0.3226352
Asia (population-weighted),,2000,-0.44825307
Asia (population-weighted),,2001,-0.32275525
Asia (population-weighted),,2002,-0.36064184
Asia (population-weighted),,2003,-0.43203107
Asia (population-weighted),,2004,-0.40351972
Asia (population-weighted),,2005,-0.49017727
Asia (population-weighted),,2006,-0.46422067
Asia (population-weighted),,2007,-0.46597993
Asia (population-weighted),,2008,-0.38801062
Asia (population-weighted),,2009,-0.3460415
Asia (population-weighted),,2010,-0.3543543
Asia (population-weighted),,2011,-0.3450017
Asia (population-weighted),,2012,-0.26627445
Asia (population-weighted),,2013,-0.15542163
Asia (population-weighted),,2014,0.2906635
Asia (population-weighted),,2015,0.36152464
Asia (population-weighted),,2016,0.48097667
Asia (population-weighted),,2017,0.5521945
Asia (population-weighted),,2018,0.5695886
Asia (population-weighted),,2019,0.58057624
Asia (population-weighted),,2020,0.3300254
Asia (population-weighted),,2021,0.49703532
Asia (population-weighted),,2022,0.5714495
Asia (population-weighted),,2023,1.0228318
Asia (population-weighted),,2024,0.9858292
Asia (population-weighted),,2025,0.8973967
Australia,AUS,1950,-1.742
Australia,AUS,1951,-1.742
Australia,AUS,1952,-1.742
Australia,AUS,1953,-1.742
Australia,AUS,1954,-1.742
Australia,AUS,1955,-1.742
Australia,AUS,1956,-1.742
Australia,AUS,1957,-1.742
Australia,AUS,1958,-1.742
Australia,AUS,1959,-1.742
Australia,AUS,1960,-1.742
Australia,AUS,1961,-1.742
Australia,AUS,1962,-1.742
Australia,AUS,1963,-1.742
Australia,AUS,1964,-1.742
Australia,AUS,1965,-1.742
Australia,AUS,1966,-1.742
Australia,AUS,1967,-1.476
Australia,AUS,1968,-1.476
Australia,AUS,1969,-1.476
Australia,AUS,1970,-1.114
Australia,AUS,1971,-1.114
Australia,AUS,1972,-1.114
Australia,AUS,1973,-1.114
Australia,AUS,1974,-1.114
Australia,AUS,1975,-1.114
Australia,AUS,1976,-1.114
Australia,AUS,1977,-1.114
Australia,AUS,1978,-1.114
Australia,AUS,1979,-1.114
Australia,AUS,1980,-1.114
Australia,AUS,1981,-1.114
Australia,AUS,1982,-1.114
Australia,AUS,1983,-1.114
Australia,AUS,1984,-1.114
Australia,AUS,1985,-1.114
Australia,AUS,1986,-1.114
Australia,AUS,1987,-1.114
Australia,AUS,1988,-1.114
Australia,AUS,1989,-1.114
Australia,AUS,1990,-1.114
Australia,AUS,1991,-1.114
Australia,AUS,1992,-1.114
Australia,AUS,1993,-1.331
Australia,AUS,1994,-1.331
Australia,AUS,1995,-1.331
Australia,AUS,1996,-1.109
Australia,AUS,1997,-1.109
Australia,AUS,1998,-1.109
Australia,AUS,1999,-1.109
Australia,AUS,2000,-1.179
Australia,AUS,2001,-1.179
Australia,AUS,2002,-1.179
Australia,AUS,2003,-1.179
Australia,AUS,2004,-1.179
Australia,AUS,2005,-1.179
Australia,AUS,2006,-1.179
Australia,AUS,2007,-1.179
Australia,AUS,2008,-1.179
Australia,AUS,2009,-1.179
Australia,AUS,2010,-1.179
Australia,AUS,2011,-1.179
Australia,AUS,2012,-1.179
Australia,AUS,2013,-1.179
Australia,AUS,2014,-1.099
Australia,AUS,2015,-1.099
Australia,AUS,2016,-1.099
Australia,AUS,2017,-1.099
Australia,AUS,2018,-1.099
Australia,AUS,2019,-1.099
Australia,AUS,2020,-1.099
Australia,AUS,2021,-1.158
Australia,AUS,2022,-1.158
Australia,AUS,2023,-1.158
Australia,AUS,2024,-1.158
Australia,AUS,2025,-1.158
Austria,AUT,1950,-0.252
Austria,AUT,1951,-0.252
Austria,AUT,1952,-0.252
Austria,AUT,1953,-0.252
Austria,AUT,1954,-0.252
Austria,AUT,1955,-0.252
Austria,AUT,1956,-0.252
Austria,AUT,1957,-0.252
Austria,AUT,1958,-0.252
Austria,AUT,1959,-0.252
Austria,AUT,1960,-0.252
Austria,AUT,1961,-0.252
Austria,AUT,1962,-0.252
Austria,AUT,1963,-0.252
Austria,AUT,1964,-0.252
Austria,AUT,1965,-0.252
Austria,AUT,1966,-0.168
Austria,AUT,1967,-0.168
Austria,AUT,1968,-0.168
Austria,AUT,1969,-0.168
Austria,AUT,1970,-0.876
Austria,AUT,1971,-0.876
Austria,AUT,1972,-0.876
Austria,AUT,1973,-0.876
Austria,AUT,1974,-0.876
Austria,AUT,1975,-0.876
Austria,AUT,1976,-0.876
Austria,AUT,1977,-1.037
Austria,AUT,1978,-1.037
Austria,AUT,1979,-1.037
Austria,AUT,1980,-1.037
Austria,AUT,1981,-1.037
Austria,AUT,1982,-1.037
Austria,AUT,1983,-1.037
Austria,AUT,1984,-1.037
Austria,AUT,1985,-1.037
Austria,AUT,1986,-1.037
Austria,AUT,1987,-1.037
Austria,AUT,1988,-1.037
Austria,AUT,1989,-1.037
Austria,AUT,1990,-0.891
Austria,AUT,1991,-0.891
Austria,AUT,1992,-0.891
Austria,AUT,1993,-0.891
Austria,AUT,1994,-0.891
Austria,AUT,1995,-0.891
Austria,AUT,1996,-0.891
Austria,AUT,1997,-0.891
Austria,AUT,1998,-0.891
Austria,AUT,1999,-0.891
Austria,AUT,2000,-0.515
Austria,AUT,2001,-0.515
Austria,AUT,2002,-0.515
Austria,AUT,2003,-0.515
Austria,AUT,2004,-0.515
Austria,AUT,2005,-0.515
Austria,AUT,2006,-0.515
Austria,AUT,2007,-0.515
Austria,AUT,2008,-0.515
Austria,AUT,2009,-0.515
Austria,AUT,2010,-0.515
Austria,AUT,2011,-0.515
Austria,AUT,2012,-0.515
Austria,AUT,2013,-0.515
Austria,AUT,2014,-0.515
Austria,AUT,2015,-0.364
Austria,AUT,2016,-0.403
Austria,AUT,2017,-0.403
Austria,AUT,2018,-0.403
Austria,AUT,2019,-0.403
Austria,AUT,2020,-0.543
Austria,AUT,2021,-0.361
Austria,AUT,2022,-0.361
Austria,AUT,2023,-0.237
Austria,AUT,2024,-0.226
Austria,AUT,2025,-0.088
Azerbaijan,AZE,1950,0.978
Azerbaijan,AZE,1951,0.978
Azerbaijan,AZE,1952,0.978
Azerbaijan,AZE,1953,0.978
Azerbaijan,AZE,1954,0.978
Azerbaijan,AZE,1955,0.88
Azerbaijan,AZE,1956,0.88
Azerbaijan,AZE,1957,0.88
Azerbaijan,AZE,1958,0.88
Azerbaijan,AZE,1959,0.88
Azerbaijan,AZE,1960,0.429
Azerbaijan,AZE,1961,0.429
Azerbaijan,AZE,1962,0.429
Azerbaijan,AZE,1963,0.429
Azerbaijan,AZE,1964,0.429
Azerbaijan,AZE,1965,0.429
Azerbaijan,AZE,1966,0.429
Azerbaijan,AZE,1967,0.429
Azerbaijan,AZE,1968,0.429
Azerbaijan,AZE,1969,0.37
Azerbaijan,AZE,1970,0.37
Azerbaijan,AZE,1971,0.37
Azerbaijan,AZE,1972,0.37
Azerbaijan,AZE,1973,0.37
Azerbaijan,AZE,1974,0.37
Azerbaijan,AZE,1975,0.37
Azerbaijan,AZE,1976,0.37
Azerbaijan,AZE,1977,0.37
Azerbaijan,AZE,1978,0.37
Azerbaijan,AZE,1979,0.37
Azerbaijan,AZE,1980,0.37
Azerbaijan,AZE,1981,0.37
Azerbaijan,AZE,1982,0.37
Azerbaijan,AZE,1983,0.37
Azerbaijan,AZE,1984,0.199
Azerbaijan,AZE,1985,0.159
Azerbaijan,AZE,1986,0.159
Azerbaijan,AZE,1987,0.233
Azerbaijan,AZE,1988,0.058
Azerbaijan,AZE,1989,0.122
Azerbaijan,AZE,1990,1.59
Azerbaijan,AZE,1991,1.478
Azerbaijan,AZE,1992,1.268
Azerbaijan,AZE,1993,1.569
Azerbaijan,AZE,1994,1.127
Azerbaijan,AZE,1995,1.127
Azerbaijan,AZE,1996,0.397
Azerbaijan,AZE,1997,0.258
Azerbaijan,AZE,1998,0.258
Azerbaijan,AZE,1999,0.258
Azerbaijan,AZE,2000,0.258
Azerbaijan,AZE,2001,0.258
Azerbaijan,AZE,2002,0.414
Azerbaijan,AZE,2003,0.457
Azerbaijan,AZE,2004,0.369
Azerbaijan,AZE,2005,0.369
Azerbaijan,AZE,2006,0.292
Azerbaijan,AZE,2007,0.292
Azerbaijan,AZE,2008,0.25
Azerbaijan,AZE,2009,0.25
Azerbaijan,AZE,2010,0.25
Azerbaijan,AZE,2011,0.25
Azerbaijan,AZE,2012,0.25
Azerbaijan,AZE,2013,0.405
Azerbaijan,AZE,2014,0.533
Azerbaijan,AZE,2015,0.569
Azerbaijan,AZE,2016,0.569
Azerbaijan,AZE,2017,0.448
Azerbaijan,AZE,2018,0.422
Azerbaijan,AZE,2019,0.422
Azerbaijan,AZE,2020,0.944
Azerbaijan,AZE,2021,1.087
Azerbaijan,AZE,2022,0.859
Azerbaijan,AZE,2023,1.04
Azerbaijan,AZE,2024,1.468
Azerbaijan,AZE,2025,2.178
Bahrain,BHR,1950,0.676
Bahrain,BHR,1951,0.676
Bahrain,BHR,1952,0.676
Bahrain,BHR,1953,0.676
Bahrain,BHR,1954,0.008
Bahrain,BHR,1955,0.008
Bahrain,BHR,1956,0.008
Bahrain,BHR,1957,0.008
Bahrain,BHR,1958,0.008
Bahrain,BHR,1959,0.008
Bahrain,BHR,1960,0.008
Bahrain,BHR,1961,0.008
Bahrain,BHR,1962,0.008
Bahrain,BHR,1963,0.008
Bahrain,BHR,1964,0.008
Bahrain,BHR,1965,0.008
Bahrain,BHR,1966,0.008
Bahrain,BHR,1967,0.008
Bahrain,BHR,1968,0.008
Bahrain,BHR,1969,0.008
Bahrain,BHR,1970,0.008
Bahrain,BHR,1971,-0.113
Bahrain,BHR,1972,-0.113
Bahrain,BHR,1973,-0.149
Bahrain,BHR,1974,-0.149
Bahrain,BHR,1975,-0.149
Bahrain,BHR,1976,-0.028
Bahrain,BHR,1977,-0.028
Bahrain,BHR,1978,-0.028
Bahrain,BHR,1979,0.601
Bahrain,BHR,1980,0.806
Bahrain,BHR,1981,0.95
Bahrain,BHR,1982,0.95
Bahrain,BHR,1983,0.95
Bahrain,BHR,1984,0.95
Bahrain,BHR,1985,0.95
Bahrain,BHR,1986,0.95
Bahrain,BHR,1987,0.95
Bahrain,BHR,1988,0.95
Bahrain,BHR,1989,0.95
Bahrain,BHR,1990,1.127
Bahrain,BHR,1991,1.127
Bahrain,BHR,1992,1.127
Bahrain,BHR,1993,1.127
Bahrain,BHR,1994,1.127
Bahrain,BHR,1995,1.127
Bahrain,BHR,1996,1.127
Bahrain,BHR,1997,1.127
Bahrain,BHR,1998,1.127
Bahrain,BHR,1999,1.127
Bahrain,BHR,2000,1.127
Bahrain,BHR,2001,0.505
Bahrain,BHR,2002,0.505
Bahrain,BHR,2003,0.505
Bahrain,BHR,2004,0.505
Bahrain,BHR,2005,0.505
Bahrain,BHR,2006,0.505
Bahrain,BHR,2007,0.505
Bahrain,BHR,2008,0.505
Bahrain,BHR,2009,0.689
Bahrain,BHR,2010,1.164
Bahrain,BHR,2011,2.269
Bahrain,BHR,2012,2.269
Bahrain,BHR,2013,2.269
Bahrain,BHR,2014,2.269
Bahrain,BHR,2015,2.207
Bahrain,BHR,2016,2.207
Bahrain,BHR,2017,2.002
Bahrain,BHR,2018,1.682
Bahrain,BHR,2019,1.682
Bahrain,BHR,2020,1.363
Bahrain,BHR,2021,1.363
Bahrain,BHR,2022,1.363
Bahrain,BHR,2023,1.363
Bahrain,BHR,2024,1.363
Bahrain,BHR,2025,1.363
Bangladesh,BGD,1950,-2.097
Bangladesh,BGD,1951,-1.771
Bangladesh,BGD,1952,-1.771
Bangladesh,BGD,1953,-1.771
Bangladesh,BGD,1954,-1.442
Bangladesh,BGD,1955,-1.442
Bangladesh,BGD,1956,-1.442
Bangladesh,BGD,1957,-1.442
Bangladesh,BGD,1958,-1.442
Bangladesh,BGD,1959,-1.442
Bangladesh,BGD,1960,-1.442
Bangladesh,BGD,1961,-1.442
Bangladesh,BGD,1962,-1.442
Bangladesh,BGD,1963,-1.442
Bangladesh,BGD,1964,-1.442
Bangladesh,BGD,1965,-1.442
Bangladesh,BGD,1966,-1.213
Bangladesh,BGD,1967,-0.842
Bangladesh,BGD,1968,-0.766
Bangladesh,BGD,1969,-0.634
Bangladesh,BGD,1970,-0.558
Bangladesh,BGD,1971,0.622
Bangladesh,BGD,1972,0.827
Bangladesh,BGD,1973,0.892
Bangladesh,BGD,1974,0.892
Bangladesh,BGD,1975,0.964
Bangladesh,BGD,1976,0.975
Bangladesh,BGD,1977,0.975
Bangladesh,BGD,1978,0.975
Bangladesh,BGD,1979,0.975
Bangladesh,BGD,1980,1.241
Bangladesh,BGD,1981,1.241
Bangladesh,BGD,1982,1.241
Bangladesh,BGD,1983,1.241
Bangladesh,BGD,1984,1.241
Bangladesh,BGD,1985,1.241
Bangladesh,BGD,1986,0.973
Bangladesh,BGD,1987,0.973
Bangladesh,BGD,1988,0.973
Bangladesh,BGD,1989,0.973
Bangladesh,BGD,1990,0.973
Bangladesh,BGD,1991,0.799
Bangladesh,BGD,1992,0.799
Bangladesh,BGD,1993,0.799
Bangladesh,BGD,1994,0.799
Bangladesh,BGD,1995,0.799
Bangladesh,BGD,1996,0.799
Bangladesh,BGD,1997,0.799
Bangladesh,BGD,1998,0.799
Bangladesh,BGD,1999,0.799
Bangladesh,BGD,2000,0.862
Bangladesh,BGD,2001,0.862
Bangladesh,BGD,2002,0.862
Bangladesh,BGD,2003,0.862
Bangladesh,BGD,2004,0.862
Bangladesh,BGD,2005,0.862
Bangladesh,BGD,2006,0.862
Bangladesh,BGD,2007,0.937
Bangladesh,BGD,2008,0.937
Bangladesh,BGD,2009,0.833
Bangladesh,BGD,2010,1.301
Bangladesh,BGD,2011,1.301
Bangladesh,BGD,2012,1.301
Bangladesh,BGD,2013,1.301
Bangladesh,BGD,2014,1.301
Bangladesh,BGD,2015,1.404
Bangladesh,BGD,2016,1.404
Bangladesh,BGD,2017,1.404
Bangladesh,BGD,2018,1.404
Bangladesh,BGD,2019,1.404
Bangladesh,BGD,2020,1.404
Bangladesh,BGD,2021,1.404
Bangladesh,BGD,2022,2.656
Bangladesh,BGD,2023,2.656
Bangladesh,BGD,2024,3.207
Bangladesh,BGD,2025,2.366
Barbados,BRB,1950,-1.361
Barbados,BRB,1951,-1.361
Barbados,BRB,1952,-1.361
Barbados,BRB,1953,-1.361
Barbados,BRB,1954,-2.004
Barbados,BRB,1955,-2.004
Barbados,BRB,1956,-2.004
Barbados,BRB,1957,-2.004
Barbados,BRB,1958,-2.004
Barbados,BRB,1959,-2.004
Barbados,BRB,1960,-2.004
Barbados,BRB,1961,-2.004
Barbados,BRB,1962,-2.004
Barbados,BRB,1963,-2.004
Barbados,BRB,1964,-2.004
Barbados,BRB,1965,-2.004
Barbados,BRB,1966,-3.149
Barbados,BRB,1967,-3.149
Barbados,BRB,1968,-3.149
Barbados,BRB,1969,-3.149
Barbados,BRB,1970,-3.149
Barbados,BRB,1971,-3.149
Barbados,BRB,1972,-3.149
Barbados,BRB,1973,-3.149
Barbados,BRB,1974,-3.149
Barbados,BRB,1975,-3.149
Barbados,BRB,1976,-3.149
Barbados,BRB,1977,-3.149
Barbados,BRB,1978,-3.149
Barbados,BRB,1979,-3.149
Barbados,BRB,1980,-3.149
Barbados,BRB,1981,-3.149
Barbados,BRB,1982,-3.149
Barbados,BRB,1983,-3.149
Barbados,BRB,1984,-3.67
Barbados,BRB,1985,-3.67
Barbados,BRB,1986,-3.67
Barbados,BRB,1987,-3.67
Barbados,BRB,1988,-3.67
Barbados,BRB,1989,-3.67
Barbados,BRB,1990,-2.781
Barbados,BRB,1991,-2.781
Barbados,BRB,1992,-2.781
Barbados,BRB,1993,-3.543
Barbados,BRB,1994,-3.543
Barbados,BRB,1995,-3.543
Barbados,BRB,1996,-3.543
Barbados,BRB,1997,-3.543
Barbados,BRB,1998,-3.543
Barbados,BRB,1999,-3.543
Barbados,BRB,2000,-3.543
Barbados,BRB,2001,-3.543
Barbados,BRB,2002,-3.543
Barbados,BRB,2003,-3.543
Barbados,BRB,2004,-3.543
Barbados,BRB,2005,-3.543
Barbados,BRB,2006,-3.543
Barbados,BRB,2007,-3.543
Barbados,BRB,2008,-3.543
Barbados,BRB,2009,-3.543
Barbados,BRB,2010,-3.543
Barbados,BRB,2011,-3.064
Barbados,BRB,2012,-3.546
Barbados,BRB,2013,-3.546
Barbados,BRB,2014,-3.546
Barbados,BRB,2015,-3.546
Barbados,BRB,2016,-3.546
Barbados,BRB,2017,-3.546
Barbados,BRB,2018,-2.737
Barbados,BRB,2019,-3.091
Barbados,BRB,2020,-2.49
Barbados,BRB,2021,-2.49
Barbados,BRB,2022,-1.777
Barbados,BRB,2023,-1.777
Barbados,BRB,2024,-1.777
Belarus,BLR,1950,0.978
Belarus,BLR,1951,0.978
Belarus,BLR,1952,0.978
Belarus,BLR,1953,0.978
Belarus,BLR,1954,0.978
Belarus,BLR,1955,0.88
Belarus,BLR,1956,0.88
Belarus,BLR,1957,0.88
Belarus,BLR,1958,0.88
Belarus,BLR,1959,0.88
Belarus,BLR,1960,0.429
Belarus,BLR,1961,0.429
Belarus,BLR,1962,0.429
Belarus,BLR,1963,0.429
Belarus,BLR,1964,0.429
Belarus,BLR,1965,0.429
Belarus,BLR,1966,0.429
Belarus,BLR,1967,0.429
Belarus,BLR,1968,0.429
Belarus,BLR,1969,0.37
Belarus,BLR,1970,0.37
Belarus,BLR,1971,0.37
Belarus,BLR,1972,0.37
Belarus,BLR,1973,0.37
Belarus,BLR,1974,0.37
Belarus,BLR,1975,0.37
Belarus,BLR,1976,0.37
Belarus,BLR,1977,0.37
Belarus,BLR,1978,0.37
Belarus,BLR,1979,0.37
Belarus,BLR,1980,0.37
Belarus,BLR,1981,0.37
Belarus,BLR,1982,0.37
Belarus,BLR,1983,0.37
Belarus,BLR,1984,0.199
Belarus,BLR,1985,0.159
Belarus,BLR,1986,0.159
Belarus,BLR,1987,0.233
Belarus,BLR,1988,0.058
Belarus,BLR,1989,0.122
Belarus,BLR,1990,0.26
Belarus,BLR,1991,0.26
Belarus,BLR,1992,0.027
Belarus,BLR,1993,0.027
Belarus,BLR,1994,0.335
Belarus,BLR,1995,0.744
Belarus,BLR,1996,0.744
Belarus,BLR,1997,1.331
Belarus,BLR,1998,1.331
Belarus,BLR,1999,1.331
Belarus,BLR,2000,1.192
Belarus,BLR,2001,1.192
Belarus,BLR,2002,1.192
Belarus,BLR,2003,1.022
Belarus,BLR,2004,1.022
Belarus,BLR,2005,1.067
Belarus,BLR,2006,1.427
Belarus,BLR,2007,1.014
Belarus,BLR,2008,1.014
Belarus,BLR,2009,1.212
Belarus,BLR,2010,1.43
Belarus,BLR,2011,1.287
Belarus,BLR,2012,1.287
Belarus,BLR,2013,1
Belarus,BLR,2014,1
Belarus,BLR,2015,1
Belarus,BLR,2016,1
Belarus,BLR,2017,1
Belarus,BLR,2018,1
Belarus,BLR,2019,1
Belarus,BLR,2020,3.183
Belarus,BLR,2021,3.183
Belarus,BLR,2022,3.183
Belarus,BLR,2023,3.183
Belarus,BLR,2024,3.183
Belarus,BLR,2025,3.183
Belgium,BEL,1950,-1.138
Belgium,BEL,1951,-1.216
Belgium,BEL,1952,-1.216
Belgium,BEL,1953,-1.216
Belgium,BEL,1954,-1.216
Belgium,BEL,1955,-1.216
Belgium,BEL,1956,-1.216
Belgium,BEL,1957,-1.216
Belgium,BEL,1958,-1.216
Belgium,BEL,1959,-1.216
Belgium,BEL,1960,-1.216
Belgium,BEL,1961,-1.216
Belgium,BEL,1962,-1.657
Belgium,BEL,1963,-1.657
Belgium,BEL,1964,-1.657
Belgium,BEL,1965,-1.657
Belgium,BEL,1966,-1.657
Belgium,BEL,1967,-1.213
Belgium,BEL,1968,-1.213
Belgium,BEL,1969,-1.213
Belgium,BEL,1970,-1.726
Belgium,BEL,1971,-1.726
Belgium,BEL,1972,-1.726
Belgium,BEL,1973,-1.726
Belgium,BEL,1974,-1.726
Belgium,BEL,1975,-1.726
Belgium,BEL,1976,-1.726
Belgium,BEL,1977,-1.507
Belgium,BEL,1978,-1.507
Belgium,BEL,1979,-1.507
Belgium,BEL,1980,-1.73
Belgium,BEL,1981,-1.73
Belgium,BEL,1982,-1.73
Belgium,BEL,1983,-1.73
Belgium,BEL,1984,-1.73
Belgium,BEL,1985,-1.73
Belgium,BEL,1986,-1.73
Belgium,BEL,1987,-1.73
Belgium,BEL,1988,-1.73
Belgium,BEL,1989,-1.73
Belgium,BEL,1990,-1.975
Belgium,BEL,1991,-1.975
Belgium,BEL,1992,-1.975
Belgium,BEL,1993,-1.975
Belgium,BEL,1994,-1.839
Belgium,BEL,1995,-1.839
Belgium,BEL,1996,-1.839
Belgium,BEL,1997,-1.839
Belgium,BEL,1998,-1.839
Belgium,BEL,1999,-1.839
Belgium,BEL,2000,-1.839
Belgium,BEL,2001,-1.839
Belgium,BEL,2002,-1.839
Belgium,BEL,2003,-1.839
Belgium,BEL,2004,-1.839
Belgium,BEL,2005,-1.839
Belgium,BEL,2006,-1.782
Belgium,BEL,2007,-1.782
Belgium,BEL,2008,-1.782
Belgium,BEL,2009,-1.782
Belgium,BEL,2010,-1.596
Belgium,BEL,2011,-1.596
Belgium,BEL,2012,-1.596
Belgium,BEL,2013,-1.596
Belgium,BEL,2014,-1.596
Belgium,BEL,2015,-1.596
Belgium,BEL,2016,-1.596
Belgium,BEL,2017,-1.596
Belgium,BEL,2018,-1.596
Belgium,BEL,2019,-1.596
Belgium,BEL,2020,-1.639
Belgium,BEL,2021,-0.747
Belgium,BEL,2022,-0.747
Belgium,BEL,2023,-0.747
Belgium,BEL,2024,-0.666
Belgium,BEL,2025,-0.98
Benin,BEN,1950,-0.6
Benin,BEN,1951,-0.6
Benin,BEN,1952,-0.6
Benin,BEN,1953,-0.6
Benin,BEN,1954,-0.6
Benin,BEN,1955,-0.6
Benin,BEN,1956,-0.6
Benin,BEN,1957,-0.6
Benin,BEN,1958,-0.6
Benin,BEN,1959,-0.6
Benin,BEN,1960,-0.014
Benin,BEN,1961,-0.014
Benin,BEN,1962,-0.014
Benin,BEN,1963,-0.014
Benin,BEN,1964,-0.014
Benin,BEN,1965,-0.014
Benin,BEN,1966,-0.014
Benin,BEN,1967,-0.014
Benin,BEN,1968,-0.014
Benin,BEN,1969,-0.014
Benin,BEN,1970,-0.014
Benin,BEN,1971,-0.014
Benin,BEN,1972,0.349
Benin,BEN,1973,0.349
Benin,BEN,1974,0.349
Benin,BEN,1975,0.349
Benin,BEN,1976,0.303
Benin,BEN,1977,0.303
Benin,BEN,1978,0.303
Benin,BEN,1979,0.303
Benin,BEN,1980,0.303
Benin,BEN,1981,0.303
Benin,BEN,1982,0.303
Benin,BEN,1983,0.303
Benin,BEN,1984,0.303
Benin,BEN,1985,0.303
Benin,BEN,1986,0.303
Benin,BEN,1987,0.303
Benin,BEN,1988,0.373
Benin,BEN,1989,0.373
Benin,BEN,1990,-1.443
Benin,BEN,1991,-1.34
Benin,BEN,1992,-1.34
Benin,BEN,1993,-1.214
Benin,BEN,1994,-1.214
Benin,BEN,1995,-1.214
Benin,BEN,1996,-1.309
Benin,BEN,1997,-1.309
Benin,BEN,1998,-1.309
Benin,BEN,1999,-1.309
Benin,BEN,2000,-1.309
Benin,BEN,2001,-1.217
Benin,BEN,2002,-1.217
Benin,BEN,2003,-1.217
Benin,BEN,2004,-1.317
Benin,BEN,2005,-1.317
Benin,BEN,2006,-1.42
Benin,BEN,2007,-1.42
Benin,BEN,2008,-1.305
Benin,BEN,2009,-1.213
Benin,BEN,2010,-1.213
Benin,BEN,2011,-1.13
Benin,BEN,2012,-1.13
Benin,BEN,2013,-1.13
Benin,BEN,2014,-1.13
Benin,BEN,2015,-1.13
Benin,BEN,2016,-0.468
Benin,BEN,2017,-0.468
Benin,BEN,2018,-0.451
Benin,BEN,2019,-0.212
Benin,BEN,2020,-0.243
Benin,BEN,2021,-0.243
Benin,BEN,2022,-0.243
Benin,BEN,2023,-0.225
Benin,BEN,2024,-0.154
Benin,BEN,2025,-0.273
Bhutan,BTN,1950,-2.829
Bhutan,BTN,1951,-2.631
Bhutan,BTN,1952,-2.631
Bhutan,BTN,1953,-2.631
Bhutan,BTN,1954,-2.631
Bhutan,BTN,1955,-2.631
Bhutan,BTN,1956,-2.631
Bhutan,BTN,1957,-2.631
Bhutan,BTN,1958,-2.631
Bhutan,BTN,1959,-2.631
Bhutan,BTN,1960,-2.631
Bhutan,BTN,1961,-2.631
Bhutan,BTN,1962,-2.631
Bhutan,BTN,1963,-2.631
Bhutan,BTN,1964,-2.631
Bhutan,BTN,1965,-2.631
Bhutan,BTN,1966,-2.631
Bhutan,BTN,1967,-2.631
Bhutan,BTN,1968,-2.631
Bhutan,BTN,1969,-2.631
Bhutan,BTN,1970,-2.631
Bhutan,BTN,1971,-2.631
Bhutan,BTN,1972,-2.631
Bhutan,BTN,1973,-2.631
Bhutan,BTN,1974,-2.631
Bhutan,BTN,1975,-2.631
Bhutan,BTN,1976,-2.631
Bhutan,BTN,1977,-2.631
Bhutan,BTN,1978,-2.631
Bhutan,BTN,1979,-2.631
Bhutan,BTN,1980,-2.175
Bhutan,BTN,1981,-2.175
Bhutan,BTN,1982,-2.175
Bhutan,BTN,1983,-2.175
Bhutan,BTN,1984,-2.175
Bhutan,BTN,1985,-2.175
Bhutan,BTN,1986,-2.175
Bhutan,BTN,1987,-2.175
Bhutan,BTN,1988,-2.175
Bhutan,BTN,1989,-2.175
Bhutan,BTN,1990,-2.175
Bhutan,BTN,1991,-2.175
Bhutan,BTN,1992,-2.175
Bhutan,BTN,1993,-2.175
Bhutan,BTN,1994,-2.175
Bhutan,BTN,1995,-3.071
Bhutan,BTN,1996,-3.071
Bhutan,BTN,1997,-3.071
Bhutan,BTN,1998,-3.071
Bhutan,BTN,1999,-3.071
Bhutan,BTN,2000,-2.376
Bhutan,BTN,2001,-2.376
Bhutan,BTN,2002,-2.376
Bhutan,BTN,2003,-2.376
Bhutan,BTN,2004,-2.376
Bhutan,BTN,2005,-2.333
Bhutan,BTN,2006,-2.333
Bhutan,BTN,2007,-2.333
Bhutan,BTN,2008,-1.491
Bhutan,BTN,2009,-1.491
Bhutan,BTN,2010,-1.178
Bhutan,BTN,2011,-1.178
Bhutan,BTN,2012,-1.178
Bhutan,BTN,2013,-1.178
Bhutan,BTN,2014,-1.178
Bhutan,BTN,2015,-1.178
Bhutan,BTN,2016,-1.178
Bhutan,BTN,2017,-1.178
Bhutan,BTN,2018,-1.178
Bhutan,BTN,2019,-1.178
Bhutan,BTN,2020,-1.178
Bhutan,BTN,2021,-1.176
Bhutan,BTN,2022,-1.176
Bhutan,BTN,2023,-1.176
Bhutan,BTN,2024,-0.894
Bhutan,BTN,2025,-0.894
Bolivia,BOL,1950,0.86
Bolivia,BOL,1951,1.35
Bolivia,BOL,1952,1.708
Bolivia,BOL,1953,1.708
Bolivia,BOL,1954,1.51
Bolivia,BOL,1955,1.51
Bolivia,BOL,1956,1.51
Bolivia,BOL,1957,1.235
Bolivia,BOL,1958,1.413
Bolivia,BOL,1959,1.219
Bolivia,BOL,1960,1.219
Bolivia,BOL,1961,1.219
Bolivia,BOL,1962,1.219
Bolivia,BOL,1963,1.219
Bolivia,BOL,1964,1.219
Bolivia,BOL,1965,0.682
Bolivia,BOL,1966,0.682
Bolivia,BOL,1967,0.682
Bolivia,BOL,1968,0.682
Bolivia,BOL,1969,0.682
Bolivia,BOL,1970,1.382
Bolivia,BOL,1971,1.967
Bolivia,BOL,1972,1.967
Bolivia,BOL,1973,1.967
Bolivia,BOL,1974,1.967
Bolivia,BOL,1975,1.967
Bolivia,BOL,1976,1.967
Bolivia,BOL,1977,1.967
Bolivia,BOL,1978,1.967
Bolivia,BOL,1979,1.66
Bolivia,BOL,1980,1.976
Bolivia,BOL,1981,1.797
Bolivia,BOL,1982,1.346
Bolivia,BOL,1983,0.226
Bolivia,BOL,1984,0.226
Bolivia,BOL,1985,-0.079
Bolivia,BOL,1986,-0.079
Bolivia,BOL,1987,-0.079
Bolivia,BOL,1988,-0.278
Bolivia,BOL,1989,-0.278
Bolivia,BOL,1990,-0.278
Bolivia,BOL,1991,-0.278
Bolivia,BOL,1992,-0.278
Bolivia,BOL,1993,-0.278
Bolivia,BOL,1994,-0.082
Bolivia,BOL,1995,-0.082
Bolivia,BOL,1996,-0.082
Bolivia,BOL,1997,-0.285
Bolivia,BOL,1998,-0.285
Bolivia,BOL,1999,-0.285
Bolivia,BOL,2000,-0.285
Bolivia,BOL,2001,-0.285
Bolivia,BOL,2002,-0.07
Bolivia,BOL,2003,0.555
Bolivia,BOL,2004,0.555
Bolivia,BOL,2005,0.435
Bolivia,BOL,2006,0.847
Bolivia,BOL,2007,1.307
Bolivia,BOL,2008,1.407
Bolivia,BOL,2009,0.925
Bolivia,BOL,2010,0.771
Bolivia,BOL,2011,0.771
Bolivia,BOL,2012,0.555
Bolivia,BOL,2013,0.555
Bolivia,BOL,2014,0.555
Bolivia,BOL,2015,0.555
Bolivia,BOL,2016,1.315
Bolivia,BOL,2017,1.315
Bolivia,BOL,2018,1.315
Bolivia,BOL,2019,2.363
Bolivia,BOL,2020,3.402
Bolivia,BOL,2021,2.257
Bolivia,BOL,2022,2.975
Bolivia,BOL,2023,1.986
Bolivia,BOL,2024,2.224
Bolivia,BOL,2025,1.617
Bosnia and Herzegovina,BIH,1950,-0.412
Bosnia and Herzegovina,BIH,1951,-0.412
Bosnia and Herzegovina,BIH,1952,-0.412
Bosnia and Herzegovina,BIH,1953,-0.412
Bosnia and Herzegovina,BIH,1954,-0.412
Bosnia and Herzegovina,BIH,1955,-0.412
Bosnia and Herzegovina,BIH,1956,-0.412
Bosnia and Herzegovina,BIH,1957,-0.412
Bosnia and Herzegovina,BIH,1958,-0.412
Bosnia and Herzegovina,BIH,1959,-0.412
Bosnia and Herzegovina,BIH,1960,-0.519
Bosnia and Herzegovina,BIH,1961,-0.519
Bosnia and Herzegovina,BIH,1962,-0.519
Bosnia and Herzegovina,BIH,1963,-0.519
Bosnia and Herzegovina,BIH,1964,-0.519
Bosnia and Herzegovina,BIH,1965,-0.519
Bosnia and Herzegovina,BIH,1966,-0.519
Bosnia and Herzegovina,BIH,1967,-0.519
Bosnia and Herzegovina,BIH,1968,-0.519
Bosnia and Herzegovina,BIH,1969,-0.519
Bosnia and Herzegovina,BIH,1970,-0.101
Bosnia and Herzegovina,BIH,1971,-0.101
Bosnia and Herzegovina,BIH,1972,-0.101
Bosnia and Herzegovina,BIH,1973,-0.101
Bosnia and Herzegovina,BIH,1974,-0.101
Bosnia and Herzegovina,BIH,1975,-0.101
Bosnia and Herzegovina,BIH,1976,-0.101
Bosnia and Herzegovina,BIH,1977,-0.101
Bosnia and Herzegovina,BIH,1978,-0.101
Bosnia and Herzegovina,BIH,1979,-0.101
Bosnia and Herzegovina,BIH,1980,-0.101
Bosnia and Herzegovina,BIH,1981,-0.101
Bosnia and Herzegovina,BIH,1982,-0.101
Bosnia and Herzegovina,BIH,1983,-0.101
Bosnia and Herzegovina,BIH,1984,-0.101
Bosnia and Herzegovina,BIH,1985,-0.101
Bosnia and Herzegovina,BIH,1986,-0.101
Bosnia and Herzegovina,BIH,1987,-0.101
Bosnia and Herzegovina,BIH,1988,-0.101
Bosnia and Herzegovina,BIH,1989,0.584
Bosnia and Herzegovina,BIH,1990,0.681
Bosnia and Herzegovina,BIH,1991,0.681
Bosnia and Herzegovina,BIH,1992,3.17
Bosnia and Herzegovina,BIH,1993,3.17
Bosnia and Herzegovina,BIH,1994,3.17
Bosnia and Herzegovina,BIH,1995,2.534
Bosnia and Herzegovina,BIH,1996,2.386
Bosnia and Herzegovina,BIH,1997,2.386
Bosnia and Herzegovina,BIH,1998,2.386
Bosnia and Herzegovina,BIH,1999,2.386
Bosnia and Herzegovina,BIH,2000,1.287
Bosnia and Herzegovina,BIH,2001,1.287
Bosnia and Herzegovina,BIH,2002,1.287
Bosnia and Herzegovina,BIH,2003,1.287
Bosnia and Herzegovina,BIH,2004,1.287
Bosnia and Herzegovina,BIH,2005,1.287
Bosnia and Herzegovina,BIH,2006,1.287
Bosnia and Herzegovina,BIH,2007,1.347
Bosnia and Herzegovina,BIH,2008,1.347
Bosnia and Herzegovina,BIH,2009,1.264
Bosnia and Herzegovina,BIH,2010,1.183
Bosnia and Herzegovina,BIH,2011,1.24
Bosnia and Herzegovina,BIH,2012,1.24
Bosnia and Herzegovina,BIH,2013,1.24
Bosnia and Herzegovina,BIH,2014,1.24
Bosnia and Herzegovina,BIH,2015,1.24
Bosnia and Herzegovina,BIH,2016,1.24
Bosnia and Herzegovina,BIH,2017,1.24
Bosnia and Herzegovina,BIH,2018,1.24
Bosnia and Herzegovina,BIH,2019,1.24
Bosnia and Herzegovina,BIH,2020,1.161
Bosnia and Herzegovina,BIH,2021,1.21
Bosnia and Herzegovina,BIH,2022,1.169
Bosnia and Herzegovina,BIH,2023,1.231
Bosnia and Herzegovina,BIH,2024,1.209
Bosnia and Herzegovina,BIH,2025,1.209
Botswana,BWA,1950,-1.156
Botswana,BWA,1951,-0.879
Botswana,BWA,1952,-0.879
Botswana,BWA,1953,-0.879
Botswana,BWA,1954,-0.879
Botswana,BWA,1955,-0.879
Botswana,BWA,1956,-0.879
Botswana,BWA,1957,-0.879
Botswana,BWA,1958,-0.879
Botswana,BWA,1959,-1.163
Botswana,BWA,1960,-3.061
Botswana,BWA,1961,-2.572
Botswana,BWA,1962,-2.572
Botswana,BWA,1963,-2.572
Botswana,BWA,1964,-2.572
Botswana,BWA,1965,-2.307
Botswana,BWA,1966,-2.307
Botswana,BWA,1967,-2.307
Botswana,BWA,1968,-2.307
Botswana,BWA,1969,-1.791
Botswana,BWA,1970,-2.763
Botswana,BWA,1971,-2.318
Botswana,BWA,1972,-2.318
Botswana,BWA,1973,-2.318
Botswana,BWA,1974,-2.318
Botswana,BWA,1975,-2.318
Botswana,BWA,1976,-2.318
Botswana,BWA,1977,-2.318
Botswana,BWA,1978,-2.318
Botswana,BWA,1979,-2.765
Botswana,BWA,1980,-2.765
Botswana,BWA,1981,-2.334
Botswana,BWA,1982,-2.334
Botswana,BWA,1983,-2.334
Botswana,BWA,1984,-2.334
Botswana,BWA,1985,-2.334
Botswana,BWA,1986,-2.334
Botswana,BWA,1987,-2.334
Botswana,BWA,1988,-2.334
Botswana,BWA,1989,-2.741
Botswana,BWA,1990,-2.741
Botswana,BWA,1991,-2.026
Botswana,BWA,1992,-2.026
Botswana,BWA,1993,-2.026
Botswana,BWA,1994,-2.026
Botswana,BWA,1995,-2.026
Botswana,BWA,1996,-2.026
Botswana,BWA,1997,-2.026
Botswana,BWA,1998,-2.026
Botswana,BWA,1999,-2.026
Botswana,BWA,2000,-2.727
Botswana,BWA,2001,-1.766
Botswana,BWA,2002,-1.766
Botswana,BWA,2003,-1.766
Botswana,BWA,2004,-1.766
Botswana,BWA,2005,-1.766
Botswana,BWA,2006,-1.766
Botswana,BWA,2007,-1.766
Botswana,BWA,2008,-1.766
Botswana,BWA,2009,-1.766
Botswana,BWA,2010,-2.255
Botswana,BWA,2011,-1.784
Botswana,BWA,2012,-1.784
Botswana,BWA,2013,-1.784
Botswana,BWA,2014,-1.784
Botswana,BWA,2015,-1.784
Botswana,BWA,2016,-1.784
Botswana,BWA,2017,-1.784
Botswana,BWA,2018,-1.638
Botswana,BWA,2019,-1.477
Botswana,BWA,2020,-1.56
Botswana,BWA,2021,-1.194
Botswana,BWA,2022,-1.194
Botswana,BWA,2023,-2.491
Botswana,BWA,2024,-1.817
Botswana,BWA,2025,-1.901
Brazil,BRA,1950,1.044
Brazil,BRA,1951,1.044
Brazil,BRA,1952,1.044
Brazil,BRA,1953,1.044
Brazil,BRA,1954,1.815
Brazil,BRA,1955,1.039
Brazil,BRA,1956,1.039
Brazil,BRA,1957,1.039
Brazil,BRA,1958,1.039
Brazil,BRA,1959,1.039
Brazil,BRA,1960,1.506
Brazil,BRA,1961,1.913
Brazil,BRA,1962,1.913
Brazil,BRA,1963,1.913
Brazil,BRA,1964,3.232
Brazil,BRA,1965,3.232
Brazil,BRA,1966,3.232
Brazil,BRA,1967,3.232
Brazil,BRA,1968,3.232
Brazil,BRA,1969,3.232
Brazil,BRA,1970,3.232
Brazil,BRA,1971,3.232
Brazil,BRA,1972,3.232
Brazil,BRA,1973,3.232
Brazil,BRA,1974,3.232
Brazil,BRA,1975,3.232
Brazil,BRA,1976,3.232
Brazil,BRA,1977,3.232
Brazil,BRA,1978,3.232
Brazil,BRA,1979,3.232
Brazil,BRA,1980,2.488
Brazil,BRA,1981,2.488
Brazil,BRA,1982,2.488
Brazil,BRA,1983,2.488
Brazil,BRA,1984,1.283
Brazil,BRA,1985,0.871
Brazil,BRA,1986,0.871
Brazil,BRA,1987,0.871
Brazil,BRA,1988,-0.25
Brazil,BRA,1989,0.942
Brazil,BRA,1990,0.426
Brazil,BRA,1991,0.426
Brazil,BRA,1992,0.716
Brazil,BRA,1993,-0.175
Brazil,BRA,1994,-0.175
Brazil,BRA,1995,-0.175
Brazil,BRA,1996,-0.175
Brazil,BRA,1997,-0.175
Brazil,BRA,1998,-0.175
Brazil,BRA,1999,-0.175
Brazil,BRA,2000,-0.175
Brazil,BRA,2001,-0.175
Brazil,BRA,2002,-0.691
Brazil,BRA,2003,-0.691
Brazil,BRA,2004,-0.691
Brazil,BRA,2005,-0.691
Brazil,BRA,2006,-0.767
Brazil,BRA,2007,-0.767
Brazil,BRA,2008,-0.767
Brazil,BRA,2009,-0.767
Brazil,BRA,2010,-0.613
Brazil,BRA,2011,-0.613
Brazil,BRA,2012,-0.613
Brazil,BRA,2013,0.274
Brazil,BRA,2014,0.498
Brazil,BRA,2015,0.576
Brazil,BRA,2016,1.209
Brazil,BRA,2017,1.089
Brazil,BRA,2018,1.97
Brazil,BRA,2019,1.964
Brazil,BRA,2020,2.259
Brazil,BRA,2021,2.417
Brazil,BRA,2022,2.514
Brazil,BRA,2023,1.695
Brazil,BRA,2024,1.695
Brazil,BRA,2025,3.224
Bulgaria,BGR,1950,1.938
Bulgaria,BGR,1951,1.938
Bulgaria,BGR,1952,2.025
Bulgaria,BGR,1953,2.025
Bulgaria,BGR,1954,2.025
Bulgaria,BGR,1955,2.025
Bulgaria,BGR,1956,2.025
Bulgaria,BGR,1957,1.983
Bulgaria,BGR,1958,1.983
Bulgaria,BGR,1959,1.983
Bulgaria,BGR,1960,1.983
Bulgaria,BGR,1961,1.983
Bulgaria,BGR,1962,1.983
Bulgaria,BGR,1963,1.983
Bulgaria,BGR,1964,1.776
Bulgaria,BGR,1965,1.776
Bulgaria,BGR,1966,1.776
Bulgaria,BGR,1967,1.776
Bulgaria,BGR,1968,1.776
Bulgaria,BGR,1969,1.776
Bulgaria,BGR,1970,1.674
Bulgaria,BGR,1971,1.674
Bulgaria,BGR,1972,1.674
Bulgaria,BGR,1973,1.674
Bulgaria,BGR,1974,1.674
Bulgaria,BGR,1975,1.674
Bulgaria,BGR,1976,1.674
Bulgaria,BGR,1977,1.674
Bulgaria,BGR,1978,1.674
Bulgaria,BGR,1979,1.674
Bulgaria,BGR,1980,1.297
Bulgaria,BGR,1981,1.297
Bulgaria,BGR,1982,1.297
Bulgaria,BGR,1983,1.297
Bulgaria,BGR,1984,1.297
Bulgaria,BGR,1985,1.404
Bulgaria,BGR,1986,1.404
Bulgaria,BGR,1987,1.404
Bulgaria,BGR,1988,1.708
Bulgaria,BGR,1989,1.876
Bulgaria,BGR,1990,0.111
Bulgaria,BGR,1991,0.111
Bulgaria,BGR,1992,0.111
Bulgaria,BGR,1993,0.189
Bulgaria,BGR,1994,0.27
Bulgaria,BGR,1995,0.512
Bulgaria,BGR,1996,0.512
Bulgaria,BGR,1997,0.615
Bulgaria,BGR,1998,0.495
Bulgaria,BGR,1999,0.106
Bulgaria,BGR,2000,-1.241
Bulgaria,BGR,2001,-1.392
Bulgaria,BGR,2002,-1.731
Bulgaria,BGR,2003,-1.731
Bulgaria,BGR,2004,-1.731
Bulgaria,BGR,2005,-1.731
Bulgaria,BGR,2006,-1.557
Bulgaria,BGR,2007,-1.557
Bulgaria,BGR,2008,-1.968
Bulgaria,BGR,2009,-1.621
Bulgaria,BGR,2010,-1.409
Bulgaria,BGR,2011,-1.409
Bulgaria,BGR,2012,-1.337
Bulgaria,BGR,2013,-0.78
Bulgaria,BGR,2014,-0.789
Bulgaria,BGR,2015,-0.989
Bulgaria,BGR,2016,-0.919
Bulgaria,BGR,2017,-0.769
Bulgaria,BGR,2018,-0.69
Bulgaria,BGR,2019,-0.562
Bulgaria,BGR,2020,0.487
Bulgaria,BGR,2021,0.628
Bulgaria,BGR,2022,0.886
Bulgaria,BGR,2023,0.538
Bulgaria,BGR,2024,0.492
Bulgaria,BGR,2025,1.288
Burkina Faso,BFA,1950,-1.318
Burkina Faso,BFA,1951,-1.318
Burkina Faso,BFA,1952,-1.318
Burkina Faso,BFA,1953,-1.318
Burkina Faso,BFA,1954,-1.318
Burkina Faso,BFA,1955,-1.318
Burkina Faso,BFA,1956,-1.318
Burkina Faso,BFA,1957,-1.318
Burkina Faso,BFA,1958,-1.318
Burkina Faso,BFA,1959,-1.318
Burkina Faso,BFA,1960,0.107
Burkina Faso,BFA,1961,0.107
Burkina Faso,BFA,1962,0.107
Burkina Faso,BFA,1963,0.107
Burkina Faso,BFA,1964,0.107
Burkina Faso,BFA,1965,0.107
Burkina Faso,BFA,1966,0.107
Burkina Faso,BFA,1967,-0.687
Burkina Faso,BFA,1968,-0.687
Burkina Faso,BFA,1969,-0.687
Burkina Faso,BFA,1970,-0.46
Burkina Faso,BFA,1971,-0.46
Burkina Faso,BFA,1972,-0.46
Burkina Faso,BFA,1973,-0.46
Burkina Faso,BFA,1974,-0.46
Burkina Faso,BFA,1975,-0.46
Burkina Faso,BFA,1976,-0.46
Burkina Faso,BFA,1977,-0.46
Burkina Faso,BFA,1978,-0.46
Burkina Faso,BFA,1979,-0.46
Burkina Faso,BFA,1980,0.855
Burkina Faso,BFA,1981,0.855
Burkina Faso,BFA,1982,0.855
Burkina Faso,BFA,1983,1.026
Burkina Faso,BFA,1984,1.026
Burkina Faso,BFA,1985,1.026
Burkina Faso,BFA,1986,1.026
Burkina Faso,BFA,1987,1.026
Burkina Faso,BFA,1988,1.026
Burkina Faso,BFA,1989,1.026
Burkina Faso,BFA,1990,1.175
Burkina Faso,BFA,1991,0.663
Burkina Faso,BFA,1992,-0.654
Burkina Faso,BFA,1993,-0.654
Burkina Faso,BFA,1994,-0.654
Burkina Faso,BFA,1995,-0.654
Burkina Faso,BFA,1996,-0.654
Burkina Faso,BFA,1997,-0.654
Burkina Faso,BFA,1998,-0.523
Burkina Faso,BFA,1999,-0.523
Burkina Faso,BFA,2000,-0.668
Burkina Faso,BFA,2001,-0.668
Burkina Faso,BFA,2002,-0.668
Burkina Faso,BFA,2003,-0.668
Burkina Faso,BFA,2004,-0.668
Burkina Faso,BFA,2005,-0.529
Burkina Faso,BFA,2006,-0.529
Burkina Faso,BFA,2007,-0.529
Burkina Faso,BFA,2008,-0.529
Burkina Faso,BFA,2009,-0.529
Burkina Faso,BFA,2010,-0.62
Burkina Faso,BFA,2011,-0.62
Burkina Faso,BFA,2012,-0.256
Burkina Faso,BFA,2013,-0.596
Burkina Faso,BFA,2014,-1.096
Burkina Faso,BFA,2015,-1.096
Burkina Faso,BFA,2016,-1.232
Burkina Faso,BFA,2017,-1.232
Burkina Faso,BFA,2018,-1.232
Burkina Faso,BFA,2019,-1.232
Burkina Faso,BFA,2020,-1.089
Burkina Faso,BFA,2021,0.558
Burkina Faso,BFA,2022,0.946
Burkina Faso,BFA,2023,1.533
Burkina Faso,BFA,2024,1.533
Burkina Faso,BFA,2025,1.533
Burundi,BDI,1950,0.12
Burundi,BDI,1951,0.12
Burundi,BDI,1952,0.12
Burundi,BDI,1953,0.12
Burundi,BDI,1954,0.12
Burundi,BDI,1955,0.12
Burundi,BDI,1956,0.12
Burundi,BDI,1957,0.12
Burundi,BDI,1958,0.395
Burundi,BDI,1959,0.395
Burundi,BDI,1960,1.22
Burundi,BDI,1961,1.22
Burundi,BDI,1962,0.82
Burundi,BDI,1963,0.616
Burundi,BDI,1964,0.616
Burundi,BDI,1965,0.616
Burundi,BDI,1966,0.464
Burundi,BDI,1967,0.464
Burundi,BDI,1968,0.464
Burundi,BDI,1969,0.799
Burundi,BDI,1970,1.058
Burundi,BDI,1971,1.058
Burundi,BDI,1972,1.857
Burundi,BDI,1973,1.377
Burundi,BDI,1974,1.377
Burundi,BDI,1975,0.633
Burundi,BDI,1976,-1.424
Burundi,BDI,1977,-1.424
Burundi,BDI,1978,-1.424
Burundi,BDI,1979,-1.424
Burundi,BDI,1980,-1.424
Burundi,BDI,1981,-1.424
Burundi,BDI,1982,-1.424
Burundi,BDI,1983,-1.424
Burundi,BDI,1984,-1.424
Burundi,BDI,1985,-1.424
Burundi,BDI,1986,-1.424
Burundi,BDI,1987,-1.424
Burundi,BDI,1988,-1.424
Burundi,BDI,1989,-1.424
Burundi,BDI,1990,-0.906
Burundi,BDI,1991,-0.778
Burundi,BDI,1992,-0.7
Burundi,BDI,1993,2.099
Burundi,BDI,1994,2.099
Burundi,BDI,1995,2.099
Burundi,BDI,1996,1.549
Burundi,BDI,1997,1.377
Burundi,BDI,1998,1.169
Burundi,BDI,1999,1.169
Burundi,BDI,2000,0.99
Burundi,BDI,2001,0.99
Burundi,BDI,2002,0.99
Burundi,BDI,2003,0.99
Burundi,BDI,2004,0.99
Burundi,BDI,2005,0.827
Burundi,BDI,2006,0.827
Burundi,BDI,2007,0.827
Burundi,BDI,2008,0.894
Burundi,BDI,2009,0.894
Burundi,BDI,2010,1.334
Burundi,BDI,2011,1.334
Burundi,BDI,2012,1.465
Burundi,BDI,2013,1.465
Burundi,BDI,2014,1.623
Burundi,BDI,2015,2.594
Burundi,BDI,2016,2.315
Burundi,BDI,2017,2.315
Burundi,BDI,2018,2.595
Burundi,BDI,2019,2.299
Burundi,BDI,2020,2.828
Burundi,BDI,2021,0.975
Burundi,BDI,2022,0.656
Burundi,BDI,2023,1.032
Burundi,BDI,2024,1.032
Burundi,BDI,2025,1.032
Cambodia,KHM,1950,0.576
Cambodia,KHM,1951,0.576
Cambodia,KHM,1952,0.576
Cambodia,KHM,1953,0.804
Cambodia,KHM,1954,0.431
Cambodia,KHM,1955,0.431
Cambodia,KHM,1956,0.096
Cambodia,KHM,1957,0.096
Cambodia,KHM,1958,-0.247
Cambodia,KHM,1959,-0.247
Cambodia,KHM,1960,-0.247
Cambodia,KHM,1961,-0.247
Cambodia,KHM,1962,-0.247
Cambodia,KHM,1963,-0.247
Cambodia,KHM,1964,-0.247
Cambodia,KHM,1965,-0.247
Cambodia,KHM,1966,-0.247
Cambodia,KHM,1967,0.493
Cambodia,KHM,1968,0.493
Cambodia,KHM,1969,0.493
Cambodia,KHM,1970,2.238
Cambodia,KHM,1971,2.238
Cambodia,KHM,1972,2.238
Cambodia,KHM,1973,2.238
Cambodia,KHM,1974,2.238
Cambodia,KHM,1975,2.865
Cambodia,KHM,1976,2.865
Cambodia,KHM,1977,2.865
Cambodia,KHM,1978,2.865
Cambodia,KHM,1979,2.865
Cambodia,KHM,1980,1.649
Cambodia,KHM,1981,1.649
Cambodia,KHM,1982,1.649
Cambodia,KHM,1983,1.649
Cambodia,KHM,1984,1.649
Cambodia,KHM,1985,1.649
Cambodia,KHM,1986,1.649
Cambodia,KHM,1987,1.649
Cambodia,KHM,1988,1.649
Cambodia,KHM,1989,1.649
Cambodia,KHM,1990,1.831
Cambodia,KHM,1991,1.831
Cambodia,KHM,1992,0.847
Cambodia,KHM,1993,0.499
Cambodia,KHM,1994,0.499
Cambodia,KHM,1995,0.499
Cambodia,KHM,1996,0.499
Cambodia,KHM,1997,1.319
Cambodia,KHM,1998,0.528
Cambodia,KHM,1999,0.528
Cambodia,KHM,2000,-0.168
Cambodia,KHM,2001,-0.168
Cambodia,KHM,2002,-0.168
Cambodia,KHM,2003,-0.168
Cambodia,KHM,2004,-0.168
Cambodia,KHM,2005,-0.168
Cambodia,KHM,2006,-0.168
Cambodia,KHM,2007,-0.168
Cambodia,KHM,2008,-0.168
Cambodia,KHM,2009,-0.168
Cambodia,KHM,2010,-0.106
Cambodia,KHM,2011,-0.106
Cambodia,KHM,2012,0.358
Cambodia,KHM,2013,0.31
Cambodia,KHM,2014,0.31
Cambodia,KHM,2015,-0.019
Cambodia,KHM,2016,-0.019
Cambodia,KHM,2017,0.244
Cambodia,KHM,2018,0.808
Cambodia,KHM,2019,0.808
Cambodia,KHM,2020,0.566
Cambodia,KHM,2021,0.566
Cambodia,KHM,2022,0.566
Cambodia,KHM,2023,0.983
Cambodia,KHM,2024,0.988
Cambodia,KHM,2025,0.988
Cameroon,CMR,1961,0.863
Cameroon,CMR,1962,0.863
Cameroon,CMR,1963,0.863
Cameroon,CMR,1964,0.863
Cameroon,CMR,1965,0.863
Cameroon,CMR,1966,0.863
Cameroon,CMR,1967,0.863
Cameroon,CMR,1968,0.863
Cameroon,CMR,1969,0.863
Cameroon,CMR,1970,0.555
Cameroon,CMR,1971,0.555
Cameroon,CMR,1972,0.555
Cameroon,CMR,1973,0.555
Cameroon,CMR,1974,0.555
Cameroon,CMR,1975,0.555
Cameroon,CMR,1976,0.555
Cameroon,CMR,1977,0.555
Cameroon,CMR,1978,0.555
Cameroon,CMR,1979,0.555
Cameroon,CMR,1980,0.636
Cameroon,CMR,1981,0.636
Cameroon,CMR,1982,0.636
Cameroon,CMR,1983,0.636
Cameroon,CMR,1984,0.636
Cameroon,CMR,1985,0.72
Cameroon,CMR,1986,0.72
Cameroon,CMR,1987,0.72
Cameroon,CMR,1988,0.72
Cameroon,CMR,1989,0.72
Cameroon,CMR,1990,1.729
Cameroon,CMR,1991,1.608
Cameroon,CMR,1992,1.254
Cameroon,CMR,1993,1.254
Cameroon,CMR,1994,1.254
Cameroon,CMR,1995,0.668
Cameroon,CMR,1996,0.668
Cameroon,CMR,1997,0.668
Cameroon,CMR,1998,0.668
Cameroon,CMR,1999,0.668
Cameroon,CMR,2000,0.668
Cameroon,CMR,2001,0.668
Cameroon,CMR,2002,0.668
Cameroon,CMR,2003,0.668
Cameroon,CMR,2004,0.668
Cameroon,CMR,2005,0.668
Cameroon,CMR,2006,0.668
Cameroon,CMR,2007,0.668
Cameroon,CMR,2008,0.668
Cameroon,CMR,2009,0.668
Cameroon,CMR,2010,0.892
Cameroon,CMR,2011,0.892
Cameroon,CMR,2012,0.892
Cameroon,CMR,2013,0.892
Cameroon,CMR,2014,0.892
Cameroon,CMR,2015,1.562
Cameroon,CMR,2016,1.732
Cameroon,CMR,2017,2.387
Cameroon,CMR,2018,2.387
Cameroon,CMR,2019,2.387
Cameroon,CMR,2020,2.458
Cameroon,CMR,2021,1.049
Cameroon,CMR,2022,1.049
Cameroon,CMR,2023,2.151
Cameroon,CMR,2024,2.151
Cameroon,CMR,2025,2.085
Canada,CAN,1950,-2.298
Canada,CAN,1951,-2.298
Canada,CAN,1952,-2.298
Canada,CAN,1953,-2.298
Canada,CAN,1954,-2.298
Canada,CAN,1955,-2.298
Canada,CAN,1956,-2.298
Canada,CAN,1957,-2.298
Canada,CAN,1958,-2.298
Canada,CAN,1959,-2.298
Canada,CAN,1960,-2.023
Canada,CAN,1961,-2.023
Canada,CAN,1962,-2.023
Canada,CAN,1963,-2.023
Canada,CAN,1964,-2.023
Canada,CAN,1965,-2.023
Canada,CAN,1966,-2.023
Canada,CAN,1967,-2.023
Canada,CAN,1968,-2.023
Canada,CAN,1969,-2.023
Canada,CAN,1970,-1.93
Canada,CAN,1971,-1.93
Canada,CAN,1972,-1.93
Canada,CAN,1973,-1.93
Canada,CAN,1974,-1.93
Canada,CAN,1975,-1.93
Canada,CAN,1976,-1.93
Canada,CAN,1977,-1.93
Canada,CAN,1978,-1.93
Canada,CAN,1979,-1.93
Canada,CAN,1980,-1.794
Canada,CAN,1981,-1.794
Canada,CAN,1982,-1.616
Canada,CAN,1983,-1.616
Canada,CAN,1984,-1.616
Canada,CAN,1985,-1.616
Canada,CAN,1986,-1.616
Canada,CAN,1987,-1.616
Canada,CAN,1988,-1.616
Canada,CAN,1989,-1.616
Canada,CAN,1990,-1.616
Canada,CAN,1991,-1.616
Canada,CAN,1992,-1.616
Canada,CAN,1993,-1.616
Canada,CAN,1994,-1.616
Canada,CAN,1995,-1.616
Canada,CAN,1996,-1.616
Canada,CAN,1997,-1.616
Canada,CAN,1998,-1.616
Canada,CAN,1999,-1.616
Canada,CAN,2000,-1.616
Canada,CAN,2001,-1.616
Canada,CAN,2002,-1.616
Canada,CAN,2003,-1.616
Canada,CAN,2004,-1.616
Canada,CAN,2005,-1.44
Canada,CAN,2006,-1.44
Canada,CAN,2007,-1.44
Canada,CAN,2008,-1.44
Canada,CAN,2009,-1.44
Canada,CAN,2010,-1.362
Canada,CAN,2011,-1.362
Canada,CAN,2012,-1.362
Canada,CAN,2013,-1.362
Canada,CAN,2014,-1.362
Canada,CAN,2015,-1.362
Canada,CAN,2016,-1.362
Canada,CAN,2017,-1.362
Canada,CAN,2018,-1.362
Canada,CAN,2019,-1.147
Canada,CAN,2020,-0.776
Canada,CAN,2021,-0.458
Canada,CAN,2022,-0.058
Canada,CAN,2023,-0.058
Canada,CAN,2024,-0.399
Canada,CAN,2025,-0.399
Cape Verde,CPV,1950,0.505
Cape Verde,CPV,1951,0.505
Cape Verde,CPV,1952,0.505
Cape Verde,CPV,1953,0.505
Cape Verde,CPV,1954,0.505
Cape Verde,CPV,1955,0.505
Cape Verde,CPV,1956,0.505
Cape Verde,CPV,1957,1.069
Cape Verde,CPV,1958,1.069
Cape Verde,CPV,1959,1.069
Cape Verde,CPV,1960,1.069
Cape Verde,CPV,1961,1.069
Cape Verde,CPV,1962,1.069
Cape Verde,CPV,1963,1.069
Cape Verde,CPV,1964,1.069
Cape Verde,CPV,1965,1.069
Cape Verde,CPV,1966,1.069
Cape Verde,CPV,1967,1.069
Cape Verde,CPV,1968,1.069
Cape Verde,CPV,1969,1.069
Cape Verde,CPV,1970,1.069
Cape Verde,CPV,1971,1.069
Cape Verde,CPV,1972,1.069
Cape Verde,CPV,1973,1.069
Cape Verde,CPV,1974,1.069
Cape Verde,CPV,1975,-0.772
Cape Verde,CPV,1976,-0.89
Cape Verde,CPV,1977,-0.89
Cape Verde,CPV,1978,-0.89
Cape Verde,CPV,1979,-0.89
Cape Verde,CPV,1980,-0.89
Cape Verde,CPV,1981,-0.89
Cape Verde,CPV,1982,-0.89
Cape Verde,CPV,1983,-0.89
Cape Verde,CPV,1984,-0.89
Cape Verde,CPV,1985,-0.89
Cape Verde,CPV,1986,-0.89
Cape Verde,CPV,1987,-0.89
Cape Verde,CPV,1988,-0.89
Cape Verde,CPV,1989,-0.89
Cape Verde,CPV,1990,-1.027
Cape Verde,CPV,1991,-0.58
Cape Verde,CPV,1992,-0.753
Cape Verde,CPV,1993,-0.753
Cape Verde,CPV,1994,-0.753
Cape Verde,CPV,1995,-0.753
Cape Verde,CPV,1996,-0.753
Cape Verde,CPV,1997,-0.753
Cape Verde,CPV,1998,-0.753
Cape Verde,CPV,1999,-0.753
Cape Verde,CPV,2000,-0.892
Cape Verde,CPV,2001,-0.892
Cape Verde,CPV,2002,-0.892
Cape Verde,CPV,2003,-0.892
Cape Verde,CPV,2004,-0.892
Cape Verde,CPV,2005,-0.892
Cape Verde,CPV,2006,-0.892
Cape Verde,CPV,2007,-0.892
Cape Verde,CPV,2008,-0.892
Cape Verde,CPV,2009,-0.892
Cape Verde,CPV,2010,-0.892
Cape Verde,CPV,2011,-0.892
Cape Verde,CPV,2012,-0.892
Cape Verde,CPV,2013,-0.892
Cape Verde,CPV,2014,-0.892
Cape Verde,CPV,2015,-0.892
Cape Verde,CPV,2016,-0.892
Cape Verde,CPV,2017,-0.892
Cape Verde,CPV,2018,-0.892
Cape Verde,CPV,2019,-0.892
Cape Verde,CPV,2020,-0.892
Cape Verde,CPV,2021,-0.779
Cape Verde,CPV,2022,-0.779
Cape Verde,CPV,2023,-0.596
Cape Verde,CPV,2024,-0.596
Cape Verde,CPV,2025,-0.596
Central African Republic,CAF,1950,0.447
Central African Republic,CAF,1951,0.447
Central African Republic,CAF,1952,0.447
Central African Republic,CAF,1953,0.447
Central African Republic,CAF,1954,0.447
Central African Republic,CAF,1955,0.705
Central African Republic,CAF,1956,0.705
Central African Republic,CAF,1957,0.705
Central African Republic,CAF,1958,0.705
Central African Republic,CAF,1959,1.121
Central African Republic,CAF,1960,0.161
Central African Republic,CAF,1961,0.161
Central African Republic,CAF,1962,0.161
Central African Republic,CAF,1963,0.161
Central African Republic,CAF,1964,0.161
Central African Republic,CAF,1965,0.161
Central African Republic,CAF,1966,0.38
Central African Republic,CAF,1967,0.38
Central African Republic,CAF,1968,0.38
Central African Republic,CAF,1969,0.38
Central African Republic,CAF,1970,0.15
Central African Republic,CAF,1971,0.15
Central African Republic,CAF,1972,0.15
Central African Republic,CAF,1973,0.15
Central African Republic,CAF,1974,0.15
Central African Republic,CAF,1975,0.15
Central African Republic,CAF,1976,0.553
Central African Republic,CAF,1977,0.553
Central African Republic,CAF,1978,0.553
Central African Republic,CAF,1979,0.553
Central African Republic,CAF,1980,0.346
Central African Republic,CAF,1981,0.346
Central African Republic,CAF,1982,0.346
Central African Republic,CAF,1983,0.346
Central African Republic,CAF,1984,0.346
Central African Republic,CAF,1985,0.346
Central African Republic,CAF,1986,0.346
Central African Republic,CAF,1987,0.346
Central African Republic,CAF,1988,0.346
Central African Republic,CAF,1989,0.551
Central African Republic,CAF,1990,0.833
Central African Republic,CAF,1991,0.833
Central African Republic,CAF,1992,0.833
Central African Republic,CAF,1993,0.55
Central African Republic,CAF,1994,0.55
Central African Republic,CAF,1995,0.55
Central African Republic,CAF,1996,0.55
Central African Republic,CAF,1997,0.55
Central African Republic,CAF,1998,0.55
Central African Republic,CAF,1999,0.55
Central African Republic,CAF,2000,0.55
Central African Republic,CAF,2001,0.55
Central African Republic,CAF,2002,1.072
Central African Republic,CAF,2003,0.853
Central African Republic,CAF,2004,0.853
Central African Republic,CAF,2005,0.853
Central African Republic,CAF,2006,0.853
Central African Republic,CAF,2007,0.853
Central African Republic,CAF,2008,0.853
Central African Republic,CAF,2009,0.853
Central African Republic,CAF,2010,0.853
Central African Republic,CAF,2011,0.853
Central African Republic,CAF,2012,0.853
Central African Republic,CAF,2013,0.853
Central African Republic,CAF,2014,0.853
Central African Republic,CAF,2015,0.853
Central African Republic,CAF,2016,0.853
Central African Republic,CAF,2017,0.853
Central African Republic,CAF,2018,0.853
Central African Republic,CAF,2019,0.853
Central African Republic,CAF,2020,1.039
Central African Republic,CAF,2021,0.522
Central African Republic,CAF,2022,0.522
Central African Republic,CAF,2023,1.015
Central African Republic,CAF,2024,1.269
Central African Republic,CAF,2025,1.269
Chad,TCD,1950,-0.029
Chad,TCD,1951,-0.029
Chad,TCD,1952,-0.029
Chad,TCD,1953,-0.029
Chad,TCD,1954,-0.029
Chad,TCD,1955,-0.029
Chad,TCD,1956,-0.029
Chad,TCD,1957,-0.029
Chad,TCD,1958,-0.029
Chad,TCD,1959,-0.029
Chad,TCD,1960,-0.029
Chad,TCD,1961,0.033
Chad,TCD,1962,0.033
Chad,TCD,1963,-0.047
Chad,TCD,1964,-0.047
Chad,TCD,1965,-0.047
Chad,TCD,1966,-0.047
Chad,TCD,1967,-0.047
Chad,TCD,1968,-0.047
Chad,TCD,1969,-0.047
Chad,TCD,1970,-0.047
Chad,TCD,1971,-0.047
Chad,TCD,1972,-0.047
Chad,TCD,1973,-0.047
Chad,TCD,1974,-0.047
Chad,TCD,1975,1.182
Chad,TCD,1976,1.457
Chad,TCD,1977,1.457
Chad,TCD,1978,1.457
Chad,TCD,1979,1.457
Chad,TCD,1980,1.201
Chad,TCD,1981,1.201
Chad,TCD,1982,1.201
Chad,TCD,1983,1.372
Chad,TCD,1984,1.372
Chad,TCD,1985,1.372
Chad,TCD,1986,1.372
Chad,TCD,1987,1.372
Chad,TCD,1988,1.372
Chad,TCD,1989,1.372
Chad,TCD,1990,1.518
Chad,TCD,1991,1.195
Chad,TCD,1992,1.195
Chad,TCD,1993,1.195
Chad,TCD,1994,1.458
Chad,TCD,1995,1.458
Chad,TCD,1996,1.458
Chad,TCD,1997,1.458
Chad,TCD,1998,1.458
Chad,TCD,1999,1.458
Chad,TCD,2000,1.63
Chad,TCD,2001,1.63
Chad,TCD,2002,1.63
Chad,TCD,2003,1.63
Chad,TCD,2004,1.63
Chad,TCD,2005,1.63
Chad,TCD,2006,1.63
Chad,TCD,2007,1.63
Chad,TCD,2008,1.63
Chad,TCD,2009,1.63
Chad,TCD,2010,1.819
Chad,TCD,2011,1.819
Chad,TCD,2012,1.819
Chad,TCD,2013,1.819
Chad,TCD,2014,1.819
Chad,TCD,2015,1.819
Chad,TCD,2016,1.819
Chad,TCD,2017,1.819
Chad,TCD,2018,1.819
Chad,TCD,2019,1.819
Chad,TCD,2020,1.819
Chad,TCD,2021,1.819
Chad,TCD,2022,1.819
Chad,TCD,2023,0.896
Chad,TCD,2024,1.969
Chad,TCD,2025,1.969
Chile,CHL,1950,0.05
Chile,CHL,1951,0.05
Chile,CHL,1952,0.05
Chile,CHL,1953,0.05
Chile,CHL,1954,0.05
Chile,CHL,1955,0.05
Chile,CHL,1956,0.05
Chile,CHL,1957,0.05
Chile,CHL,1958,0.05
Chile,CHL,1959,0.217
Chile,CHL,1960,0.613
Chile,CHL,1961,0.613
Chile,CHL,1962,0.613
Chile,CHL,1963,0.613
Chile,CHL,1964,0.613
Chile,CHL,1965,0.699
Chile,CHL,1966,0.672
Chile,CHL,1967,0.672
Chile,CHL,1968,0.672
Chile,CHL,1969,0.672
Chile,CHL,1970,2.169
Chile,CHL,1971,2.169
Chile,CHL,1972,2.169
Chile,CHL,1973,2.169
Chile,CHL,1974,2.752
Chile,CHL,1975,2.752
Chile,CHL,1976,2.752
Chile,CHL,1977,2.752
Chile,CHL,1978,2.752
Chile,CHL,1979,2.752
Chile,CHL,1980,2.752
Chile,CHL,1981,2.752
Chile,CHL,1982,2.752
Chile,CHL,1983,2.752
Chile,CHL,1984,2.752
Chile,CHL,1985,2.213
Chile,CHL,1986,2.213
Chile,CHL,1987,2.213
Chile,CHL,1988,0.477
Chile,CHL,1989,0.477
Chile,CHL,1990,-1.567
Chile,CHL,1991,-1.783
Chile,CHL,1992,-1.783
Chile,CHL,1993,-1.783
Chile,CHL,1994,-1.783
Chile,CHL,1995,-1.783
Chile,CHL,1996,-2.117
Chile,CHL,1997,-2.117
Chile,CHL,1998,-2.117
Chile,CHL,1999,-2.117
Chile,CHL,2000,-2.117
Chile,CHL,2001,-2.117
Chile,CHL,2002,-2.117
Chile,CHL,2003,-2.117
Chile,CHL,2004,-2.117
Chile,CHL,2005,-2.117
Chile,CHL,2006,-2.117
Chile,CHL,2007,-1.928
Chile,CHL,2008,-1.928
Chile,CHL,2009,-1.928
Chile,CHL,2010,-1.587
Chile,CHL,2011,-1.587
Chile,CHL,2012,-1.587
Chile,CHL,2013,-1.587
Chile,CHL,2014,-1.454
Chile,CHL,2015,-1.229
Chile,CHL,2016,-1.229
Chile,CHL,2017,-1.229
Chile,CHL,2018,-0.678
Chile,CHL,2019,0.632
Chile,CHL,2020,0.26
Chile,CHL,2021,0.662
Chile,CHL,2022,0.448
Chile,CHL,2023,0.448
Chile,CHL,2024,-0.555
Chile,CHL,2025,-1.63
China,CHN,1950,0.132
China,CHN,1951,0.523
China,CHN,1952,0.523
China,CHN,1953,0.523
China,CHN,1954,0.71
China,CHN,1955,0.71
China,CHN,1956,0.71
China,CHN,1957,0.333
China,CHN,1958,0.333
China,CHN,1959,0.333
China,CHN,1960,0.333
China,CHN,1961,0.333
China,CHN,1962,0.834
China,CHN,1963,0.834
China,CHN,1964,0.834
China,CHN,1965,1.023
China,CHN,1966,2.605
China,CHN,1967,2.605
China,CHN,1968,2.605
China,CHN,1969,2.605
China,CHN,1970,2.206
China,CHN,1971,2.206
China,CHN,1972,2.206
China,CHN,1973,2.206
China,CHN,1974,1.947
China,CHN,1975,1.947
China,CHN,1976,1.622
China,CHN,1977,0.455
China,CHN,1978,0.455
China,CHN,1979,-0.663
China,CHN,1980,-0.969
China,CHN,1981,-0.969
China,CHN,1982,-0.969
China,CHN,1983,-0.969
China,CHN,1984,-0.969
China,CHN,1985,-0.969
China,CHN,1986,-0.969
China,CHN,1987,-0.969
China,CHN,1988,-0.969
China,CHN,1989,0.532
China,CHN,1990,-0.24
China,CHN,1991,-0.397
China,CHN,1992,-0.397
China,CHN,1993,-0.809
China,CHN,1994,-0.809
China,CHN,1995,-0.911
China,CHN,1996,-0.911
China,CHN,1997,-0.911
China,CHN,1998,-0.911
China,CHN,1999,-0.911
China,CHN,2000,-0.911
China,CHN,2001,-0.911
China,CHN,2002,-0.911
China,CHN,2003,-0.911
China,CHN,2004,-0.911
China,CHN,2005,-1.067
China,CHN,2006,-1.067
China,CHN,2007,-1.067
China,CHN,2008,-0.834
China,CHN,2009,-0.664
China,CHN,2010,-0.953
China,CHN,2011,-0.953
China,CHN,2012,-0.953
China,CHN,2013,-0.85
China,CHN,2014,-0.85
China,CHN,2015,-0.85
China,CHN,2016,-0.85
China,CHN,2017,-0.656
China,CHN,2018,-0.656
China,CHN,2019,-0.656
China,CHN,2020,-0.999
China,CHN,2021,-0.692
China,CHN,2022,-0.692
China,CHN,2023,-0.11
China,CHN,2024,-0.11
China,CHN,2025,-0.11
Colombia,COL,1950,2.66
Colombia,COL,1951,2.66
Colombia,COL,1952,2.66
Colombia,COL,1953,2.66
Colombia,COL,1954,1.919
Colombia,COL,1955,1.613
Colombia,COL,1956,1.613
Colombia,COL,1957,1.613
Colombia,COL,1958,0.186
Colombia,COL,1959,0.186
Colombia,COL,1960,-0.21
Colombia,COL,1961,-0.21
Colombia,COL,1962,-0.21
Colombia,COL,1963,-0.21
Colombia,COL,1964,-0.21
Colombia,COL,1965,-0.21
Colombia,COL,1966,-0.21
Colombia,COL,1967,-0.21
Colombia,COL,1968,-0.21
Colombia,COL,1969,-0.21
Colombia,COL,1970,0.456
Colombia,COL,1971,0.456
Colombia,COL,1972,0.456
Colombia,COL,1973,0.456
Colombia,COL,1974,0.456
Colombia,COL,1975,0.201
Colombia,COL,1976,0.201
Colombia,COL,1977,0.201
Colombia,COL,1978,0.201
Colombia,COL,1979,0.201
Colombia,COL,1980,-0.069
Colombia,COL,1981,-0.069
Colombia,COL,1982,-0.069
Colombia,COL,1983,-0.069
Colombia,COL,1984,-0.069
Colombia,COL,1985,-0.069
Colombia,COL,1986,-0.069
Colombia,COL,1987,-0.069
Colombia,COL,1988,-0.069
Colombia,COL,1989,-0.069
Colombia,COL,1990,0.064
Colombia,COL,1991,0.064
Colombia,COL,1992,-0.622
Colombia,COL,1993,-0.622
Colombia,COL,1994,-0.622
Colombia,COL,1995,0.496
Colombia,COL,1996,0.496
Colombia,COL,1997,0.496
Colombia,COL,1998,0.496
Colombia,COL,1999,0.496
Colombia,COL,2000,-0.248
Colombia,COL,2001,-0.079
Colombia,COL,2002,0.781
Colombia,COL,2003,0.781
Colombia,COL,2004,0.781
Colombia,COL,2005,0.781
Colombia,COL,2006,0.781
Colombia,COL,2007,0.781
Colombia,COL,2008,0.781
Colombia,COL,2009,1.153
Colombia,COL,2010,1.008
Colombia,COL,2011,0.774
Colombia,COL,2012,0.774
Colombia,COL,2013,0.774
Colombia,COL,2014,0.897
Colombia,COL,2015,0.897
Colombia,COL,2016,0.897
Colombia,COL,2017,0.897
Colombia,COL,2018,1.013
Colombia,COL,2019,1.013
Colombia,COL,2020,1.174
Colombia,COL,2021,1.034
Colombia,COL,2022,0.678
Colombia,COL,2023,0.678
Colombia,COL,2024,1.892
Colombia,COL,2025,1.892
Comoros,COM,1950,-0.299
Comoros,COM,1951,-0.299
Comoros,COM,1952,-0.299
Comoros,COM,1953,-0.299
Comoros,COM,1954,-0.299
Comoros,COM,1955,-0.299
Comoros,COM,1956,-0.299
Comoros,COM,1957,-0.299
Comoros,COM,1958,-0.299
Comoros,COM,1959,-0.299
Comoros,COM,1960,0.111
Comoros,COM,1961,0.111
Comoros,COM,1962,0.111
Comoros,COM,1963,0.111
Comoros,COM,1964,0.111
Comoros,COM,1965,0.111
Comoros,COM,1966,0.111
Comoros,COM,1967,0.111
Comoros,COM,1968,0.111
Comoros,COM,1969,0.111
Comoros,COM,1970,0.111
Comoros,COM,1971,0.111
Comoros,COM,1972,0.111
Comoros,COM,1973,0.111
Comoros,COM,1974,0.111
Comoros,COM,1975,0.477
Comoros,COM,1976,0.477
Comoros,COM,1977,0.477
Comoros,COM,1978,0.477
Comoros,COM,1979,0.477
Comoros,COM,1980,0.477
Comoros,COM,1981,0.477
Comoros,COM,1982,0.477
Comoros,COM,1983,0.477
Comoros,COM,1984,0.477
Comoros,COM,1985,0.477
Comoros,COM,1986,0.477
Comoros,COM,1987,0.477
Comoros,COM,1988,0.477
Comoros,COM,1989,0.477
Comoros,COM,1990,-0.788
Comoros,COM,1991,-0.788
Comoros,COM,1992,-0.788
Comoros,COM,1993,-0.788
Comoros,COM,1994,0.369
Comoros,COM,1995,0.369
Comoros,COM,1996,0.369
Comoros,COM,1997,0.369
Comoros,COM,1998,0.369
Comoros,COM,1999,0.369
Comoros,COM,2000,0.369
Comoros,COM,2001,0.369
Comoros,COM,2002,0.369
Comoros,COM,2003,0.369
Comoros,COM,2004,0.369
Comoros,COM,2005,0.369
Comoros,COM,2006,0.068
Comoros,COM,2007,0.068
Comoros,COM,2008,0.068
Comoros,COM,2009,0.068
Comoros,COM,2010,0.792
Comoros,COM,2011,0.792
Comoros,COM,2012,0.792
Comoros,COM,2013,0.792
Comoros,COM,2014,0.792
Comoros,COM,2015,0.792
Comoros,COM,2016,1.109
Comoros,COM,2017,1.109
Comoros,COM,2018,1.257
Comoros,COM,2019,1.257
Comoros,COM,2020,1.475
Comoros,COM,2021,1.475
Comoros,COM,2022,1.198
Comoros,COM,2023,1.198
Comoros,COM,2024,1.551
Comoros,COM,2025,1.223
Congo,COG,1950,-1.091
Congo,COG,1951,-1.091
Congo,COG,1952,-1.091
Congo,COG,1953,-1.091
Congo,COG,1954,-1.091
Congo,COG,1955,-1.091
Congo,COG,1956,-0.068
Congo,COG,1957,-0.068
Congo,COG,1958,-0.068
Congo,COG,1959,1.56
Congo,COG,1960,-0.137
Congo,COG,1961,-0.137
Congo,COG,1962,-0.137
Congo,COG,1963,-0.137
Congo,COG,1964,-0.137
Congo,COG,1965,-0.137
Congo,COG,1966,-0.137
Congo,COG,1967,-0.137
Congo,COG,1968,0.781
Congo,COG,1969,0.781
Congo,COG,1970,1.139
Congo,COG,1971,1.139
Congo,COG,1972,1.139
Congo,COG,1973,1.139
Congo,COG,1974,1.139
Congo,COG,1975,1.139
Congo,COG,1976,1.139
Congo,COG,1977,1.139
Congo,COG,1978,0.677
Congo,COG,1979,0.677
Congo,COG,1980,0.677
Congo,COG,1981,0.677
Congo,COG,1982,0.677
Congo,COG,1983,0.677
Congo,COG,1984,0.677
Congo,COG,1985,0.677
Congo,COG,1986,0.677
Congo,COG,1987,0.677
Congo,COG,1988,0.677
Congo,COG,1989,0.677
Congo,COG,1990,0.191
Congo,COG,1991,0.191
Congo,COG,1992,1.282
Congo,COG,1993,1.794
Congo,COG,1994,1.794
Congo,COG,1995,1.794
Congo,COG,1996,1.794
Congo,COG,1997,1.794
Congo,COG,1998,0.659
Congo,COG,1999,0.659
Congo,COG,2000,0.659
Congo,COG,2001,0.659
Congo,COG,2002,-0.237
Congo,COG,2003,-0.237
Congo,COG,2004,-0.237
Congo,COG,2005,-0.237
Congo,COG,2006,-0.237
Congo,COG,2007,-0.237
Congo,COG,2008,-0.237
Congo,COG,2009,-0.237
Congo,COG,2010,-0.237
Congo,COG,2011,0.371
Congo,COG,2012,0.781
Congo,COG,2013,0.781
Congo,COG,2014,0.781
Congo,COG,2015,0.781
Congo,COG,2016,0.365
Congo,COG,2017,0.365
Congo,COG,2018,0.287
Congo,COG,2019,0.287
Congo,COG,2020,0.287
Congo,COG,2021,0.287
Congo,COG,2022,0.287
Congo,COG,2023,-0.25
Congo,COG,2024,-0.25
Congo,COG,2025,-0.25
Costa Rica,CRI,1950,0.693
Costa Rica,CRI,1951,0.693
Costa Rica,CRI,1952,0.693
Costa Rica,CRI,1953,0.693
Costa Rica,CRI,1954,0.693
Costa Rica,CRI,1955,0.693
Costa Rica,CRI,1956,0.693
Costa Rica,CRI,1957,0.693
Costa Rica,CRI,1958,0.693
Costa Rica,CRI,1959,0.325
Costa Rica,CRI,1960,-0.374
Costa Rica,CRI,1961,-0.374
Costa Rica,CRI,1962,-0.374
Costa Rica,CRI,1963,-1.521
Costa Rica,CRI,1964,-1.521
Costa Rica,CRI,1965,-1.521
Costa Rica,CRI,1966,-1.521
Costa Rica,CRI,1967,-1.521
Costa Rica,CRI,1968,-1.521
Costa Rica,CRI,1969,-1.521
Costa Rica,CRI,1970,-1.521
Costa Rica,CRI,1971,-1.521
Costa Rica,CRI,1972,-1.521
Costa Rica,CRI,1973,-1.521
Costa Rica,CRI,1974,-1.521
Costa Rica,CRI,1975,-1.521
Costa Rica,CRI,1976,-1.521
Costa Rica,CRI,1977,-1.521
Costa Rica,CRI,1978,-1.521
Costa Rica,CRI,1979,-1.521
Costa Rica,CRI,1980,-1.328
Costa Rica,CRI,1981,-1.328
Costa Rica,CRI,1982,-1.328
Costa Rica,CRI,1983,-1.328
Costa Rica,CRI,1984,-1.328
Costa Rica,CRI,1985,-1.328
Costa Rica,CRI,1986,-1.328
Costa Rica,CRI,1987,-1.328
Costa Rica,CRI,1988,-1.328
Costa Rica,CRI,1989,-1.328
Costa Rica,CRI,1990,-1.643
Costa Rica,CRI,1991,-1.643
Costa Rica,CRI,1992,-1.643
Costa Rica,CRI,1993,-1.643
Costa Rica,CRI,1994,-1.643
Costa Rica,CRI,1995,-1.643
Costa Rica,CRI,1996,-1.643
Costa Rica,CRI,1997,-1.643
Costa Rica,CRI,1998,-1.643
Costa Rica,CRI,1999,-1.643
Costa Rica,CRI,2000,-2.019
Costa Rica,CRI,2001,-2.019
Costa Rica,CRI,2002,-2.019
Costa Rica,CRI,2003,-2.019
Costa Rica,CRI,2004,-0.68
Costa Rica,CRI,2005,-0.68
Costa Rica,CRI,2006,-0.68
Costa Rica,CRI,2007,-0.68
Costa Rica,CRI,2008,-2.014
Costa Rica,CRI,2009,-2.014
Costa Rica,CRI,2010,-1.404
Costa Rica,CRI,2011,-1.404
Costa Rica,CRI,2012,-1.404
Costa Rica,CRI,2013,-1.404
Costa Rica,CRI,2014,-1.404
Costa Rica,CRI,2015,-1.404
Costa Rica,CRI,2016,-1.404
Costa Rica,CRI,2017,-1.404
Costa Rica,CRI,2018,-1.404
Costa Rica,CRI,2019,-1.404
Costa Rica,CRI,2020,-1.404
Costa Rica,CRI,2021,-1.738
Costa Rica,CRI,2022,-0.711
Costa Rica,CRI,2023,-0.711
Costa Rica,CRI,2024,-0.266
Costa Rica,CRI,2025,-0.266
Cote d'Ivoire,CIV,1950,-2.052
Cote d'Ivoire,CIV,1951,-2.052
Cote d'Ivoire,CIV,1952,-2.052
Cote d'Ivoire,CIV,1953,-2.052
Cote d'Ivoire,CIV,1954,-2.052
Cote d'Ivoire,CIV,1955,-2.052
Cote d'Ivoire,CIV,1956,-2.052
Cote d'Ivoire,CIV,1957,-2.052
Cote d'Ivoire,CIV,1958,-2.052
Cote d'Ivoire,CIV,1959,-2.052
Cote d'Ivoire,CIV,1960,-2.255
Cote d'Ivoire,CIV,1961,-2.408
Cote d'Ivoire,CIV,1962,-2.23
Cote d'Ivoire,CIV,1963,-2.406
Cote d'Ivoire,CIV,1964,-2.406
Cote d'Ivoire,CIV,1965,-2.406
Cote d'Ivoire,CIV,1966,-2.406
Cote d'Ivoire,CIV,1967,-2.406
Cote d'Ivoire,CIV,1968,-2.406
Cote d'Ivoire,CIV,1969,-2.406
Cote d'Ivoire,CIV,1970,-2.406
Cote d'Ivoire,CIV,1971,-2.406
Cote d'Ivoire,CIV,1972,-2.406
Cote d'Ivoire,CIV,1973,-2.406
Cote d'Ivoire,CIV,1974,-2.406
Cote d'Ivoire,CIV,1975,-2.406
Cote d'Ivoire,CIV,1976,-2.406
Cote d'Ivoire,CIV,1977,-2.406
Cote d'Ivoire,CIV,1978,-2.406
Cote d'Ivoire,CIV,1979,-2.406
Cote d'Ivoire,CIV,1980,-2.406
Cote d'Ivoire,CIV,1981,-2.406
Cote d'Ivoire,CIV,1982,-2.265
Cote d'Ivoire,CIV,1983,-2.408
Cote d'Ivoire,CIV,1984,-2.408
Cote d'Ivoire,CIV,1985,-2.247
Cote d'Ivoire,CIV,1986,-2.247
Cote d'Ivoire,CIV,1987,-2.247
Cote d'Ivoire,CIV,1988,-1.904
Cote d'Ivoire,CIV,1989,-1.904
Cote d'Ivoire,CIV,1990,0.355
Cote d'Ivoire,CIV,1991,0.028
Cote d'Ivoire,CIV,1992,-0.166
Cote d'Ivoire,CIV,1993,-0.166
Cote d'Ivoire,CIV,1994,-0.166
Cote d'Ivoire,CIV,1995,0.74
Cote d'Ivoire,CIV,1996,0.55
Cote d'Ivoire,CIV,1997,0.55
Cote d'Ivoire,CIV,1998,0.727
Cote d'Ivoire,CIV,1999,1.044
Cote d'Ivoire,CIV,2000,1.561
Cote d'Ivoire,CIV,2001,1.097
Cote d'Ivoire,CIV,2002,1.097
Cote d'Ivoire,CIV,2003,1.097
Cote d'Ivoire,CIV,2004,1.097
Cote d'Ivoire,CIV,2005,1.097
Cote d'Ivoire,CIV,2006,1.097
Cote d'Ivoire,CIV,2007,1.097
Cote d'Ivoire,CIV,2008,1.097
Cote d'Ivoire,CIV,2009,1.097
Cote d'Ivoire,CIV,2010,1.932
Cote d'Ivoire,CIV,2011,1.43
Cote d'Ivoire,CIV,2012,0.554
Cote d'Ivoire,CIV,2013,0.554
Cote d'Ivoire,CIV,2014,0.554
Cote d'Ivoire,CIV,2015,0.554
Cote d'Ivoire,CIV,2016,0.554
Cote d'Ivoire,CIV,2017,0.554
Cote d'Ivoire,CIV,2018,0.747
Cote d'Ivoire,CIV,2019,0.747
Cote d'Ivoire,CIV,2020,1.321
Cote d'Ivoire,CIV,2021,0.553
Cote d'Ivoire,CIV,2022,0.3
Cote d'Ivoire,CIV,2023,0.3
Cote d'Ivoire,CIV,2024,0.907
Cote d'Ivoire,CIV,2025,0.884
Croatia,HRV,1950,-0.412
Croatia,HRV,1951,-0.412
Croatia,HRV,1952,-0.412
Croatia,HRV,1953,-0.412
Croatia,HRV,1954,-0.412
Croatia,HRV,1955,-0.412
Croatia,HRV,1956,-0.412
Croatia,HRV,1957,-0.412
Croatia,HRV,1958,-0.412
Croatia,HRV,1959,-0.412
Croatia,HRV,1960,-0.519
Croatia,HRV,1961,-0.519
Croatia,HRV,1962,-0.519
Croatia,HRV,1963,-0.519
Croatia,HRV,1964,-0.519
Croatia,HRV,1965,-0.519
Croatia,HRV,1966,-0.519
Croatia,HRV,1967,-0.519
Croatia,HRV,1968,-0.519
Croatia,HRV,1969,-0.519
Croatia,HRV,1970,-0.101
Croatia,HRV,1971,-0.101
Croatia,HRV,1972,-0.101
Croatia,HRV,1973,-0.101
Croatia,HRV,1974,-0.101
Croatia,HRV,1975,-0.101
Croatia,HRV,1976,-0.101
Croatia,HRV,1977,-0.101
Croatia,HRV,1978,-0.101
Croatia,HRV,1979,-0.101
Croatia,HRV,1980,-0.101
Croatia,HRV,1981,-0.101
Croatia,HRV,1982,-0.101
Croatia,HRV,1983,-0.101
Croatia,HRV,1984,-0.101
Croatia,HRV,1985,-0.101
Croatia,HRV,1986,-0.101
Croatia,HRV,1987,-0.101
Croatia,HRV,1988,-0.101
Croatia,HRV,1989,0.584
Croatia,HRV,1990,0.681
Croatia,HRV,1991,0.938
Croatia,HRV,1992,0.952
Croatia,HRV,1993,0.952
Croatia,HRV,1994,0.952
Croatia,HRV,1995,0.952
Croatia,HRV,1996,0.512
Croatia,HRV,1997,0.512
Croatia,HRV,1998,0.512
Croatia,HRV,1999,0.512
Croatia,HRV,2000,0.624
Croatia,HRV,2001,0.753
Croatia,HRV,2002,0.618
Croatia,HRV,2003,0.618
Croatia,HRV,2004,0.618
Croatia,HRV,2005,0.24
Croatia,HRV,2006,0.24
Croatia,HRV,2007,0.24
Croatia,HRV,2008,0.24
Croatia,HRV,2009,0.24
Croatia,HRV,2010,0.24
Croatia,HRV,2011,0.24
Croatia,HRV,2012,0.24
Croatia,HRV,2013,0.24
Croatia,HRV,2014,0.401
Croatia,HRV,2015,0.663
Croatia,HRV,2016,0.663
Croatia,HRV,2017,0.521
Croatia,HRV,2018,0.403
Croatia,HRV,2019,0.403
Croatia,HRV,2020,0.374
Croatia,HRV,2021,0.753
Croatia,HRV,2022,0.753
Croatia,HRV,2023,0.753
Croatia,HRV,2024,0.753
Croatia,HRV,2025,1.195
Cuba,CUB,1950,1.226
Cuba,CUB,1951,1.226
Cuba,CUB,1952,1.438
Cuba,CUB,1953,1.622
Cuba,CUB,1954,1.622
Cuba,CUB,1955,1.622
Cuba,CUB,1956,1.622
Cuba,CUB,1957,2.009
Cuba,CUB,1958,2.009
Cuba,CUB,1959,2.009
Cuba,CUB,1960,-0.075
Cuba,CUB,1961,-0.075
Cuba,CUB,1962,-0.075
Cuba,CUB,1963,-0.075
Cuba,CUB,1964,-0.075
Cuba,CUB,1965,-0.075
Cuba,CUB,1966,-0.075
Cuba,CUB,1967,-0.075
Cuba,CUB,1968,-0.075
Cuba,CUB,1969,-0.075
Cuba,CUB,1970,-0.075
Cuba,CUB,1971,-0.075
Cuba,CUB,1972,-0.075
Cuba,CUB,1973,-0.075
Cuba,CUB,1974,-0.075
Cuba,CUB,1975,-0.075
Cuba,CUB,1976,-0.075
Cuba,CUB,1977,-0.075
Cuba,CUB,1978,-0.075
Cuba,CUB,1979,-0.075
Cuba,CUB,1980,-0.075
Cuba,CUB,1981,-0.075
Cuba,CUB,1982,-0.075
Cuba,CUB,1983,-0.461
Cuba,CUB,1984,-0.461
Cuba,CUB,1985,-0.461
Cuba,CUB,1986,-0.461
Cuba,CUB,1987,-0.461
Cuba,CUB,1988,-0.461
Cuba,CUB,1989,-0.461
Cuba,CUB,1990,-0.461
Cuba,CUB,1991,-0.461
Cuba,CUB,1992,-0.461
Cuba,CUB,1993,-0.461
Cuba,CUB,1994,-0.461
Cuba,CUB,1995,-0.461
Cuba,CUB,1996,-0.461
Cuba,CUB,1997,-0.461
Cuba,CUB,1998,-0.461
Cuba,CUB,1999,-0.461
Cuba,CUB,2000,-0.461
Cuba,CUB,2001,-0.461
Cuba,CUB,2002,-0.461
Cuba,CUB,2003,-0.461
Cuba,CUB,2004,-0.461
Cuba,CUB,2005,-0.461
Cuba,CUB,2006,-0.461
Cuba,CUB,2007,-0.461
Cuba,CUB,2008,-0.461
Cuba,CUB,2009,-0.461
Cuba,CUB,2010,-0.461
Cuba,CUB,2011,-0.461
Cuba,CUB,2012,-0.461
Cuba,CUB,2013,-0.461
Cuba,CUB,2014,-0.461
Cuba,CUB,2015,-0.461
Cuba,CUB,2016,-0.461
Cuba,CUB,2017,-0.461
Cuba,CUB,2018,-0.461
Cuba,CUB,2019,-0.461
Cuba,CUB,2020,-0.422
Cuba,CUB,2021,-0.357
Cuba,CUB,2022,-0.626
Cuba,CUB,2023,-0.626
Cuba,CUB,2024,-0.626
Cuba,CUB,2025,-0.626
Cyprus,CYP,1950,0.289
Cyprus,CYP,1951,0.289
Cyprus,CYP,1952,0.289
Cyprus,CYP,1953,0.289
Cyprus,CYP,1954,0.289
Cyprus,CYP,1955,1.034
Cyprus,CYP,1956,0.809
Cyprus,CYP,1957,0.809
Cyprus,CYP,1958,0.809
Cyprus,CYP,1959,0.809
Cyprus,CYP,1960,1.87
Cyprus,CYP,1961,1.87
Cyprus,CYP,1962,1.87
Cyprus,CYP,1963,2.509
Cyprus,CYP,1964,2.078
Cyprus,CYP,1965,2.078
Cyprus,CYP,1966,2.078
Cyprus,CYP,1967,2.078
Cyprus,CYP,1968,2.078
Cyprus,CYP,1969,2.078
Cyprus,CYP,1970,2.078
Cyprus,CYP,1971,2.078
Cyprus,CYP,1972,2.078
Cyprus,CYP,1973,2.078
Cyprus,CYP,1974,3.216
Cyprus,CYP,1975,1.819
Cyprus,CYP,1976,0.917
Cyprus,CYP,1977,0.917
Cyprus,CYP,1978,0.917
Cyprus,CYP,1979,0.917
Cyprus,CYP,1980,0.917
Cyprus,CYP,1981,0.917
Cyprus,CYP,1982,0.917
Cyprus,CYP,1983,0.917
Cyprus,CYP,1984,0.917
Cyprus,CYP,1985,0.917
Cyprus,CYP,1986,0.917
Cyprus,CYP,1987,0.917
Cyprus,CYP,1988,0.917
Cyprus,CYP,1989,0.917
Cyprus,CYP,1990,0.484
Cyprus,CYP,1991,0.484
Cyprus,CYP,1992,0.484
Cyprus,CYP,1993,0.484
Cyprus,CYP,1994,0.484
Cyprus,CYP,1995,0.484
Cyprus,CYP,1996,0.484
Cyprus,CYP,1997,0.484
Cyprus,CYP,1998,0.484
Cyprus,CYP,1999,0.484
Cyprus,CYP,2000,0.484
Cyprus,CYP,2001,0.484
Cyprus,CYP,2002,0.484
Cyprus,CYP,2003,0.484
Cyprus,CYP,2004,0.378
Cyprus,CYP,2005,0.378
Cyprus,CYP,2006,0.378
Cyprus,CYP,2007,0.378
Cyprus,CYP,2008,0.224
Cyprus,CYP,2009,0.224
Cyprus,CYP,2010,0.224
Cyprus,CYP,2011,0.224
Cyprus,CYP,2012,0.224
Cyprus,CYP,2013,0.224
Cyprus,CYP,2014,0.224
Cyprus,CYP,2015,0.224
Cyprus,CYP,2016,0.224
Cyprus,CYP,2017,0.224
Cyprus,CYP,2018,-0.017
Cyprus,CYP,2019,-0.017
Cyprus,CYP,2020,0.102
Cyprus,CYP,2021,0.7
Cyprus,CYP,2022,0.52
Cyprus,CYP,2023,0.397
Cyprus,CYP,2024,0.512
Cyprus,CYP,2025,0.512
Czechia,CZE,1950,2.445
Czechia,CZE,1951,2.445
Czechia,CZE,1952,2.092
Czechia,CZE,1953,2.092
Czechia,CZE,1954,2.092
Czechia,CZE,1955,1.815
Czechia,CZE,1956,1.815
Czechia,CZE,1957,1.554
Czechia,CZE,1958,1.554
Czechia,CZE,1959,1.554
Czechia,CZE,1960,1.554
Czechia,CZE,1961,1.554
Czechia,CZE,1962,1.554
Czechia,CZE,1963,1.372
Czechia,CZE,1964,1.372
Czechia,CZE,1965,1.372
Czechia,CZE,1966,1.372
Czechia,CZE,1967,1.372
Czechia,CZE,1968,1.573
Czechia,CZE,1969,2.094
Czechia,CZE,1970,1.48
Czechia,CZE,1971,1.48
Czechia,CZE,1972,1.48
Czechia,CZE,1973,1.48
Czechia,CZE,1974,1.48
Czechia,CZE,1975,1.48
Czechia,CZE,1976,1.48
Czechia,CZE,1977,1.48
Czechia,CZE,1978,1.48
Czechia,CZE,1979,1.48
Czechia,CZE,1980,1.48
Czechia,CZE,1981,1.48
Czechia,CZE,1982,1.48
Czechia,CZE,1983,1.48
Czechia,CZE,1984,1.48
Czechia,CZE,1985,1.48
Czechia,CZE,1986,1.48
Czechia,CZE,1987,1.48
Czechia,CZE,1988,1.48
Czechia,CZE,1989,1.48
Czechia,CZE,1990,-2.03
Czechia,CZE,1991,-2.03
Czechia,CZE,1992,-2.03
Czechia,CZE,1993,-3.01
Czechia,CZE,1994,-3.01
Czechia,CZE,1995,-3.01
Czechia,CZE,1996,-3.01
Czechia,CZE,1997,-2.484
Czechia,CZE,1998,-2.125
Czechia,CZE,1999,-2.125
Czechia,CZE,2000,-2.125
Czechia,CZE,2001,-2.125
Czechia,CZE,2002,-2.125
Czechia,CZE,2003,-2.24
Czechia,CZE,2004,-2.24
Czechia,CZE,2005,-2.24
Czechia,CZE,2006,-1.76
Czechia,CZE,2007,-2.011
Czechia,CZE,2008,-2.011
Czechia,CZE,2009,-2.011
Czechia,CZE,2010,-1.736
Czechia,CZE,2011,-1.736
Czechia,CZE,2012,-1.736
Czechia,CZE,2013,-1.369
Czechia,CZE,2014,-1.369
Czechia,CZE,2015,-1.531
Czechia,CZE,2016,-1.531
Czechia,CZE,2017,-1.531
Czechia,CZE,2018,-1.358
Czechia,CZE,2019,-1.358
Czechia,CZE,2020,-0.677
Czechia,CZE,2021,-0.275
Czechia,CZE,2022,-0.591
Czechia,CZE,2023,-0.351
Czechia,CZE,2024,-0.431
Czechia,CZE,2025,-0.131
Democratic Republic of Congo,COD,1950,0.324
Democratic Republic of Congo,COD,1951,0.324
Democratic Republic of Congo,COD,1952,0.324
Democratic Republic of Congo,COD,1953,0.324
Democratic Republic of Congo,COD,1954,0.324
Democratic Republic of Congo,COD,1955,0.324
Democratic Republic of Congo,COD,1956,0.324
Democratic Republic of Congo,COD,1957,0.324
Democratic Republic of Congo,COD,1958,0.324
Democratic Republic of Congo,COD,1959,0.324
Democratic Republic of Congo,COD,1960,1.605
Democratic Republic of Congo,COD,1961,1.605
Democratic Republic of Congo,COD,1962,1.605
Democratic Republic of Congo,COD,1963,1.605
Democratic Republic of Congo,COD,1964,1.605
Democratic Republic of Congo,COD,1965,1.57
Democratic Republic of Congo,COD,1966,0.812
Democratic Republic of Congo,COD,1967,0.812
Democratic Republic of Congo,COD,1968,0.812
Democratic Republic of Congo,COD,1969,0.812
Democratic Republic of Congo,COD,1970,0.514
Democratic Republic of Congo,COD,1971,0.514
Democratic Republic of Congo,COD,1972,0.514
Democratic Republic of Congo,COD,1973,0.514
Democratic Republic of Congo,COD,1974,0.514
Democratic Republic of Congo,COD,1975,0.514
Democratic Republic of Congo,COD,1976,0.514
Democratic Republic of Congo,COD,1977,0.514
Democratic Republic of Congo,COD,1978,0.514
Democratic Republic of Congo,COD,1979,0.514
Democratic Republic of Congo,COD,1980,0.533
Democratic Republic of Congo,COD,1981,0.533
Democratic Republic of Congo,COD,1982,0.533
Democratic Republic of Congo,COD,1983,0.533
Democratic Republic of Congo,COD,1984,0.533
Democratic Republic of Congo,COD,1985,0.533
Democratic Republic of Congo,COD,1986,0.533
Democratic Republic of Congo,COD,1987,0.533
Democratic Republic of Congo,COD,1988,0.533
Democratic Republic of Congo,COD,1989,0.533
Democratic Republic of Congo,COD,1990,0.786
Democratic Republic of Congo,COD,1991,0.786
Democratic Republic of Congo,COD,1992,0.786
Democratic Republic of Congo,COD,1993,0.786
Democratic Republic of Congo,COD,1994,0.786
Democratic Republic of Congo,COD,1995,0.786
Democratic Republic of Congo,COD,1996,0.786
Democratic Republic of Congo,COD,1997,1.165
Democratic Republic of Congo,COD,1998,1.165
Democratic Republic of Congo,COD,1999,1.165
Democratic Republic of Congo,COD,2000,1.267
Democratic Republic of Congo,COD,2001,1.267
Democratic Republic of Congo,COD,2002,1.267
Democratic Republic of Congo,COD,2003,0.48
Democratic Republic of Congo,COD,2004,0.48
Democratic Republic of Congo,COD,2005,0.48
Democratic Republic of Congo,COD,2006,0.297
Democratic Republic of Congo,COD,2007,0.297
Democratic Republic of Congo,COD,2008,0.297
Democratic Republic of Congo,COD,2009,0.297
Democratic Republic of Congo,COD,2010,0.403
Democratic Republic of Congo,COD,2011,1.062
Democratic Republic of Congo,COD,2012,1.062
Democratic Republic of Congo,COD,2013,1.062
Democratic Republic of Congo,COD,2014,1.062
Democratic Republic of Congo,COD,2015,1.062
Democratic Republic of Congo,COD,2016,1.212
Democratic Republic of Congo,COD,2017,1.212
Democratic Republic of Congo,COD,2018,1.212
Democratic Republic of Congo,COD,2019,1.241
Democratic Republic of Congo,COD,2020,1.344
Democratic Republic of Congo,COD,2021,1.344
Democratic Republic of Congo,COD,2022,-0.573
Democratic Republic of Congo,COD,2023,-0.573
Democratic Republic of Congo,COD,2024,-0.573
Democratic Republic of Congo,COD,2025,-0.758
Democratic Republic of Vietnam,OWID_DRV,1950,1.281
Democratic Republic of Vietnam,OWID_DRV,1951,1.281
Democratic Republic of Vietnam,OWID_DRV,1952,1.281
Democratic Republic of Vietnam,OWID_DRV,1953,1.281
Democratic Republic of Vietnam,OWID_DRV,1954,1.281
Democratic Republic of Vietnam,OWID_DRV,1955,1.688
Democratic Republic of Vietnam,OWID_DRV,1956,1.688
Democratic Republic of Vietnam,OWID_DRV,1957,1.688
Democratic Republic of Vietnam,OWID_DRV,1958,1.688
Democratic Republic of Vietnam,OWID_DRV,1959,1.688
Democratic Republic of Vietnam,OWID_DRV,1960,1.688
Democratic Republic of Vietnam,OWID_DRV,1961,1.688
Democratic Republic of Vietnam,OWID_DRV,1962,1.688
Democratic Republic of Vietnam,OWID_DRV,1963,1.688
Democratic Republic of Vietnam,OWID_DRV,1964,1.688
Democratic Republic of Vietnam,OWID_DRV,1965,1.688
Democratic Republic of Vietnam,OWID_DRV,1966,1.688
Democratic Republic of Vietnam,OWID_DRV,1967,1.688
Democratic Republic of Vietnam,OWID_DRV,1968,1.688
Democratic Republic of Vietnam,OWID_DRV,1969,1.688
Democratic Republic of Vietnam,OWID_DRV,1970,1.688
Democratic Republic of Vietnam,OWID_DRV,1971,1.688
Democratic Republic of Vietnam,OWID_DRV,1972,1.688
Democratic Republic of Vietnam,OWID_DRV,1973,1.688
Democratic Republic of Vietnam,OWID_DRV,1974,1.688
Democratic Republic of Vietnam,OWID_DRV,1975,1.891
Denmark,DNK,1950,-3.002
Denmark,DNK,1951,-3.002
Denmark,DNK,1952,-3.002
Denmark,DNK,1953,-2.9
Denmark,DNK,1954,-2.64
Denmark,DNK,1955,-2.64
Denmark,DNK,1956,-2.64
Denmark,DNK,1957,-2.64
Denmark,DNK,1958,-2.64
Denmark,DNK,1959,-2.64
Denmark,DNK,1960,-2.64
Denmark,DNK,1961,-2.64
Denmark,DNK,1962,-2.64
Denmark,DNK,1963,-2.64
Denmark,DNK,1964,-2.64
Denmark,DNK,1965,-2.64
Denmark,DNK,1966,-2.64
Denmark,DNK,1967,-2.64
Denmark,DNK,1968,-2.64
Denmark,DNK,1969,-2.64
Denmark,DNK,1970,-2.64
Denmark,DNK,1971,-2.64
Denmark,DNK,1972,-2.64
Denmark,DNK,1973,-2.64
Denmark,DNK,1974,-2.64
Denmark,DNK,1975,-2.64
Denmark,DNK,1976,-2.64
Denmark,DNK,1977,-2.64
Denmark,DNK,1978,-2.64
Denmark,DNK,1979,-2.64
Denmark,DNK,1980,-2.64
Denmark,DNK,1981,-2.64
Denmark,DNK,1982,-2.64
Denmark,DNK,1983,-2.64
Denmark,DNK,1984,-2.64
Denmark,DNK,1985,-2.64
Denmark,DNK,1986,-2.64
Denmark,DNK,1987,-2.64
Denmark,DNK,1988,-2.64
Denmark,DNK,1989,-2.64
Denmark,DNK,1990,-2.64
Denmark,DNK,1991,-2.64
Denmark,DNK,1992,-2.64
Denmark,DNK,1993,-2.64
Denmark,DNK,1994,-2.64
Denmark,DNK,1995,-2.64
Denmark,DNK,1996,-2.64
Denmark,DNK,1997,-2.64
Denmark,DNK,1998,-2.64
Denmark,DNK,1999,-2.64
Denmark,DNK,2000,-2.64
Denmark,DNK,2001,-2.64
Denmark,DNK,2002,-2.64
Denmark,DNK,2003,-2.64
Denmark,DNK,2004,-2.64
Denmark,DNK,2005,-2.64
Denmark,DNK,2006,-2.64
Denmark,DNK,2007,-2.64
Denmark,DNK,2008,-2.64
Denmark,DNK,2009,-3.236
Denmark,DNK,2010,-3.236
Denmark,DNK,2011,-3.236
Denmark,DNK,2012,-3.236
Denmark,DNK,2013,-3.236
Denmark,DNK,2014,-3.236
Denmark,DNK,2015,-3.236
Denmark,DNK,2016,-3.236
Denmark,DNK,2017,-3.236
Denmark,DNK,2018,-3.236
Denmark,DNK,2019,-3.236
Denmark,DNK,2020,-3.236
Denmark,DNK,2021,-2.157
Denmark,DNK,2022,-1.645
Denmark,DNK,2023,-1.645
Denmark,DNK,2024,-1.645
Denmark,DNK,2025,-1.645
Djibouti,DJI,1950,-0.109
Djibouti,DJI,1951,-0.109
Djibouti,DJI,1952,-0.109
Djibouti,DJI,1953,-0.109
Djibouti,DJI,1954,-0.109
Djibouti,DJI,1955,-0.109
Djibouti,DJI,1956,-0.109
Djibouti,DJI,1957,-0.109
Djibouti,DJI,1958,-0.109
Djibouti,DJI,1959,-0.109
Djibouti,DJI,1960,-0.109
Djibouti,DJI,1961,-0.109
Djibouti,DJI,1962,-0.109
Djibouti,DJI,1963,-0.109
Djibouti,DJI,1964,-0.109
Djibouti,DJI,1965,-0.109
Djibouti,DJI,1966,-0.109
Djibouti,DJI,1967,-0.109
Djibouti,DJI,1968,-0.109
Djibouti,DJI,1969,-0.109
Djibouti,DJI,1970,-0.109
Djibouti,DJI,1971,-0.109
Djibouti,DJI,1972,-0.109
Djibouti,DJI,1973,-0.109
Djibouti,DJI,1974,-0.109
Djibouti,DJI,1975,0.22
Djibouti,DJI,1976,0.22
Djibouti,DJI,1977,0.22
Djibouti,DJI,1978,0.22
Djibouti,DJI,1979,-0.145
Djibouti,DJI,1980,0.132
Djibouti,DJI,1981,0.132
Djibouti,DJI,1982,0.132
Djibouti,DJI,1983,0.132
Djibouti,DJI,1984,0.132
Djibouti,DJI,1985,0.132
Djibouti,DJI,1986,0.132
Djibouti,DJI,1987,0.132
Djibouti,DJI,1988,0.132
Djibouti,DJI,1989,0.132
Djibouti,DJI,1990,0.73
Djibouti,DJI,1991,1.141
Djibouti,DJI,1992,1.141
Djibouti,DJI,1993,1.141
Djibouti,DJI,1994,1.141
Djibouti,DJI,1995,0.726
Djibouti,DJI,1996,0.726
Djibouti,DJI,1997,0.588
Djibouti,DJI,1998,0.588
Djibouti,DJI,1999,0.588
Djibouti,DJI,2000,0.196
Djibouti,DJI,2001,0.196
Djibouti,DJI,2002,0.196
Djibouti,DJI,2003,0.196
Djibouti,DJI,2004,0.196
Djibouti,DJI,2005,0.196
Djibouti,DJI,2006,0.196
Djibouti,DJI,2007,0.196
Djibouti,DJI,2008,0.196
Djibouti,DJI,2009,0.196
Djibouti,DJI,2010,0.196
Djibouti,DJI,2011,0.196
Djibouti,DJI,2012,-0.006
Djibouti,DJI,2013,0.245
Djibouti,DJI,2014,0.245
Djibouti,DJI,2015,-0.004
Djibouti,DJI,2016,-0.004
Djibouti,DJI,2017,-0.004
Djibouti,DJI,2018,-0.004
Djibouti,DJI,2019,-0.004
Djibouti,DJI,2020,-0.004
Djibouti,DJI,2021,-0.004
Djibouti,DJI,2022,-0.004
Djibouti,DJI,2023,0.36
Djibouti,DJI,2024,0.36
Djibouti,DJI,2025,0.36
Dominican Republic,DOM,1950,2.723
Dominican Republic,DOM,1951,2.723
Dominican Republic,DOM,1952,2.723
Dominican Republic,DOM,1953,2.723
Dominican Republic,DOM,1954,2.723
Dominican Republic,DOM,1955,2.723
Dominican Republic,DOM,1956,2.723
Dominican Republic,DOM,1957,2.723
Dominican Republic,DOM,1958,2.723
Dominican Republic,DOM,1959,2.723
Dominican Republic,DOM,1960,2.723
Dominican Republic,DOM,1961,2.723
Dominican Republic,DOM,1962,2.021
Dominican Republic,DOM,1963,2.021
Dominican Republic,DOM,1964,2.021
Dominican Republic,DOM,1965,2.72
Dominican Republic,DOM,1966,2.72
Dominican Republic,DOM,1967,2.012
Dominican Republic,DOM,1968,2.012
Dominican Republic,DOM,1969,2.012
Dominican Republic,DOM,1970,2.012
Dominican Republic,DOM,1971,2.012
Dominican Republic,DOM,1972,2.012
Dominican Republic,DOM,1973,2.012
Dominican Republic,DOM,1974,2.012
Dominican Republic,DOM,1975,2.012
Dominican Republic,DOM,1976,2.012
Dominican Republic,DOM,1977,2.012
Dominican Republic,DOM,1978,2.012
Dominican Republic,DOM,1979,0.963
Dominican Republic,DOM,1980,0.963
Dominican Republic,DOM,1981,0.963
Dominican Republic,DOM,1982,0.963
Dominican Republic,DOM,1983,0.963
Dominican Republic,DOM,1984,0.963
Dominican Republic,DOM,1985,0.963
Dominican Republic,DOM,1986,0.963
Dominican Republic,DOM,1987,0.963
Dominican Republic,DOM,1988,0.963
Dominican Republic,DOM,1989,0.963
Dominican Republic,DOM,1990,0.963
Dominican Republic,DOM,1991,0.963
Dominican Republic,DOM,1992,0.963
Dominican Republic,DOM,1993,0.963
Dominican Republic,DOM,1994,0.963
Dominican Republic,DOM,1995,0.963
Dominican Republic,DOM,1996,0.963
Dominican Republic,DOM,1997,0.309
Dominican Republic,DOM,1998,0.021
Dominican Republic,DOM,1999,0.021
Dominican Republic,DOM,2000,0.021
Dominican Republic,DOM,2001,0.021
Dominican Republic,DOM,2002,0.021
Dominican Republic,DOM,2003,0.021
Dominican Republic,DOM,2004,0.021
Dominican Republic,DOM,2005,-0.581
Dominican Republic,DOM,2006,-0.581
Dominican Republic,DOM,2007,-0.581
Dominican Republic,DOM,2008,-0.581
Dominican Republic,DOM,2009,-0.581
Dominican Republic,DOM,2010,-0.414
Dominican Republic,DOM,2011,-0.414
Dominican Republic,DOM,2012,-0.414
Dominican Republic,DOM,2013,-0.414
Dominican Republic,DOM,2014,-0.414
Dominican Republic,DOM,2015,-0.414
Dominican Republic,DOM,2016,-0.414
Dominican Republic,DOM,2017,-0.414
Dominican Republic,DOM,2018,-0.414
Dominican Republic,DOM,2019,-0.414
Dominican Republic,DOM,2020,-0.871
Dominican Republic,DOM,2021,-0.903
Dominican Republic,DOM,2022,-0.903
Dominican Republic,DOM,2023,-0.903
Dominican Republic,DOM,2024,-0.903
Dominican Republic,DOM,2025,-0.903
East Germany,OWID_GDR,1950,1.163
East Germany,OWID_GDR,1951,1.163
East Germany,OWID_GDR,1952,1.163
East Germany,OWID_GDR,1953,2.147
East Germany,OWID_GDR,1954,1.321
East Germany,OWID_GDR,1955,1.321
East Germany,OWID_GDR,1956,1.321
East Germany,OWID_GDR,1957,1.321
East Germany,OWID_GDR,1958,1.321
East Germany,OWID_GDR,1959,1.321
East Germany,OWID_GDR,1960,1.321
East Germany,OWID_GDR,1961,1.321
East Germany,OWID_GDR,1962,1.321
East Germany,OWID_GDR,1963,1.321
East Germany,OWID_GDR,1964,1.321
East Germany,OWID_GDR,1965,1.321
East Germany,OWID_GDR,1966,1.321
East Germany,OWID_GDR,1967,1.321
East Germany,OWID_GDR,1968,1.321
East Germany,OWID_GDR,1969,1.321
East Germany,OWID_GDR,1970,1.321
East Germany,OWID_GDR,1971,1.321
East Germany,OWID_GDR,1972,1.321
East Germany,OWID_GDR,1973,1.321
East Germany,OWID_GDR,1974,1.321
East Germany,OWID_GDR,1975,1.321
East Germany,OWID_GDR,1976,1.321
East Germany,OWID_GDR,1977,1.321
East Germany,OWID_GDR,1978,1.321
East Germany,OWID_GDR,1979,1.321
East Germany,OWID_GDR,1980,1.321
East Germany,OWID_GDR,1981,1.576
East Germany,OWID_GDR,1982,1.576
East Germany,OWID_GDR,1983,1.576
East Germany,OWID_GDR,1984,1.576
East Germany,OWID_GDR,1985,1.576
East Germany,OWID_GDR,1986,1.576
East Germany,OWID_GDR,1987,1.576
East Germany,OWID_GDR,1988,1.846
East Germany,OWID_GDR,1989,1.296
East Germany,OWID_GDR,1990,-0.187
East Timor,TLS,1950,0.12
East Timor,TLS,1951,0.12
East Timor,TLS,1952,0.12
East Timor,TLS,1953,0.12
East Timor,TLS,1954,0.12
East Timor,TLS,1955,0.12
East Timor,TLS,1956,0.12
East Timor,TLS,1957,0.12
East Timor,TLS,1958,0.12
East Timor,TLS,1959,0.12
East Timor,TLS,1960,0.12
East Timor,TLS,1961,0.12
East Timor,TLS,1962,0.12
East Timor,TLS,1963,0.12
East Timor,TLS,1964,0.12
East Timor,TLS,1965,0.12
East Timor,TLS,1966,0.12
East Timor,TLS,1967,0.12
East Timor,TLS,1968,0.12
East Timor,TLS,1969,0.12
East Timor,TLS,1970,0.12
East Timor,TLS,1971,0.12
East Timor,TLS,1972,0.12
East Timor,TLS,1973,0.12
East Timor,TLS,1974,1.193
East Timor,TLS,1975,2.392
East Timor,TLS,1976,2.392
East Timor,TLS,1977,2.392
East Timor,TLS,1978,2.392
East Timor,TLS,1979,2.392
East Timor,TLS,1980,2.392
East Timor,TLS,1981,2.392
East Timor,TLS,1982,2.392
East Timor,TLS,1983,2.392
East Timor,TLS,1984,2.392
East Timor,TLS,1985,2.392
East Timor,TLS,1986,2.392
East Timor,TLS,1987,2.392
East Timor,TLS,1988,2.392
East Timor,TLS,1989,2.392
East Timor,TLS,1990,2.392
East Timor,TLS,1991,2.392
East Timor,TLS,1992,2.392
East Timor,TLS,1993,2.392
East Timor,TLS,1994,2.392
East Timor,TLS,1995,2.392
East Timor,TLS,1996,2.392
East Timor,TLS,1997,2.392
East Timor,TLS,1998,2.392
East Timor,TLS,1999,2.392
East Timor,TLS,2000,-1.738
East Timor,TLS,2001,-1.738
East Timor,TLS,2002,-1.738
East Timor,TLS,2003,-2.163
East Timor,TLS,2004,-2.163
East Timor,TLS,2005,-1.377
East Timor,TLS,2006,0.6
East Timor,TLS,2007,0.6
East Timor,TLS,2008,0.006
East Timor,TLS,2009,0.006
East Timor,TLS,2010,0.006
East Timor,TLS,2011,0.006
East Timor,TLS,2012,-0.432
East Timor,TLS,2013,-0.687
East Timor,TLS,2014,-0.687
East Timor,TLS,2015,-1.137
East Timor,TLS,2016,-1.137
East Timor,TLS,2017,-0.09
East Timor,TLS,2018,-0.09
East Timor,TLS,2019,-0.09
East Timor,TLS,2020,-0.09
East Timor,TLS,2021,-0.09
East Timor,TLS,2022,-0.09
East Timor,TLS,2023,-0.324
East Timor,TLS,2024,-0.879
East Timor,TLS,2025,-0.879
Ecuador,ECU,1950,0.013
Ecuador,ECU,1951,0.013
Ecuador,ECU,1952,0.013
Ecuador,ECU,1953,0.454
Ecuador,ECU,1954,0.454
Ecuador,ECU,1955,0.454
Ecuador,ECU,1956,0.454
Ecuador,ECU,1957,0.454
Ecuador,ECU,1958,0.454
Ecuador,ECU,1959,0.454
Ecuador,ECU,1960,0.798
Ecuador,ECU,1961,0.798
Ecuador,ECU,1962,0.798
Ecuador,ECU,1963,0.798
Ecuador,ECU,1964,0.798
Ecuador,ECU,1965,0.798
Ecuador,ECU,1966,0.798
Ecuador,ECU,1967,0.798
Ecuador,ECU,1968,0.798
Ecuador,ECU,1969,0.798
Ecuador,ECU,1970,0.798
Ecuador,ECU,1971,0.798
Ecuador,ECU,1972,0.798
Ecuador,ECU,1973,0.798
Ecuador,ECU,1974,0.798
Ecuador,ECU,1975,0.798
Ecuador,ECU,1976,0.798
Ecuador,ECU,1977,0.798
Ecuador,ECU,1978,0.798
Ecuador,ECU,1979,0.798
Ecuador,ECU,1980,-0.206
Ecuador,ECU,1981,-0.206
Ecuador,ECU,1982,-0.206
Ecuador,ECU,1983,-0.206
Ecuador,ECU,1984,-0.206
Ecuador,ECU,1985,-0.206
Ecuador,ECU,1986,-0.206
Ecuador,ECU,1987,-0.206
Ecuador,ECU,1988,-0.206
Ecuador,ECU,1989,-0.206
Ecuador,ECU,1990,0.013
Ecuador,ECU,1991,0.013
Ecuador,ECU,1992,0.013
Ecuador,ECU,1993,0.013
Ecuador,ECU,1994,0.013
Ecuador,ECU,1995,0.121
Ecuador,ECU,1996,0.121
Ecuador,ECU,1997,0.121
Ecuador,ECU,1998,0.121
Ecuador,ECU,1999,0.121
Ecuador,ECU,2000,0.524
Ecuador,ECU,2001,0.524
Ecuador,ECU,2002,0.524
Ecuador,ECU,2003,0.524
Ecuador,ECU,2004,0.524
Ecuador,ECU,2005,0.524
Ecuador,ECU,2006,0.524
Ecuador,ECU,2007,0.962
Ecuador,ECU,2008,1.151
Ecuador,ECU,2009,1.151
Ecuador,ECU,2010,1.151
Ecuador,ECU,2011,1.151
Ecuador,ECU,2012,1.151
Ecuador,ECU,2013,1.387
Ecuador,ECU,2014,1.387
Ecuador,ECU,2015,1.387
Ecuador,ECU,2016,1.387
Ecuador,ECU,2017,1.387
Ecuador,ECU,2018,1.605
Ecuador,ECU,2019,1.605
Ecuador,ECU,2020,1.605
Ecuador,ECU,2021,0.879
Ecuador,ECU,2022,0.879
Ecuador,ECU,2023,0.673
Ecuador,ECU,2024,0.673
Ecuador,ECU,2025,1.221
Egypt,EGY,1950,-0.184
Egypt,EGY,1951,-0.184
Egypt,EGY,1952,0.114
Egypt,EGY,1953,-0.484
Egypt,EGY,1954,-0.484
Egypt,EGY,1955,-0.484
Egypt,EGY,1956,-0.484
Egypt,EGY,1957,-2.332
Egypt,EGY,1958,-2.332
Egypt,EGY,1959,-2.332
Egypt,EGY,1960,-2.332
Egypt,EGY,1961,-2.332
Egypt,EGY,1962,-2.332
Egypt,EGY,1963,-2.332
Egypt,EGY,1964,-2.332
Egypt,EGY,1965,-2.332
Egypt,EGY,1966,-2.332
Egypt,EGY,1967,-2.332
Egypt,EGY,1968,-2.332
Egypt,EGY,1969,-2.332
Egypt,EGY,1970,-2.003
Egypt,EGY,1971,-2.003
Egypt,EGY,1972,-2.003
Egypt,EGY,1973,-2.003
Egypt,EGY,1974,-2.342
Egypt,EGY,1975,-1.962
Egypt,EGY,1976,-1.962
Egypt,EGY,1977,-1.522
Egypt,EGY,1978,-1.522
Egypt,EGY,1979,-1.522
Egypt,EGY,1980,-1.147
Egypt,EGY,1981,-0.808
Egypt,EGY,1982,-1.06
Egypt,EGY,1983,-1.06
Egypt,EGY,1984,-1.06
Egypt,EGY,1985,-1.366
Egypt,EGY,1986,-1.366
Egypt,EGY,1987,-1.366
Egypt,EGY,1988,-1.366
Egypt,EGY,1989,-1.366
Egypt,EGY,1990,-1.366
Egypt,EGY,1991,-1.366
Egypt,EGY,1992,-1.366
Egypt,EGY,1993,-1.366
Egypt,EGY,1994,-1.707
Egypt,EGY,1995,-1.707
Egypt,EGY,1996,-1.707
Egypt,EGY,1997,-1.347
Egypt,EGY,1998,-1.703
Egypt,EGY,1999,-1.703
Egypt,EGY,2000,-1.703
Egypt,EGY,2001,-1.703
Egypt,EGY,2002,-1.703
Egypt,EGY,2003,-1.703
Egypt,EGY,2004,-1.343
Egypt,EGY,2005,-1.828
Egypt,EGY,2006,-1.703
Egypt,EGY,2007,-1.575
Egypt,EGY,2008,-1.575
Egypt,EGY,2009,-1.575
Egypt,EGY,2010,-0.864
Egypt,EGY,2011,1.228
Egypt,EGY,2012,2.213
Egypt,EGY,2013,2.681
Egypt,EGY,2014,1.823
Egypt,EGY,2015,1.269
Egypt,EGY,2016,1.085
Egypt,EGY,2017,0.793
Egypt,EGY,2018,0.711
Egypt,EGY,2019,0.595
Egypt,EGY,2020,0.215
Egypt,EGY,2021,0.012
Egypt,EGY,2022,-0.09
Egypt,EGY,2023,-0.09
Egypt,EGY,2024,-0.09
Egypt,EGY,2025,-0.22
El Salvador,SLV,1950,1.167
El Salvador,SLV,1951,1.167
El Salvador,SLV,1952,1.167
El Salvador,SLV,1953,1.167
El Salvador,SLV,1954,1.167
El Salvador,SLV,1955,1.167
El Salvador,SLV,1956,1.167
El Salvador,SLV,1957,1.167
El Salvador,SLV,1958,1.167
El Salvador,SLV,1959,1.167
El Salvador,SLV,1960,1.167
El Salvador,SLV,1961,1.167
El Salvador,SLV,1962,1.167
El Salvador,SLV,1963,1.167
El Salvador,SLV,1964,1.167
El Salvador,SLV,1965,1.167
El Salvador,SLV,1966,1.167
El Salvador,SLV,1967,1.167
El Salvador,SLV,1968,1.167
El Salvador,SLV,1969,1.167
El Salvador,SLV,1970,1.953
El Salvador,SLV,1971,1.953
El Salvador,SLV,1972,1.953
El Salvador,SLV,1973,1.953
El Salvador,SLV,1974,1.953
El Salvador,SLV,1975,1.953
El Salvador,SLV,1976,1.953
El Salvador,SLV,1977,1.953
El Salvador,SLV,1978,1.953
El Salvador,SLV,1979,2.371
El Salvador,SLV,1980,2.723
El Salvador,SLV,1981,2.723
El Salvador,SLV,1982,2.723
El Salvador,SLV,1983,2.723
El Salvador,SLV,1984,2.723
El Salvador,SLV,1985,2.723
El Salvador,SLV,1986,2.723
El Salvador,SLV,1987,2.723
El Salvador,SLV,1988,2.723
El Salvador,SLV,1989,2.723
El Salvador,SLV,1990,2.723
El Salvador,SLV,1991,2.723
El Salvador,SLV,1992,2.723
El Salvador,SLV,1993,0.991
El Salvador,SLV,1994,0.991
El Salvador,SLV,1995,0.991
El Salvador,SLV,1996,0.991
El Salvador,SLV,1997,0.991
El Salvador,SLV,1998,0.991
El Salvador,SLV,1999,0.991
El Salvador,SLV,2000,0.885
El Salvador,SLV,2001,0.885
El Salvador,SLV,2002,0.885
El Salvador,SLV,2003,0.885
El Salvador,SLV,2004,0.885
El Salvador,SLV,2005,0.885
El Salvador,SLV,2006,0.885
El Salvador,SLV,2007,0.885
El Salvador,SLV,2008,0.885
El Salvador,SLV,2009,0.885
El Salvador,SLV,2010,0.82
El Salvador,SLV,2011,0.82
El Salvador,SLV,2012,0.82
El Salvador,SLV,2013,0.82
El Salvador,SLV,2014,0.82
El Salvador,SLV,2015,0.767
El Salvador,SLV,2016,0.767
El Salvador,SLV,2017,0.767
El Salvador,SLV,2018,0.767
El Salvador,SLV,2019,0.767
El Salvador,SLV,2020,0.849
El Salvador,SLV,2021,1.526
El Salvador,SLV,2022,1.526
El Salvador,SLV,2023,1.526
El Salvador,SLV,2024,1.526
El Salvador,SLV,2025,1.526
Equatorial Guinea,GNQ,1950,0.087
Equatorial Guinea,GNQ,1951,0.087
Equatorial Guinea,GNQ,1952,0.087
Equatorial Guinea,GNQ,1953,0.087
Equatorial Guinea,GNQ,1954,0.216
Equatorial Guinea,GNQ,1955,0.216
Equatorial Guinea,GNQ,1956,0.216
Equatorial Guinea,GNQ,1957,0.371
Equatorial Guinea,GNQ,1958,0.371
Equatorial Guinea,GNQ,1959,0.279
Equatorial Guinea,GNQ,1960,0.279
Equatorial Guinea,GNQ,1961,0.279
Equatorial Guinea,GNQ,1962,0.143
Equatorial Guinea,GNQ,1963,0.143
Equatorial Guinea,GNQ,1964,-0.51
Equatorial Guinea,GNQ,1965,-0.51
Equatorial Guinea,GNQ,1966,-0.671
Equatorial Guinea,GNQ,1967,-0.671
Equatorial Guinea,GNQ,1968,-0.037
Equatorial Guinea,GNQ,1969,1.358
Equatorial Guinea,GNQ,1970,2.164
Equatorial Guinea,GNQ,1971,2.164
Equatorial Guinea,GNQ,1972,2.164
Equatorial Guinea,GNQ,1973,2.164
Equatorial Guinea,GNQ,1974,2.164
Equatorial Guinea,GNQ,1975,2.164
Equatorial Guinea,GNQ,1976,2.164
Equatorial Guinea,GNQ,1977,2.427
Equatorial Guinea,GNQ,1978,2.711
Equatorial Guinea,GNQ,1979,2.339
Equatorial Guinea,GNQ,1980,1.445
Equatorial Guinea,GNQ,1981,1.211
Equatorial Guinea,GNQ,1982,0.998
Equatorial Guinea,GNQ,1983,0.998
Equatorial Guinea,GNQ,1984,0.998
Equatorial Guinea,GNQ,1985,0.998
Equatorial Guinea,GNQ,1986,0.998
Equatorial Guinea,GNQ,1987,0.998
Equatorial Guinea,GNQ,1988,0.998
Equatorial Guinea,GNQ,1989,0.998
Equatorial Guinea,GNQ,1990,0.431
Equatorial Guinea,GNQ,1991,0.333
Equatorial Guinea,GNQ,1992,0.333
Equatorial Guinea,GNQ,1993,0.333
Equatorial Guinea,GNQ,1994,0.472
Equatorial Guinea,GNQ,1995,0.472
Equatorial Guinea,GNQ,1996,0.472
Equatorial Guinea,GNQ,1997,0.472
Equatorial Guinea,GNQ,1998,0.472
Equatorial Guinea,GNQ,1999,0.472
Equatorial Guinea,GNQ,2000,0.472
Equatorial Guinea,GNQ,2001,0.634
Equatorial Guinea,GNQ,2002,0.634
Equatorial Guinea,GNQ,2003,0.808
Equatorial Guinea,GNQ,2004,0.638
Equatorial Guinea,GNQ,2005,0.792
Equatorial Guinea,GNQ,2006,0.632
Equatorial Guinea,GNQ,2007,0.632
Equatorial Guinea,GNQ,2008,0.496
Equatorial Guinea,GNQ,2009,0.496
Equatorial Guinea,GNQ,2010,0.972
Equatorial Guinea,GNQ,2011,0.972
Equatorial Guinea,GNQ,2012,0.972
Equatorial Guinea,GNQ,2013,0.972
Equatorial Guinea,GNQ,2014,0.972
Equatorial Guinea,GNQ,2015,1.212
Equatorial Guinea,GNQ,2016,1.37
Equatorial Guinea,GNQ,2017,1.155
Equatorial Guinea,GNQ,2018,1.155
Equatorial Guinea,GNQ,2019,0.988
Equatorial Guinea,GNQ,2020,0.439
Equatorial Guinea,GNQ,2021,0.64
Equatorial Guinea,GNQ,2022,0.64
Equatorial Guinea,GNQ,2023,0.64
Equatorial Guinea,GNQ,2024,0.64
Equatorial Guinea,GNQ,2025,0.359
Eritrea,ERI,1950,1.41
Eritrea,ERI,1951,1.41
Eritrea,ERI,1952,1.41
Eritrea,ERI,1953,1.219
Eritrea,ERI,1954,1.219
Eritrea,ERI,1955,1.219
Eritrea,ERI,1956,1.219
Eritrea,ERI,1957,1.219
Eritrea,ERI,1958,1.219
Eritrea,ERI,1959,1.219
Eritrea,ERI,1960,1.597
Eritrea,ERI,1961,1.597
Eritrea,ERI,1962,1.597
Eritrea,ERI,1963,1.597
Eritrea,ERI,1964,1.597
Eritrea,ERI,1965,1.597
Eritrea,ERI,1966,1.597
Eritrea,ERI,1967,1.597
Eritrea,ERI,1968,1.597
Eritrea,ERI,1969,1.597
Eritrea,ERI,1970,2.104
Eritrea,ERI,1971,2.104
Eritrea,ERI,1972,2.104
Eritrea,ERI,1973,2.104
Eritrea,ERI,1974,2.104
Eritrea,ERI,1975,2.104
Eritrea,ERI,1976,2.104
Eritrea,ERI,1977,2.104
Eritrea,ERI,1978,2.104
Eritrea,ERI,1979,2.104
Eritrea,ERI,1980,2.104
Eritrea,ERI,1981,2.104
Eritrea,ERI,1982,2.104
Eritrea,ERI,1983,1.63
Eritrea,ERI,1984,1.63
Eritrea,ERI,1985,1.63
Eritrea,ERI,1986,1.63
Eritrea,ERI,1987,1.63
Eritrea,ERI,1988,1.63
Eritrea,ERI,1989,1.63
Eritrea,ERI,1990,1.219
Eritrea,ERI,1991,1.013
Eritrea,ERI,1992,0.77
Eritrea,ERI,1993,0.77
Eritrea,ERI,1994,0.77
Eritrea,ERI,1995,0.77
Eritrea,ERI,1996,0.77
Eritrea,ERI,1997,0.77
Eritrea,ERI,1998,0.667
Eritrea,ERI,1999,1.057
Eritrea,ERI,2000,1.057
Eritrea,ERI,2001,1.852
Eritrea,ERI,2002,1.852
Eritrea,ERI,2003,1.852
Eritrea,ERI,2004,1.852
Eritrea,ERI,2005,1.524
Eritrea,ERI,2006,1.524
Eritrea,ERI,2007,1.524
Eritrea,ERI,2008,1.524
Eritrea,ERI,2009,1.524
Eritrea,ERI,2010,1.524
Eritrea,ERI,2011,1.524
Eritrea,ERI,2012,1.524
Eritrea,ERI,2013,1.524
Eritrea,ERI,2014,1.524
Eritrea,ERI,2015,1.524
Eritrea,ERI,2016,1.524
Eritrea,ERI,2017,1.524
Eritrea,ERI,2018,1.524
Eritrea,ERI,2019,1.524
Eritrea,ERI,2020,1.877
Eritrea,ERI,2021,1.283
Eritrea,ERI,2022,1.283
Eritrea,ERI,2023,1.283
Eritrea,ERI,2024,0.994
Eritrea,ERI,2025,1.217
Estonia,EST,1950,0.978
Estonia,EST,1951,0.978
Estonia,EST,1952,0.978
Estonia,EST,1953,0.978
Estonia,EST,1954,0.978
Estonia,EST,1955,0.88
Estonia,EST,1956,0.88
Estonia,EST,1957,0.88
Estonia,EST,1958,0.88
Estonia,EST,1959,0.88
Estonia,EST,1960,0.429
Estonia,EST,1961,0.429
Estonia,EST,1962,0.429
Estonia,EST,1963,0.429
Estonia,EST,1964,0.429
Estonia,EST,1965,0.429
Estonia,EST,1966,0.429
Estonia,EST,1967,0.429
Estonia,EST,1968,0.429
Estonia,EST,1969,0.37
Estonia,EST,1970,0.37
Estonia,EST,1971,0.37
Estonia,EST,1972,0.37
Estonia,EST,1973,0.37
Estonia,EST,1974,0.37
Estonia,EST,1975,0.37
Estonia,EST,1976,0.37
Estonia,EST,1977,0.37
Estonia,EST,1978,0.37
Estonia,EST,1979,0.37
Estonia,EST,1980,0.37
Estonia,EST,1981,0.37
Estonia,EST,1982,0.37
Estonia,EST,1983,0.37
Estonia,EST,1984,0.199
Estonia,EST,1985,0.159
Estonia,EST,1986,0.159
Estonia,EST,1987,0.233
Estonia,EST,1988,0.058
Estonia,EST,1989,0.122
Estonia,EST,1990,-0.665
Estonia,EST,1991,-0.604
Estonia,EST,1992,-1.002
Estonia,EST,1993,-1.483
Estonia,EST,1994,-1.714
Estonia,EST,1995,-1.714
Estonia,EST,1996,-1.714
Estonia,EST,1997,-1.714
Estonia,EST,1998,-1.714
Estonia,EST,1999,-1.714
Estonia,EST,2000,-1.359
Estonia,EST,2001,-1.359
Estonia,EST,2002,-1.468
Estonia,EST,2003,-1.468
Estonia,EST,2004,-1.468
Estonia,EST,2005,-1.468
Estonia,EST,2006,-1.4
Estonia,EST,2007,-0.466
Estonia,EST,2008,-1.091
Estonia,EST,2009,-1.239
Estonia,EST,2010,-1.5
Estonia,EST,2011,-1.887
Estonia,EST,2012,-1.961
Estonia,EST,2013,-1.961
Estonia,EST,2014,-1.961
Estonia,EST,2015,-1.625
Estonia,EST,2016,-1.625
Estonia,EST,2017,-1.024
Estonia,EST,2018,-1.024
Estonia,EST,2019,-0.567
Estonia,EST,2020,-0.454
Estonia,EST,2021,0.085
Estonia,EST,2022,-0.223
Estonia,EST,2023,-1.164
Estonia,EST,2024,-1.255
Estonia,EST,2025,-1.743
Eswatini,SWZ,1950,-1.312
Eswatini,SWZ,1951,-1.312
Eswatini,SWZ,1952,-1.312
Eswatini,SWZ,1953,-1.312
Eswatini,SWZ,1954,-1.312
Eswatini,SWZ,1955,-1.312
Eswatini,SWZ,1956,-1.312
Eswatini,SWZ,1957,-1.312
Eswatini,SWZ,1958,-1.312
Eswatini,SWZ,1959,-1.312
Eswatini,SWZ,1960,-1.051
Eswatini,SWZ,1961,-1.051
Eswatini,SWZ,1962,-1.051
Eswatini,SWZ,1963,-0.924
Eswatini,SWZ,1964,-0.924
Eswatini,SWZ,1965,-0.924
Eswatini,SWZ,1966,-0.924
Eswatini,SWZ,1967,-1.052
Eswatini,SWZ,1968,-1.052
Eswatini,SWZ,1969,-1.052
Eswatini,SWZ,1970,-0.922
Eswatini,SWZ,1971,-0.922
Eswatini,SWZ,1972,-0.922
Eswatini,SWZ,1973,1.192
Eswatini,SWZ,1974,1.049
Eswatini,SWZ,1975,1.387
Eswatini,SWZ,1976,1.387
Eswatini,SWZ,1977,1.387
Eswatini,SWZ,1978,1.387
Eswatini,SWZ,1979,1.387
Eswatini,SWZ,1980,1.551
Eswatini,SWZ,1981,1.551
Eswatini,SWZ,1982,1.551
Eswatini,SWZ,1983,1.551
Eswatini,SWZ,1984,1.551
Eswatini,SWZ,1985,1.551
Eswatini,SWZ,1986,1.551
Eswatini,SWZ,1987,1.551
Eswatini,SWZ,1988,1.551
Eswatini,SWZ,1989,1.551
Eswatini,SWZ,1990,1.551
Eswatini,SWZ,1991,1.551
Eswatini,SWZ,1992,1.551
Eswatini,SWZ,1993,1.551
Eswatini,SWZ,1994,1.328
Eswatini,SWZ,1995,1.328
Eswatini,SWZ,1996,1.328
Eswatini,SWZ,1997,1.328
Eswatini,SWZ,1998,1.328
Eswatini,SWZ,1999,1.328
Eswatini,SWZ,2000,1.328
Eswatini,SWZ,2001,1.328
Eswatini,SWZ,2002,1.328
Eswatini,SWZ,2003,1.328
Eswatini,SWZ,2004,1.328
Eswatini,SWZ,2005,1.328
Eswatini,SWZ,2006,1.328
Eswatini,SWZ,2007,1.328
Eswatini,SWZ,2008,1.328
Eswatini,SWZ,2009,1.328
Eswatini,SWZ,2010,1.328
Eswatini,SWZ,2011,1.328
Eswatini,SWZ,2012,1.328
Eswatini,SWZ,2013,1.328
Eswatini,SWZ,2014,1.328
Eswatini,SWZ,2015,1.328
Eswatini,SWZ,2016,1.328
Eswatini,SWZ,2017,1.023
Eswatini,SWZ,2018,1.023
Eswatini,SWZ,2019,1.023
Eswatini,SWZ,2020,1.311
Eswatini,SWZ,2021,1.846
Eswatini,SWZ,2022,1.846
Eswatini,SWZ,2023,1.642
Eswatini,SWZ,2024,1.642
Eswatini,SWZ,2025,1.642
Ethiopia,ETH,1950,0.29
Ethiopia,ETH,1951,0.29
Ethiopia,ETH,1952,0.326
Ethiopia,ETH,1953,0.326
Ethiopia,ETH,1954,0.326
Ethiopia,ETH,1955,0.326
Ethiopia,ETH,1956,0.326
Ethiopia,ETH,1957,0.326
Ethiopia,ETH,1958,0.326
Ethiopia,ETH,1959,0.326
Ethiopia,ETH,1960,0.413
Ethiopia,ETH,1961,0.413
Ethiopia,ETH,1962,0.413
Ethiopia,ETH,1963,0.413
Ethiopia,ETH,1964,0.413
Ethiopia,ETH,1965,0.413
Ethiopia,ETH,1966,0.413
Ethiopia,ETH,1967,0.462
Ethiopia,ETH,1968,0.462
Ethiopia,ETH,1969,0.462
Ethiopia,ETH,1970,0.462
Ethiopia,ETH,1971,0.462
Ethiopia,ETH,1972,0.462
Ethiopia,ETH,1973,0.462
Ethiopia,ETH,1974,1.53
Ethiopia,ETH,1975,1.53
Ethiopia,ETH,1976,1.53
Ethiopia,ETH,1977,1.178
Ethiopia,ETH,1978,1.178
Ethiopia,ETH,1979,1.178
Ethiopia,ETH,1980,1.571
Ethiopia,ETH,1981,1.571
Ethiopia,ETH,1982,1.571
Ethiopia,ETH,1983,1.571
Ethiopia,ETH,1984,1.571
Ethiopia,ETH,1985,1.571
Ethiopia,ETH,1986,1.571
Ethiopia,ETH,1987,1.571
Ethiopia,ETH,1988,1.571
Ethiopia,ETH,1989,1.571
Ethiopia,ETH,1990,1.43
Ethiopia,ETH,1991,1.43
Ethiopia,ETH,1992,1.057
Ethiopia,ETH,1993,1.057
Ethiopia,ETH,1994,1.057
Ethiopia,ETH,1995,1.057
Ethiopia,ETH,1996,1.057
Ethiopia,ETH,1997,1.057
Ethiopia,ETH,1998,1.44
Ethiopia,ETH,1999,1.44
Ethiopia,ETH,2000,1.44
Ethiopia,ETH,2001,1.44
Ethiopia,ETH,2002,0.921
Ethiopia,ETH,2003,0.921
Ethiopia,ETH,2004,0.921
Ethiopia,ETH,2005,0.921
Ethiopia,ETH,2006,1.069
Ethiopia,ETH,2007,1.069
Ethiopia,ETH,2008,0.889
Ethiopia,ETH,2009,0.89
Ethiopia,ETH,2010,0.585
Ethiopia,ETH,2011,0.585
Ethiopia,ETH,2012,0.585
Ethiopia,ETH,2013,0.585
Ethiopia,ETH,2014,0.585
Ethiopia,ETH,2015,0.585
Ethiopia,ETH,2016,0.514
Ethiopia,ETH,2017,0.443
Ethiopia,ETH,2018,0.394
Ethiopia,ETH,2019,0.549
Ethiopia,ETH,2020,0.883
Ethiopia,ETH,2021,2.2
Ethiopia,ETH,2022,2.046
Ethiopia,ETH,2023,1.612
Ethiopia,ETH,2024,0.902
Ethiopia,ETH,2025,0.984
Europe,OWID_EUR,1950,0.13471426
Europe,OWID_EUR,1951,0.09085713
Europe,OWID_EUR,1952,0.057285707
Europe,OWID_EUR,1953,0.06960714
Europe,OWID_EUR,1954,0.01896428
Europe,OWID_EUR,1955,0.03217857
Europe,OWID_EUR,1956,0.015571425
Europe,OWID_EUR,1957,-0.06885714
Europe,OWID_EUR,1958,-0.08510714
Europe,OWID_EUR,1959,-0.09382143
Europe,OWID_EUR,1960,-0.09449999
Europe,OWID_EUR,1961,-0.09449999
Europe,OWID_EUR,1962,-0.11024999
Europe,OWID_EUR,1963,-0.1065357
Europe,OWID_EUR,1964,-0.16310713
Europe,OWID_EUR,1965,-0.1322857
Europe,OWID_EUR,1966,-0.14632142
Europe,OWID_EUR,1967,-0.017892852
Europe,OWID_EUR,1968,0.08775
Europe,OWID_EUR,1969,0.11203572
Europe,OWID_EUR,1970,-0.02528571
Europe,OWID_EUR,1971,-0.04257142
Europe,OWID_EUR,1972,-0.04628571
Europe,OWID_EUR,1973,-0.052071422
Europe,OWID_EUR,1974,-0.04582143
Europe,OWID_EUR,1975,-0.16103572
Europe,OWID_EUR,1976,-0.25678572
Europe,OWID_EUR,1977,-0.27717856
Europe,OWID_EUR,1978,-0.3155
Europe,OWID_EUR,1979,-0.27860713
Europe,OWID_EUR,1980,-0.4104643
Europe,OWID_EUR,1981,-0.40760714
Europe,OWID_EUR,1982,-0.42132142
Europe,OWID_EUR,1983,-0.43325
Europe,OWID_EUR,1984,-0.50617856
Europe,OWID_EUR,1985,-0.5037857
Europe,OWID_EUR,1986,-0.51517856
Europe,OWID_EUR,1987,-0.5307143
Europe,OWID_EUR,1988,-0.54628575
Europe,OWID_EUR,1989,-0.5117242
Europe,OWID_EUR,1990,-0.9248
Europe,OWID_EUR,1991,-0.863
Europe,OWID_EUR,1992,-0.78821623
Europe,OWID_EUR,1993,-0.8245263
Europe,OWID_EUR,1994,-0.81860524
Europe,OWID_EUR,1995,-0.8155263
Europe,OWID_EUR,1996,-0.8672105
Europe,OWID_EUR,1997,-0.8116842
Europe,OWID_EUR,1998,-0.8186923
Europe,OWID_EUR,1999,-0.7609
Europe,OWID_EUR,2000,-0.8604146
Europe,OWID_EUR,2001,-0.8683658
Europe,OWID_EUR,2002,-0.8913659
Europe,OWID_EUR,2003,-0.90909755
Europe,OWID_EUR,2004,-0.8892439
Europe,OWID_EUR,2005,-0.91058534
Europe,OWID_EUR,2006,-0.8831951
Europe,OWID_EUR,2007,-0.85882926
Europe,OWID_EUR,2008,-0.87095124
Europe,OWID_EUR,2009,-0.857878
Europe,OWID_EUR,2010,-0.8032927
Europe,OWID_EUR,2011,-0.7870732
Europe,OWID_EUR,2012,-0.7541707
Europe,OWID_EUR,2013,-0.6961951
Europe,OWID_EUR,2014,-0.5582683
Europe,OWID_EUR,2015,-0.53007317
Europe,OWID_EUR,2016,-0.47082928
Europe,OWID_EUR,2017,-0.43614635
Europe,OWID_EUR,2018,-0.4355366
Europe,OWID_EUR,2019,-0.42143902
Europe,OWID_EUR,2020,-0.2352683
Europe,OWID_EUR,2021,0.028634146
Europe,OWID_EUR,2022,0.04704878
Europe,OWID_EUR,2023,0.06804878
Europe,OWID_EUR,2024,0.24253659
Europe,OWID_EUR,2025,0.24968292
Europe (population-weighted),,1950,0.48414063
Europe (population-weighted),,1951,0.46075624
Europe (population-weighted),,1952,0.45005503
Europe (population-weighted),,1953,0.4860011
Europe (population-weighted),,1954,0.40140653
Europe (population-weighted),,1955,0.36925504
Europe (population-weighted),,1956,0.35919192
Europe (population-weighted),,1957,0.32049388
Europe (population-weighted),,1958,0.2925603
Europe (population-weighted),,1959,0.29265705
Europe (population-weighted),,1960,0.192344
Europe (population-weighted),,1961,0.19254172
Europe (population-weighted),,1962,0.18561842
Europe (population-weighted),,1963,0.15318032
Europe (population-weighted),,1964,0.12958996
Europe (population-weighted),,1965,0.1525202
Europe (population-weighted),,1966,0.14968623
Europe (population-weighted),,1967,0.22978717
Europe (population-weighted),,1968,0.35611895
Europe (population-weighted),,1969,0.32925257
Europe (population-weighted),,1970,0.282481
Europe (population-weighted),,1971,0.269522
Europe (population-weighted),,1972,0.2610684
Europe (population-weighted),,1973,0.25335205
Europe (population-weighted),,1974,0.23700584
Europe (population-weighted),,1975,0.18300004
Europe (population-weighted),,1976,0.17106178
Europe (population-weighted),,1977,0.14078031
Europe (population-weighted),,1978,0.0516565
Europe (population-weighted),,1979,0.09846155
Europe (population-weighted),,1980,-0.101559855
Europe (population-weighted),,1981,-0.090142965
Europe (population-weighted),,1982,-0.087133095
Europe (population-weighted),,1983,-0.10003145
Europe (population-weighted),,1984,-0.31688517
Europe (population-weighted),,1985,-0.32641673
Europe (population-weighted),,1986,-0.3191612
Europe (population-weighted),,1987,-0.31319976
Europe (population-weighted),,1988,-0.40007755
Europe (population-weighted),,1989,-0.38987496
Europe (population-weighted),,1990,-0.72582865
Europe (population-weighted),,1991,-0.78543836
Europe (population-weighted),,1992,-0.73410106
Europe (population-weighted),,1993,-0.711494
Europe (population-weighted),,1994,-0.738601
Europe (population-weighted),,1995,-0.6657204
Europe (population-weighted),,1996,-0.7059755
Europe (population-weighted),,1997,-0.71196395
Europe (population-weighted),,1998,-0.73564684
Europe (population-weighted),,1999,-0.70653075
Europe (population-weighted),,2000,-0.75093424
Europe (population-weighted),,2001,-0.75653523
Europe (population-weighted),,2002,-0.77136564
Europe (population-weighted),,2003,-0.81552416
Europe (population-weighted),,2004,-0.6814081
Europe (population-weighted),,2005,-0.7233179
Europe (population-weighted),,2006,-0.7416266
Europe (population-weighted),,2007,-0.7499889
Europe (population-weighted),,2008,-0.766439
Europe (population-weighted),,2009,-0.80944556
Europe (population-weighted),,2010,-0.6805393
Europe (population-weighted),,2011,-0.5846425
Europe (population-weighted),,2012,-0.52734524
Europe (population-weighted),,2013,-0.42256302
Europe (population-weighted),,2014,-0.15213843
Europe (population-weighted),,2015,-0.09460098
Europe (population-weighted),,2016,-0.008976771
Europe (population-weighted),,2017,0.13322775
Europe (population-weighted),,2018,0.120759554
Europe (population-weighted),,2019,0.1388396
Europe (population-weighted),,2020,0.26809266
Europe (population-weighted),,2021,0.51233864
Europe (population-weighted),,2022,0.63712996
Europe (population-weighted),,2023,0.5634531
Europe (population-weighted),,2024,0.74521834
Europe (population-weighted),,2025,0.73982954
Fiji,FJI,1950,-1.377
Fiji,FJI,1951,-1.377
Fiji,FJI,1952,-1.377
Fiji,FJI,1953,-1.377
Fiji,FJI,1954,-1.377
Fiji,FJI,1955,-1.377
Fiji,FJI,1956,-1.377
Fiji,FJI,1957,-1.377
Fiji,FJI,1958,-1.377
Fiji,FJI,1959,-1.377
Fiji,FJI,1960,-1.377
Fiji,FJI,1961,-1.377
Fiji,FJI,1962,-1.377
Fiji,FJI,1963,-0.949
Fiji,FJI,1964,-0.949
Fiji,FJI,1965,-0.949
Fiji,FJI,1966,-0.949
Fiji,FJI,1967,-1.137
Fiji,FJI,1968,-1.137
Fiji,FJI,1969,-1.137
Fiji,FJI,1970,-0.961
Fiji,FJI,1971,-0.726
Fiji,FJI,1972,-0.726
Fiji,FJI,1973,-0.726
Fiji,FJI,1974,-0.726
Fiji,FJI,1975,-0.726
Fiji,FJI,1976,-0.621
Fiji,FJI,1977,-0.621
Fiji,FJI,1978,-0.621
Fiji,FJI,1979,-0.721
Fiji,FJI,1980,-0.721
Fiji,FJI,1981,-0.721
Fiji,FJI,1982,-0.721
Fiji,FJI,1983,-0.721
Fiji,FJI,1984,-0.721
Fiji,FJI,1985,-0.721
Fiji,FJI,1986,-0.642
Fiji,FJI,1987,-0.383
Fiji,FJI,1988,-0.564
Fiji,FJI,1989,-0.564
Fiji,FJI,1990,-0.564
Fiji,FJI,1991,-0.564
Fiji,FJI,1992,-0.59
Fiji,FJI,1993,-0.608
Fiji,FJI,1994,-0.608
Fiji,FJI,1995,-0.485
Fiji,FJI,1996,-0.485
Fiji,FJI,1997,-0.525
Fiji,FJI,1998,-0.63
Fiji,FJI,1999,-0.538
Fiji,FJI,2000,-0.374
Fiji,FJI,2001,-0.361
Fiji,FJI,2002,-0.361
Fiji,FJI,2003,-0.559
Fiji,FJI,2004,-0.559
Fiji,FJI,2005,-0.559
Fiji,FJI,2006,-0.459
Fiji,FJI,2007,-0.551
Fiji,FJI,2008,-0.604
Fiji,FJI,2009,-0.534
Fiji,FJI,2010,-0.651
Fiji,FJI,2011,-0.651
Fiji,FJI,2012,-0.651
Fiji,FJI,2013,-0.977
Fiji,FJI,2014,-0.984
Fiji,FJI,2015,-1.124
Fiji,FJI,2016,-1.124
Fiji,FJI,2017,-1.141
Fiji,FJI,2018,-1.027
Fiji,FJI,2019,-1.08
Fiji,FJI,2020,-1.183
Fiji,FJI,2021,-0.437
Fiji,FJI,2022,-1.081
Fiji,FJI,2023,-1.609
Fiji,FJI,2024,-1.609
Fiji,FJI,2025,-1.695
Finland,FIN,1950,-1.617
Finland,FIN,1951,-1.617
Finland,FIN,1952,-1.617
Finland,FIN,1953,-1.617
Finland,FIN,1954,-1.617
Finland,FIN,1955,-1.617
Finland,FIN,1956,-1.617
Finland,FIN,1957,-1.617
Finland,FIN,1958,-1.617
Finland,FIN,1959,-1.617
Finland,FIN,1960,-1.617
Finland,FIN,1961,-1.617
Finland,FIN,1962,-1.617
Finland,FIN,1963,-1.617
Finland,FIN,1964,-1.617
Finland,FIN,1965,-1.617
Finland,FIN,1966,-2.094
Finland,FIN,1967,-2.094
Finland,FIN,1968,-2.094
Finland,FIN,1969,-2.094
Finland,FIN,1970,-2.094
Finland,FIN,1971,-2.094
Finland,FIN,1972,-2.094
Finland,FIN,1973,-2.094
Finland,FIN,1974,-2.094
Finland,FIN,1975,-2.094
Finland,FIN,1976,-2.094
Finland,FIN,1977,-2.094
Finland,FIN,1978,-2.094
Finland,FIN,1979,-2.094
Finland,FIN,1980,-1.662
Finland,FIN,1981,-1.662
Finland,FIN,1982,-1.662
Finland,FIN,1983,-1.662
Finland,FIN,1984,-1.662
Finland,FIN,1985,-1.662
Finland,FIN,1986,-1.662
Finland,FIN,1987,-1.662
Finland,FIN,1988,-1.662
Finland,FIN,1989,-1.662
Finland,FIN,1990,-1.662
Finland,FIN,1991,-1.662
Finland,FIN,1992,-1.662
Finland,FIN,1993,-1.662
Finland,FIN,1994,-1.662
Finland,FIN,1995,-1.662
Finland,FIN,1996,-1.662
Finland,FIN,1997,-1.662
Finland,FIN,1998,-1.662
Finland,FIN,1999,-1.662
Finland,FIN,2000,-1.662
Finland,FIN,2001,-1.662
Finland,FIN,2002,-1.662
Finland,FIN,2003,-1.662
Finland,FIN,2004,-1.662
Finland,FIN,2005,-1.662
Finland,FIN,2006,-1.662
Finland,FIN,2007,-1.662
Finland,FIN,2008,-1.662
Finland,FIN,2009,-1.662
Finland,FIN,2010,-1.662
Finland,FIN,2011,-1.376
Finland,FIN,2012,-1.376
Finland,FIN,2013,-1.376
Finland,FIN,2014,-1.376
Finland,FIN,2015,-1.376
Finland,FIN,2016,-1.376
Finland,FIN,2017,-1.376
Finland,FIN,2018,-1.376
Finland,FIN,2019,-1.376
Finland,FIN,2020,-1.376
Finland,FIN,2021,-1.518
Finland,FIN,2022,-1.05
Finland,FIN,2023,-1.204
Finland,FIN,2024,-1.204
Finland,FIN,2025,-1.204
France,FRA,1950,0.108
France,FRA,1951,0.108
France,FRA,1952,0.108
France,FRA,1953,0.108
France,FRA,1954,0.108
France,FRA,1955,0.108
France,FRA,1956,0.108
France,FRA,1957,0.108
France,FRA,1958,-0.163
France,FRA,1959,-0.163
France,FRA,1960,0.652
France,FRA,1961,0.652
France,FRA,1962,0.652
France,FRA,1963,0.652
France,FRA,1964,0.652
France,FRA,1965,0.652
France,FRA,1966,0.652
France,FRA,1967,0.652
France,FRA,1968,0.957
France,FRA,1969,0.647
France,FRA,1970,0.647
France,FRA,1971,0.647
France,FRA,1972,0.647
France,FRA,1973,0.647
France,FRA,1974,0.647
France,FRA,1975,0.383
France,FRA,1976,0.383
France,FRA,1977,0.383
France,FRA,1978,0.383
France,FRA,1979,0.67
France,FRA,1980,0.129
France,FRA,1981,0.129
France,FRA,1982,-0.18
France,FRA,1983,-0.18
France,FRA,1984,-0.18
France,FRA,1985,-0.18
France,FRA,1986,0.103
France,FRA,1987,-0.172
France,FRA,1988,-0.172
France,FRA,1989,-0.172
France,FRA,1990,-0.172
France,FRA,1991,-0.172
France,FRA,1992,-0.172
France,FRA,1993,0.101
France,FRA,1994,0.101
France,FRA,1995,0.36
France,FRA,1996,0.089
France,FRA,1997,0.089
France,FRA,1998,-0.185
France,FRA,1999,-0.185
France,FRA,2000,-0.185
France,FRA,2001,0.386
France,FRA,2002,0.386
France,FRA,2003,-0.112
France,FRA,2004,-0.112
France,FRA,2005,-0.112
France,FRA,2006,0.029
France,FRA,2007,0.029
France,FRA,2008,-0.316
France,FRA,2009,-0.316
France,FRA,2010,-0.316
France,FRA,2011,-0.188
France,FRA,2012,0.296
France,FRA,2013,0.296
France,FRA,2014,0.296
France,FRA,2015,0.296
France,FRA,2016,0.296
France,FRA,2017,0.296
France,FRA,2018,0.296
France,FRA,2019,0.499
France,FRA,2020,0.261
France,FRA,2021,0.719
France,FRA,2022,0.719
France,FRA,2023,0.933
France,FRA,2024,1.43
France,FRA,2025,1.43
Gabon,GAB,1950,-2.011
Gabon,GAB,1951,-2.011
Gabon,GAB,1952,-2.011
Gabon,GAB,1953,-2.011
Gabon,GAB,1954,-2.011
Gabon,GAB,1955,-2.011
Gabon,GAB,1956,-2.011
Gabon,GAB,1957,-2.011
Gabon,GAB,1958,-2.011
Gabon,GAB,1959,-2.011
Gabon,GAB,1960,-2.185
Gabon,GAB,1961,-2.391
Gabon,GAB,1962,-2.391
Gabon,GAB,1963,-2.391
Gabon,GAB,1964,-2.391
Gabon,GAB,1965,-2.391
Gabon,GAB,1966,-2.391
Gabon,GAB,1967,-1.51
Gabon,GAB,1968,-1.51
Gabon,GAB,1969,-1.51
Gabon,GAB,1970,-1.51
Gabon,GAB,1971,-1.51
Gabon,GAB,1972,-1.51
Gabon,GAB,1973,-1.51
Gabon,GAB,1974,-1.51
Gabon,GAB,1975,-1.51
Gabon,GAB,1976,-1.51
Gabon,GAB,1977,-1.51
Gabon,GAB,1978,-1.51
Gabon,GAB,1979,-1.51
Gabon,GAB,1980,-1.51
Gabon,GAB,1981,-1.51
Gabon,GAB,1982,-1.51
Gabon,GAB,1983,-1.51
Gabon,GAB,1984,-1.51
Gabon,GAB,1985,-1.51
Gabon,GAB,1986,-1.51
Gabon,GAB,1987,-1.51
Gabon,GAB,1988,-1.51
Gabon,GAB,1989,-1.51
Gabon,GAB,1990,-1.17
Gabon,GAB,1991,-1.17
Gabon,GAB,1992,-0.787
Gabon,GAB,1993,-0.787
Gabon,GAB,1994,-0.787
Gabon,GAB,1995,-0.787
Gabon,GAB,1996,-0.787
Gabon,GAB,1997,-0.787
Gabon,GAB,1998,-0.787
Gabon,GAB,1999,-0.787
Gabon,GAB,2000,-0.787
Gabon,GAB,2001,-0.787
Gabon,GAB,2002,-0.787
Gabon,GAB,2003,-0.787
Gabon,GAB,2004,-0.787
Gabon,GAB,2005,-0.787
Gabon,GAB,2006,-0.787
Gabon,GAB,2007,-0.787
Gabon,GAB,2008,-0.787
Gabon,GAB,2009,-0.693
Gabon,GAB,2010,-0.543
Gabon,GAB,2011,-0.543
Gabon,GAB,2012,-0.543
Gabon,GAB,2013,-0.543
Gabon,GAB,2014,-0.543
Gabon,GAB,2015,-0.543
Gabon,GAB,2016,-0.543
Gabon,GAB,2017,-0.543
Gabon,GAB,2018,-0.543
Gabon,GAB,2019,-0.543
Gabon,GAB,2020,-0.543
Gabon,GAB,2021,-0.565
Gabon,GAB,2022,-0.467
Gabon,GAB,2023,-0.347
Gabon,GAB,2024,-0.347
Gabon,GAB,2025,-0.347
Gambia,GMB,1950,-1.838
Gambia,GMB,1951,-1.781
Gambia,GMB,1952,-1.781
Gambia,GMB,1953,-1.781
Gambia,GMB,1954,-1.781
Gambia,GMB,1955,-1.781
Gambia,GMB,1956,-1.781
Gambia,GMB,1957,-1.781
Gambia,GMB,1958,-1.781
Gambia,GMB,1959,-1.781
Gambia,GMB,1960,-1.781
Gambia,GMB,1961,-1.781
Gambia,GMB,1962,-1.781
Gambia,GMB,1963,-1.781
Gambia,GMB,1964,-1.46
Gambia,GMB,1965,-1.46
Gambia,GMB,1966,-1.46
Gambia,GMB,1967,-1.46
Gambia,GMB,1968,-1.46
Gambia,GMB,1969,-1.46
Gambia,GMB,1970,-1.46
Gambia,GMB,1971,-1.46
Gambia,GMB,1972,-1.46
Gambia,GMB,1973,-1.46
Gambia,GMB,1974,-1.46
Gambia,GMB,1975,-1.46
Gambia,GMB,1976,-1.46
Gambia,GMB,1977,-1.46
Gambia,GMB,1978,-1.46
Gambia,GMB,1979,-1.46
Gambia,GMB,1980,-1.46
Gambia,GMB,1981,-1.46
Gambia,GMB,1982,-1.46
Gambia,GMB,1983,-1.46
Gambia,GMB,1984,-1.46
Gambia,GMB,1985,-1.46
Gambia,GMB,1986,-1.46
Gambia,GMB,1987,-1.46
Gambia,GMB,1988,-1.46
Gambia,GMB,1989,-1.46
Gambia,GMB,1990,-0.933
Gambia,GMB,1991,-0.933
Gambia,GMB,1992,-0.933
Gambia,GMB,1993,-0.933
Gambia,GMB,1994,-0.712
Gambia,GMB,1995,-0.556
Gambia,GMB,1996,-0.556
Gambia,GMB,1997,-0.556
Gambia,GMB,1998,-0.556
Gambia,GMB,1999,-0.556
Gambia,GMB,2000,-0.556
Gambia,GMB,2001,-0.556
Gambia,GMB,2002,-0.556
Gambia,GMB,2003,-0.556
Gambia,GMB,2004,-0.556
Gambia,GMB,2005,-0.556
Gambia,GMB,2006,-0.556
Gambia,GMB,2007,-0.556
Gambia,GMB,2008,-0.556
Gambia,GMB,2009,-0.556
Gambia,GMB,2010,-0.556
Gambia,GMB,2011,-0.556
Gambia,GMB,2012,-0.556
Gambia,GMB,2013,-0.556
Gambia,GMB,2014,-0.556
Gambia,GMB,2015,-0.556
Gambia,GMB,2016,-0.556
Gambia,GMB,2017,-1.286
Gambia,GMB,2018,-1.242
Gambia,GMB,2019,-1.089
Gambia,GMB,2020,-1.143
Gambia,GMB,2021,-0.616
Gambia,GMB,2022,-1.159
Gambia,GMB,2023,-0.803
Gambia,GMB,2024,-0.803
Gambia,GMB,2025,-1.119
Georgia,GEO,1950,0.978
Georgia,GEO,1951,0.978
Georgia,GEO,1952,0.978
Georgia,GEO,1953,0.978
Georgia,GEO,1954,0.978
Georgia,GEO,1955,0.88
Georgia,GEO,1956,0.88
Georgia,GEO,1957,0.88
Georgia,GEO,1958,0.88
Georgia,GEO,1959,0.88
Georgia,GEO,1960,0.429
Georgia,GEO,1961,0.429
Georgia,GEO,1962,0.429
Georgia,GEO,1963,0.429
Georgia,GEO,1964,0.429
Georgia,GEO,1965,0.429
Georgia,GEO,1966,0.429
Georgia,GEO,1967,0.429
Georgia,GEO,1968,0.429
Georgia,GEO,1969,0.37
Georgia,GEO,1970,0.37
Georgia,GEO,1971,0.37
Georgia,GEO,1972,0.37
Georgia,GEO,1973,0.37
Georgia,GEO,1974,0.37
Georgia,GEO,1975,0.37
Georgia,GEO,1976,0.37
Georgia,GEO,1977,0.37
Georgia,GEO,1978,0.37
Georgia,GEO,1979,0.37
Georgia,GEO,1980,0.37
Georgia,GEO,1981,0.37
Georgia,GEO,1982,0.37
Georgia,GEO,1983,0.37
Georgia,GEO,1984,0.199
Georgia,GEO,1985,0.159
Georgia,GEO,1986,0.159
Georgia,GEO,1987,0.233
Georgia,GEO,1988,0.058
Georgia,GEO,1989,0.122
Georgia,GEO,1990,2.935
Georgia,GEO,1991,2.935
Georgia,GEO,1992,2.543
Georgia,GEO,1993,2.543
Georgia,GEO,1994,2.058
Georgia,GEO,1995,1.636
Georgia,GEO,1996,1.074
Georgia,GEO,1997,1.074
Georgia,GEO,1998,0.826
Georgia,GEO,1999,0.826
Georgia,GEO,2000,0.826
Georgia,GEO,2001,0.826
Georgia,GEO,2002,1.164
Georgia,GEO,2003,1.588
Georgia,GEO,2004,0.943
Georgia,GEO,2005,0.491
Georgia,GEO,2006,0.491
Georgia,GEO,2007,0.98
Georgia,GEO,2008,1.059
Georgia,GEO,2009,0.819
Georgia,GEO,2010,1.063
Georgia,GEO,2011,1.304
Georgia,GEO,2012,1.455
Georgia,GEO,2013,1.423
Georgia,GEO,2014,1.401
Georgia,GEO,2015,1.118
Georgia,GEO,2016,1.051
Georgia,GEO,2017,1.348
Georgia,GEO,2018,1.67
Georgia,GEO,2019,1.768
Georgia,GEO,2020,1.408
Georgia,GEO,2021,1.913
Georgia,GEO,2022,1.802
Georgia,GEO,2023,1.556
Georgia,GEO,2024,1.752
Georgia,GEO,2025,1.752
Germany,DEU,1991,-2.438
Germany,DEU,1992,-2.438
Germany,DEU,1993,-2.438
Germany,DEU,1994,-2.438
Germany,DEU,1995,-2.438
Germany,DEU,1996,-2.438
Germany,DEU,1997,-2.438
Germany,DEU,1998,-2.438
Germany,DEU,1999,-2.438
Germany,DEU,2000,-2.438
Germany,DEU,2001,-2.438
Germany,DEU,2002,-2.438
Germany,DEU,2003,-2.438
Germany,DEU,2004,-2.438
Germany,DEU,2005,-2.438
Germany,DEU,2006,-2.438
Germany,DEU,2007,-2.438
Germany,DEU,2008,-2.438
Germany,DEU,2009,-2.438
Germany,DEU,2010,-2.438
Germany,DEU,2011,-2.438
Germany,DEU,2012,-2.438
Germany,DEU,2013,-2.438
Germany,DEU,2014,-2.438
Germany,DEU,2015,-2.09
Germany,DEU,2016,-1.49
Germany,DEU,2017,-0.722
Germany,DEU,2018,-0.722
Germany,DEU,2019,-0.722
Germany,DEU,2020,-0.924
Germany,DEU,2021,-0.536
Germany,DEU,2022,-0.414
Germany,DEU,2023,0.004
Germany,DEU,2024,0.191
Germany,DEU,2025,0.191
Ghana,GHA,1950,0.64
Ghana,GHA,1951,0.64
Ghana,GHA,1952,0.64
Ghana,GHA,1953,0.64
Ghana,GHA,1954,0.64
Ghana,GHA,1955,0.64
Ghana,GHA,1956,0.64
Ghana,GHA,1957,0.64
Ghana,GHA,1958,0.164
Ghana,GHA,1959,0.164
Ghana,GHA,1960,0.164
Ghana,GHA,1961,0.164
Ghana,GHA,1962,0.164
Ghana,GHA,1963,0.164
Ghana,GHA,1964,0.164
Ghana,GHA,1965,0.164
Ghana,GHA,1966,0.164
Ghana,GHA,1967,0.164
Ghana,GHA,1968,0.164
Ghana,GHA,1969,0.164
Ghana,GHA,1970,0.164
Ghana,GHA,1971,0.164
Ghana,GHA,1972,0.164
Ghana,GHA,1973,0.164
Ghana,GHA,1974,0.164
Ghana,GHA,1975,0.164
Ghana,GHA,1976,0.164
Ghana,GHA,1977,0.164
Ghana,GHA,1978,0.164
Ghana,GHA,1979,0.164
Ghana,GHA,1980,0.164
Ghana,GHA,1981,0.164
Ghana,GHA,1982,0.164
Ghana,GHA,1983,0.164
Ghana,GHA,1984,0.164
Ghana,GHA,1985,0.164
Ghana,GHA,1986,0.164
Ghana,GHA,1987,0.164
Ghana,GHA,1988,0.164
Ghana,GHA,1989,0.164
Ghana,GHA,1990,-0.54
Ghana,GHA,1991,-0.54
Ghana,GHA,1992,-0.54
Ghana,GHA,1993,-0.54
Ghana,GHA,1994,-0.54
Ghana,GHA,1995,-0.54
Ghana,GHA,1996,-0.54
Ghana,GHA,1997,-0.54
Ghana,GHA,1998,-0.54
Ghana,GHA,1999,-0.54
Ghana,GHA,2000,-0.5
Ghana,GHA,2001,-0.5
Ghana,GHA,2002,-0.5
Ghana,GHA,2003,-0.5
Ghana,GHA,2004,-0.5
Ghana,GHA,2005,-0.5
Ghana,GHA,2006,-0.5
Ghana,GHA,2007,-0.5
Ghana,GHA,2008,-0.5
Ghana,GHA,2009,-0.5
Ghana,GHA,2010,-0.5
Ghana,GHA,2011,-0.5
Ghana,GHA,2012,-0.5
Ghana,GHA,2013,-0.5
Ghana,GHA,2014,-0.5
Ghana,GHA,2015,-0.5
Ghana,GHA,2016,-0.5
Ghana,GHA,2017,-0.5
Ghana,GHA,2018,-0.5
Ghana,GHA,2019,-0.5
Ghana,GHA,2020,-0.5
Ghana,GHA,2021,-0.5
Ghana,GHA,2022,-0.5
Ghana,GHA,2023,-0.5
Ghana,GHA,2024,-0.5
Ghana,GHA,2025,-0.955
Greece,GRC,1950,1.033
Greece,GRC,1951,0.674
Greece,GRC,1952,0.479
Greece,GRC,1953,0.479
Greece,GRC,1954,0.479
Greece,GRC,1955,0.479
Greece,GRC,1956,0.479
Greece,GRC,1957,0.479
Greece,GRC,1958,0.479
Greece,GRC,1959,0.479
Greece,GRC,1960,0.701
Greece,GRC,1961,0.701
Greece,GRC,1962,0.701
Greece,GRC,1963,0.701
Greece,GRC,1964,0.701
Greece,GRC,1965,0.701
Greece,GRC,1966,0.701
Greece,GRC,1967,3.205
Greece,GRC,1968,3.205
Greece,GRC,1969,3.205
Greece,GRC,1970,1.815
Greece,GRC,1971,1.815
Greece,GRC,1972,1.815
Greece,GRC,1973,1.815
Greece,GRC,1974,1.352
Greece,GRC,1975,-0.185
Greece,GRC,1976,-0.185
Greece,GRC,1977,-0.185
Greece,GRC,1978,-0.185
Greece,GRC,1979,-0.185
Greece,GRC,1980,0.167
Greece,GRC,1981,-0.2
Greece,GRC,1982,-0.2
Greece,GRC,1983,-0.2
Greece,GRC,1984,-0.2
Greece,GRC,1985,-0.2
Greece,GRC,1986,-0.2
Greece,GRC,1987,-0.2
Greece,GRC,1988,-0.2
Greece,GRC,1989,0.083
Greece,GRC,1990,-0.64
Greece,GRC,1991,-0.64
Greece,GRC,1992,-0.64
Greece,GRC,1993,-0.64
Greece,GRC,1994,-0.64
Greece,GRC,1995,-0.64
Greece,GRC,1996,-0.838
Greece,GRC,1997,-0.838
Greece,GRC,1998,-0.838
Greece,GRC,1999,-0.838
Greece,GRC,2000,-1.432
Greece,GRC,2001,-1.432
Greece,GRC,2002,-1.432
Greece,GRC,2003,-1.432
Greece,GRC,2004,-1.432
Greece,GRC,2005,-1.432
Greece,GRC,2006,-1.432
Greece,GRC,2007,-1.367
Greece,GRC,2008,-1.367
Greece,GRC,2009,-1.032
Greece,GRC,2010,-0.916
Greece,GRC,2011,-0.916
Greece,GRC,2012,-0.916
Greece,GRC,2013,-0.916
Greece,GRC,2014,-0.708
Greece,GRC,2015,-0.474
Greece,GRC,2016,-0.474
Greece,GRC,2017,-0.607
Greece,GRC,2018,-0.673
Greece,GRC,2019,-1.342
Greece,GRC,2020,-1.371
Greece,GRC,2021,-1.371
Greece,GRC,2022,-1.371
Greece,GRC,2023,-1.371
Greece,GRC,2024,-1.371
Greece,GRC,2025,-1.056
Guatemala,GTM,1950,0.133
Guatemala,GTM,1951,0.133
Guatemala,GTM,1952,0.133
Guatemala,GTM,1953,0.133
Guatemala,GTM,1954,0.133
Guatemala,GTM,1955,0.583
Guatemala,GTM,1956,1.388
Guatemala,GTM,1957,1.388
Guatemala,GTM,1958,1.388
Guatemala,GTM,1959,1.388
Guatemala,GTM,1960,1.388
Guatemala,GTM,1961,1.388
Guatemala,GTM,1962,2.235
Guatemala,GTM,1963,2.235
Guatemala,GTM,1964,2.235
Guatemala,GTM,1965,2.83
Guatemala,GTM,1966,2.83
Guatemala,GTM,1967,2.83
Guatemala,GTM,1968,2.83
Guatemala,GTM,1969,2.83
Guatemala,GTM,1970,2.83
Guatemala,GTM,1971,2.83
Guatemala,GTM,1972,2.83
Guatemala,GTM,1973,2.83
Guatemala,GTM,1974,2.83
Guatemala,GTM,1975,2.83
Guatemala,GTM,1976,2.83
Guatemala,GTM,1977,2.83
Guatemala,GTM,1978,2.83
Guatemala,GTM,1979,2.83
Guatemala,GTM,1980,2.83
Guatemala,GTM,1981,2.83
Guatemala,GTM,1982,2.83
Guatemala,GTM,1983,2.83
Guatemala,GTM,1984,2.83
Guatemala,GTM,1985,2.83
Guatemala,GTM,1986,1.588
Guatemala,GTM,1987,1.588
Guatemala,GTM,1988,1.588
Guatemala,GTM,1989,1.588
Guatemala,GTM,1990,1.588
Guatemala,GTM,1991,1.588
Guatemala,GTM,1992,1.588
Guatemala,GTM,1993,1.588
Guatemala,GTM,1994,1.588
Guatemala,GTM,1995,1.588
Guatemala,GTM,1996,1.588
Guatemala,GTM,1997,-0.996
Guatemala,GTM,1998,-0.996
Guatemala,GTM,1999,-0.996
Guatemala,GTM,2000,-0.996
Guatemala,GTM,2001,-0.996
Guatemala,GTM,2002,-0.996
Guatemala,GTM,2003,-0.733
Guatemala,GTM,2004,-0.829
Guatemala,GTM,2005,-0.829
Guatemala,GTM,2006,-0.829
Guatemala,GTM,2007,-0.829
Guatemala,GTM,2008,-0.829
Guatemala,GTM,2009,-0.829
Guatemala,GTM,2010,-0.958
Guatemala,GTM,2011,-0.958
Guatemala,GTM,2012,-0.958
Guatemala,GTM,2013,-0.958
Guatemala,GTM,2014,-0.958
Guatemala,GTM,2015,-0.593
Guatemala,GTM,2016,-0.174
Guatemala,GTM,2017,-0.174
Guatemala,GTM,2018,-0.174
Guatemala,GTM,2019,-0.174
Guatemala,GTM,2020,0.055
Guatemala,GTM,2021,0.327
Guatemala,GTM,2022,0.726
Guatemala,GTM,2023,0.959
Guatemala,GTM,2024,0.448
Guatemala,GTM,2025,0.682
Guinea,GIN,1950,-1.609
Guinea,GIN,1951,-1.609
Guinea,GIN,1952,-1.609
Guinea,GIN,1953,-1.609
Guinea,GIN,1954,-1.609
Guinea,GIN,1955,-1.609
Guinea,GIN,1956,-1.609
Guinea,GIN,1957,-1.609
Guinea,GIN,1958,-0.413
Guinea,GIN,1959,0.239
Guinea,GIN,1960,0.372
Guinea,GIN,1961,0.515
Guinea,GIN,1962,0.387
Guinea,GIN,1963,0.525
Guinea,GIN,1964,0.525
Guinea,GIN,1965,0.525
Guinea,GIN,1966,0.525
Guinea,GIN,1967,0.525
Guinea,GIN,1968,0.525
Guinea,GIN,1969,0.648
Guinea,GIN,1970,0.648
Guinea,GIN,1971,0.648
Guinea,GIN,1972,0.542
Guinea,GIN,1973,0.542
Guinea,GIN,1974,0.542
Guinea,GIN,1975,0.542
Guinea,GIN,1976,0.666
Guinea,GIN,1977,0.666
Guinea,GIN,1978,0.55
Guinea,GIN,1979,0.55
Guinea,GIN,1980,0.55
Guinea,GIN,1981,0.55
Guinea,GIN,1982,0.55
Guinea,GIN,1983,0.55
Guinea,GIN,1984,0.491
Guinea,GIN,1985,0.392
Guinea,GIN,1986,0.392
Guinea,GIN,1987,0.392
Guinea,GIN,1988,0.392
Guinea,GIN,1989,0.392
Guinea,GIN,1990,0.53
Guinea,GIN,1991,0.53
Guinea,GIN,1992,0.53
Guinea,GIN,1993,0.53
Guinea,GIN,1994,0.53
Guinea,GIN,1995,0.53
Guinea,GIN,1996,0.656
Guinea,GIN,1997,0.529
Guinea,GIN,1998,0.529
Guinea,GIN,1999,0.635
Guinea,GIN,2000,0.785
Guinea,GIN,2001,0.785
Guinea,GIN,2002,0.657
Guinea,GIN,2003,0.657
Guinea,GIN,2004,0.657
Guinea,GIN,2005,0.657
Guinea,GIN,2006,0.657
Guinea,GIN,2007,0.569
Guinea,GIN,2008,0.569
Guinea,GIN,2009,0.743
Guinea,GIN,2010,2.069
Guinea,GIN,2011,1.838
Guinea,GIN,2012,1.459
Guinea,GIN,2013,1.634
Guinea,GIN,2014,1.421
Guinea,GIN,2015,2.324
Guinea,GIN,2016,1.948
Guinea,GIN,2017,1.594
Guinea,GIN,2018,1.413
Guinea,GIN,2019,1.903
Guinea,GIN,2020,2.429
Guinea,GIN,2021,2.429
Guinea,GIN,2022,2.429
Guinea,GIN,2023,2.429
Guinea,GIN,2024,1.73
Guinea,GIN,2025,1.916
Guinea-Bissau,GNB,1950,1.323
Guinea-Bissau,GNB,1951,1.323
Guinea-Bissau,GNB,1952,1.323
Guinea-Bissau,GNB,1953,1.323
Guinea-Bissau,GNB,1954,1.323
Guinea-Bissau,GNB,1955,1.323
Guinea-Bissau,GNB,1956,1.323
Guinea-Bissau,GNB,1957,1.323
Guinea-Bissau,GNB,1958,1.323
Guinea-Bissau,GNB,1959,1.323
Guinea-Bissau,GNB,1960,2.327
Guinea-Bissau,GNB,1961,2.327
Guinea-Bissau,GNB,1962,2.327
Guinea-Bissau,GNB,1963,2.327
Guinea-Bissau,GNB,1964,2.327
Guinea-Bissau,GNB,1965,2.327
Guinea-Bissau,GNB,1966,2.327
Guinea-Bissau,GNB,1967,2.327
Guinea-Bissau,GNB,1968,2.327
Guinea-Bissau,GNB,1969,2.327
Guinea-Bissau,GNB,1970,2.327
Guinea-Bissau,GNB,1971,2.327
Guinea-Bissau,GNB,1972,2.327
Guinea-Bissau,GNB,1973,2.327
Guinea-Bissau,GNB,1974,2.327
Guinea-Bissau,GNB,1975,1.255
Guinea-Bissau,GNB,1976,1.255
Guinea-Bissau,GNB,1977,1.255
Guinea-Bissau,GNB,1978,1.255
Guinea-Bissau,GNB,1979,1.255
Guinea-Bissau,GNB,1980,1.853
Guinea-Bissau,GNB,1981,1.581
Guinea-Bissau,GNB,1982,1.581
Guinea-Bissau,GNB,1983,1.581
Guinea-Bissau,GNB,1984,1.581
Guinea-Bissau,GNB,1985,1.581
Guinea-Bissau,GNB,1986,1.581
Guinea-Bissau,GNB,1987,1.581
Guinea-Bissau,GNB,1988,1.581
Guinea-Bissau,GNB,1989,1.581
Guinea-Bissau,GNB,1990,1.581
Guinea-Bissau,GNB,1991,1.581
Guinea-Bissau,GNB,1992,1.581
Guinea-Bissau,GNB,1993,1.581
Guinea-Bissau,GNB,1994,1.581
Guinea-Bissau,GNB,1995,-0.757
Guinea-Bissau,GNB,1996,-0.757
Guinea-Bissau,GNB,1997,-0.757
Guinea-Bissau,GNB,1998,-0.757
Guinea-Bissau,GNB,1999,-0.757
Guinea-Bissau,GNB,2000,-0.757
Guinea-Bissau,GNB,2001,-0.757
Guinea-Bissau,GNB,2002,-0.757
Guinea-Bissau,GNB,2003,-0.757
Guinea-Bissau,GNB,2004,-0.757
Guinea-Bissau,GNB,2005,-0.757
Guinea-Bissau,GNB,2006,-0.757
Guinea-Bissau,GNB,2007,-0.757
Guinea-Bissau,GNB,2008,-0.757
Guinea-Bissau,GNB,2009,-0.636
Guinea-Bissau,GNB,2010,-0.73
Guinea-Bissau,GNB,2011,-0.73
Guinea-Bissau,GNB,2012,-0.73
Guinea-Bissau,GNB,2013,-0.73
Guinea-Bissau,GNB,2014,-0.73
Guinea-Bissau,GNB,2015,-0.73
Guinea-Bissau,GNB,2016,-0.73
Guinea-Bissau,GNB,2017,-0.73
Guinea-Bissau,GNB,2018,-0.73
Guinea-Bissau,GNB,2019,-0.534
Guinea-Bissau,GNB,2020,-0.581
Guinea-Bissau,GNB,2021,0.216
Guinea-Bissau,GNB,2022,-0.11
Guinea-Bissau,GNB,2023,0.512
Guinea-Bissau,GNB,2024,0.512
Guinea-Bissau,GNB,2025,0.863
Guyana,GUY,1950,-0.006
Guyana,GUY,1951,-0.006
Guyana,GUY,1952,0.14
Guyana,GUY,1953,0.14
Guyana,GUY,1954,0.192
Guyana,GUY,1955,0.192
Guyana,GUY,1956,0.192
Guyana,GUY,1957,0.192
Guyana,GUY,1958,0.192
Guyana,GUY,1959,0.192
Guyana,GUY,1960,0.329
Guyana,GUY,1961,0.329
Guyana,GUY,1962,0.329
Guyana,GUY,1963,0.329
Guyana,GUY,1964,0.589
Guyana,GUY,1965,0.718
Guyana,GUY,1966,0.718
Guyana,GUY,1967,0.718
Guyana,GUY,1968,0.718
Guyana,GUY,1969,0.718
Guyana,GUY,1970,0.718
Guyana,GUY,1971,0.718
Guyana,GUY,1972,0.718
Guyana,GUY,1973,0.718
Guyana,GUY,1974,0.718
Guyana,GUY,1975,0.718
Guyana,GUY,1976,0.718
Guyana,GUY,1977,0.718
Guyana,GUY,1978,0.718
Guyana,GUY,1979,0.718
Guyana,GUY,1980,0.718
Guyana,GUY,1981,0.718
Guyana,GUY,1982,0.718
Guyana,GUY,1983,0.718
Guyana,GUY,1984,0.718
Guyana,GUY,1985,0.718
Guyana,GUY,1986,0.718
Guyana,GUY,1987,0.718
Guyana,GUY,1988,0.718
Guyana,GUY,1989,0.718
Guyana,GUY,1990,1.155
Guyana,GUY,1991,1.435
Guyana,GUY,1992,1.435
Guyana,GUY,1993,1.067
Guyana,GUY,1994,1.067
Guyana,GUY,1995,1.067
Guyana,GUY,1996,1.067
Guyana,GUY,1997,1.438
Guyana,GUY,1998,1.048
Guyana,GUY,1999,1.048
Guyana,GUY,2000,1.048
Guyana,GUY,2001,1.278
Guyana,GUY,2002,1.278
Guyana,GUY,2003,1.153
Guyana,GUY,2004,1.153
Guyana,GUY,2005,1.153
Guyana,GUY,2006,1.343
Guyana,GUY,2007,1.155
Guyana,GUY,2008,1.155
Guyana,GUY,2009,1.155
Guyana,GUY,2010,1.155
Guyana,GUY,2011,1.326
Guyana,GUY,2012,1.156
Guyana,GUY,2013,1.156
Guyana,GUY,2014,1.156
Guyana,GUY,2015,1.156
Guyana,GUY,2016,1.336
Guyana,GUY,2017,1.065
Guyana,GUY,2018,1.065
Guyana,GUY,2019,1.065
Guyana,GUY,2020,1.057
Guyana,GUY,2021,0.988
Guyana,GUY,2022,0.69
Guyana,GUY,2023,0.69
Guyana,GUY,2024,0.69
Guyana,GUY,2025,0.387
Haiti,HTI,1950,1.593
Haiti,HTI,1951,1.593
Haiti,HTI,1952,1.593
Haiti,HTI,1953,1.593
Haiti,HTI,1954,1.593
Haiti,HTI,1955,1.593
Haiti,HTI,1956,1.593
Haiti,HTI,1957,1.593
Haiti,HTI,1958,1.593
Haiti,HTI,1959,1.593
Haiti,HTI,1960,1.827
Haiti,HTI,1961,1.827
Haiti,HTI,1962,1.827
Haiti,HTI,1963,1.827
Haiti,HTI,1964,1.827
Haiti,HTI,1965,1.827
Haiti,HTI,1966,1.827
Haiti,HTI,1967,1.827
Haiti,HTI,1968,1.827
Haiti,HTI,1969,1.827
Haiti,HTI,1970,1.827
Haiti,HTI,1971,1.827
Haiti,HTI,1972,1.827
Haiti,HTI,1973,1.827
Haiti,HTI,1974,1.827
Haiti,HTI,1975,1.827
Haiti,HTI,1976,1.827
Haiti,HTI,1977,1.827
Haiti,HTI,1978,1.827
Haiti,HTI,1979,1.827
Haiti,HTI,1980,1.827
Haiti,HTI,1981,1.827
Haiti,HTI,1982,1.827
Haiti,HTI,1983,1.827
Haiti,HTI,1984,1.827
Haiti,HTI,1985,1.827
Haiti,HTI,1986,1.7
Haiti,HTI,1987,0.913
Haiti,HTI,1988,0.878
Haiti,HTI,1989,0.878
Haiti,HTI,1990,0.878
Haiti,HTI,1991,0.878
Haiti,HTI,1992,0.878
Haiti,HTI,1993,0.878
Haiti,HTI,1994,0.878
Haiti,HTI,1995,0.727
Haiti,HTI,1996,0.674
Haiti,HTI,1997,0.674
Haiti,HTI,1998,0.792
Haiti,HTI,1999,0.792
Haiti,HTI,2000,1.094
Haiti,HTI,2001,1.094
Haiti,HTI,2002,1.094
Haiti,HTI,2003,1.094
Haiti,HTI,2004,1.094
Haiti,HTI,2005,1.02
Haiti,HTI,2006,0.819
Haiti,HTI,2007,0.819
Haiti,HTI,2008,0.819
Haiti,HTI,2009,0.819
Haiti,HTI,2010,0.819
Haiti,HTI,2011,0.885
Haiti,HTI,2012,1.093
Haiti,HTI,2013,1.093
Haiti,HTI,2014,1.093
Haiti,HTI,2015,1.093
Haiti,HTI,2016,1.093
Haiti,HTI,2017,1.093
Haiti,HTI,2018,1.093
Haiti,HTI,2019,1.093
Haiti,HTI,2020,0.304
Haiti,HTI,2021,0.98
Haiti,HTI,2022,0.472
Haiti,HTI,2023,0.536
Haiti,HTI,2024,0.897
Haiti,HTI,2025,0.897
Honduras,HND,1950,-1.873
Honduras,HND,1951,-1.873
Honduras,HND,1952,-1.873
Honduras,HND,1953,-1.873
Honduras,HND,1954,-1.873
Honduras,HND,1955,-1.19
Honduras,HND,1956,-1.19
Honduras,HND,1957,-1.858
Honduras,HND,1958,-1.858
Honduras,HND,1959,-1.858
Honduras,HND,1960,-1.654
Honduras,HND,1961,-1.016
Honduras,HND,1962,-1.016
Honduras,HND,1963,-0.865
Honduras,HND,1964,-0.989
Honduras,HND,1965,-1.669
Honduras,HND,1966,-1.669
Honduras,HND,1967,-1.669
Honduras,HND,1968,-1.669
Honduras,HND,1969,-1.669
Honduras,HND,1970,-1.669
Honduras,HND,1971,-1.669
Honduras,HND,1972,-1.669
Honduras,HND,1973,-1.669
Honduras,HND,1974,-1.669
Honduras,HND,1975,-1.669
Honduras,HND,1976,-1.669
Honduras,HND,1977,-1.669
Honduras,HND,1978,-1.669
Honduras,HND,1979,-1.669
Honduras,HND,1980,-0.709
Honduras,HND,1981,-1.484
Honduras,HND,1982,-2.002
Honduras,HND,1983,-2.002
Honduras,HND,1984,-2.002
Honduras,HND,1985,-2.002
Honduras,HND,1986,-2.002
Honduras,HND,1987,-2.002
Honduras,HND,1988,-2.002
Honduras,HND,1989,-2.583
Honduras,HND,1990,-2.583
Honduras,HND,1991,-2.583
Honduras,HND,1992,-2.583
Honduras,HND,1993,-2.583
Honduras,HND,1994,-2.583
Honduras,HND,1995,-2.583
Honduras,HND,1996,-2.583
Honduras,HND,1997,-2.583
Honduras,HND,1998,-2.583
Honduras,HND,1999,-2.583
Honduras,HND,2000,-2.583
Honduras,HND,2001,-2.583
Honduras,HND,2002,-2.583
Honduras,HND,2003,-2.583
Honduras,HND,2004,-2.583
Honduras,HND,2005,-2.583
Honduras,HND,2006,-2.356
Honduras,HND,2007,-2.356
Honduras,HND,2008,-1.338
Honduras,HND,2009,0.301
Honduras,HND,2010,0.948
Honduras,HND,2011,0.801
Honduras,HND,2012,0.311
Honduras,HND,2013,0.311
Honduras,HND,2014,-0.003
Honduras,HND,2015,-0.003
Honduras,HND,2016,-0.003
Honduras,HND,2017,0.665
Honduras,HND,2018,0.924
Honduras,HND,2019,0.924
Honduras,HND,2020,0.924
Honduras,HND,2021,0.924
Honduras,HND,2022,0.01
Honduras,HND,2023,0.394
Honduras,HND,2024,0.394
Honduras,HND,2025,0.839
Hong Kong,HKG,1950,-0.921
Hong Kong,HKG,1951,-0.921
Hong Kong,HKG,1952,-0.921
Hong Kong,HKG,1953,-0.921
Hong Kong,HKG,1954,-0.921
Hong Kong,HKG,1955,-0.921
Hong Kong,HKG,1956,-0.921
Hong Kong,HKG,1957,-0.921
Hong Kong,HKG,1958,-0.921
Hong Kong,HKG,1959,-0.921
Hong Kong,HKG,1960,-0.454
Hong Kong,HKG,1961,-0.454
Hong Kong,HKG,1962,-0.454
Hong Kong,HKG,1963,-0.454
Hong Kong,HKG,1964,-0.454
Hong Kong,HKG,1965,-0.454
Hong Kong,HKG,1966,-0.198
Hong Kong,HKG,1967,0.208
Hong Kong,HKG,1968,-0.332
Hong Kong,HKG,1969,-0.332
Hong Kong,HKG,1970,-0.941
Hong Kong,HKG,1971,-0.941
Hong Kong,HKG,1972,-0.941
Hong Kong,HKG,1973,-1.092
Hong Kong,HKG,1974,-1.092
Hong Kong,HKG,1975,-1.092
Hong Kong,HKG,1976,-1.092
Hong Kong,HKG,1977,-1.092
Hong Kong,HKG,1978,-1.092
Hong Kong,HKG,1979,-1.092
Hong Kong,HKG,1980,-1.521
Hong Kong,HKG,1981,-1.521
Hong Kong,HKG,1982,-1.521
Hong Kong,HKG,1983,-1.373
Hong Kong,HKG,1984,-1.373
Hong Kong,HKG,1985,-1.373
Hong Kong,HKG,1986,-1.373
Hong Kong,HKG,1987,-1.373
Hong Kong,HKG,1988,-1.373
Hong Kong,HKG,1989,-1.518
Hong Kong,HKG,1990,-1.6
Hong Kong,HKG,1991,-1.66
Hong Kong,HKG,1992,-1.66
Hong Kong,HKG,1993,-1.66
Hong Kong,HKG,1994,-1.66
Hong Kong,HKG,1995,-1.66
Hong Kong,HKG,1996,-1.66
Hong Kong,HKG,1997,-1.364
Hong Kong,HKG,1998,-1.143
Hong Kong,HKG,1999,-1.143
Hong Kong,HKG,2000,-1.228
Hong Kong,HKG,2001,-1.29
Hong Kong,HKG,2002,-1.29
Hong Kong,HKG,2003,-0.892
Hong Kong,HKG,2004,-0.542
Hong Kong,HKG,2005,-0.669
Hong Kong,HKG,2006,-0.669
Hong Kong,HKG,2007,-0.669
Hong Kong,HKG,2008,-0.669
Hong Kong,HKG,2009,-0.669
Hong Kong,HKG,2010,-0.251
Hong Kong,HKG,2011,-0.251
Hong Kong,HKG,2012,-0.081
Hong Kong,HKG,2013,0.013
Hong Kong,HKG,2014,1.023
Hong Kong,HKG,2015,1.147
Hong Kong,HKG,2016,1.084
Hong Kong,HKG,2017,1.084
Hong Kong,HKG,2018,1.084
Hong Kong,HKG,2019,2.503
Hong Kong,HKG,2020,3.404
Hong Kong,HKG,2021,3.404
Hong Kong,HKG,2022,2.522
Hong Kong,HKG,2023,1.713
Hong Kong,HKG,2024,1.483
Hong Kong,HKG,2025,1
Hungary,HUN,1950,2.419
Hungary,HUN,1951,2.419
Hungary,HUN,1952,2.419
Hungary,HUN,1953,2.419
Hungary,HUN,1954,2.419
Hungary,HUN,1955,2.419
Hungary,HUN,1956,2.419
Hungary,HUN,1957,1.684
Hungary,HUN,1958,1.684
Hungary,HUN,1959,1.684
Hungary,HUN,1960,1.195
Hungary,HUN,1961,1.195
Hungary,HUN,1962,1.195
Hungary,HUN,1963,1.195
Hungary,HUN,1964,1.195
Hungary,HUN,1965,1.195
Hungary,HUN,1966,1.195
Hungary,HUN,1967,1.195
Hungary,HUN,1968,1.195
Hungary,HUN,1969,1.195
Hungary,HUN,1970,1.195
Hungary,HUN,1971,1.195
Hungary,HUN,1972,1.195
Hungary,HUN,1973,1.195
Hungary,HUN,1974,1.195
Hungary,HUN,1975,1.195
Hungary,HUN,1976,1.195
Hungary,HUN,1977,1.195
Hungary,HUN,1978,1.195
Hungary,HUN,1979,1.195
Hungary,HUN,1980,1.195
Hungary,HUN,1981,1.195
Hungary,HUN,1982,1.195
Hungary,HUN,1983,1.195
Hungary,HUN,1984,1.195
Hungary,HUN,1985,1.195
Hungary,HUN,1986,0.784
Hungary,HUN,1987,0.784
Hungary,HUN,1988,0.784
Hungary,HUN,1989,0.784
Hungary,HUN,1990,-0.563
Hungary,HUN,1991,-0.783
Hungary,HUN,1992,-0.783
Hungary,HUN,1993,-0.566
Hungary,HUN,1994,-0.566
Hungary,HUN,1995,-0.783
Hungary,HUN,1996,-0.783
Hungary,HUN,1997,-0.783
Hungary,HUN,1998,-0.783
Hungary,HUN,1999,-0.578
Hungary,HUN,2000,-0.287
Hungary,HUN,2001,-0.287
Hungary,HUN,2002,-0.287
Hungary,HUN,2003,-0.047
Hungary,HUN,2004,-0.047
Hungary,HUN,2005,-0.047
Hungary,HUN,2006,0.581
Hungary,HUN,2007,0.581
Hungary,HUN,2008,0.77
Hungary,HUN,2009,0.997
Hungary,HUN,2010,2.309
Hungary,HUN,2011,2.449
Hungary,HUN,2012,2.449
Hungary,HUN,2013,2.449
Hungary,HUN,2014,2.449
Hungary,HUN,2015,2.449
Hungary,HUN,2016,1.793
Hungary,HUN,2017,2.431
Hungary,HUN,2018,2.431
Hungary,HUN,2019,2.431
Hungary,HUN,2020,2.431
Hungary,HUN,2021,2.431
Hungary,HUN,2022,2.528
Hungary,HUN,2023,2.528
Hungary,HUN,2024,2.528
Hungary,HUN,2025,2.471
Iceland,ISL,2000,-1.061
Iceland,ISL,2001,-1.061
Iceland,ISL,2002,-1.061
Iceland,ISL,2003,-1.061
Iceland,ISL,2004,-1.836
Iceland,ISL,2005,-1.836
Iceland,ISL,2006,-1.836
Iceland,ISL,2007,-1.324
Iceland,ISL,2008,-0.852
Iceland,ISL,2009,0.037
Iceland,ISL,2010,0.037
Iceland,ISL,2011,-0.418
Iceland,ISL,2012,-0.418
Iceland,ISL,2013,-0.851
Iceland,ISL,2014,-0.851
Iceland,ISL,2015,-0.851
Iceland,ISL,2016,-0.851
Iceland,ISL,2017,-1.716
Iceland,ISL,2018,-1.716
Iceland,ISL,2019,-1.716
Iceland,ISL,2020,-1.3
Iceland,ISL,2021,-1.3
Iceland,ISL,2022,-1.3
Iceland,ISL,2023,-1.3
Iceland,ISL,2024,-0.975
Iceland,ISL,2025,-1.473
India,IND,1950,-0.553
India,IND,1951,-0.553
India,IND,1952,-0.553
India,IND,1953,-0.553
India,IND,1954,-0.553
India,IND,1955,-0.553
India,IND,1956,-0.553
India,IND,1957,-0.553
India,IND,1958,-0.553
India,IND,1959,-0.553
India,IND,1960,-0.553
India,IND,1961,-0.553
India,IND,1962,-0.553
India,IND,1963,-0.553
India,IND,1964,-0.553
India,IND,1965,-0.553
India,IND,1966,-0.553
India,IND,1967,-0.553
India,IND,1968,-0.52
India,IND,1969,-0.52
India,IND,1970,-0.465
India,IND,1971,0.099
India,IND,1972,0.099
India,IND,1973,0.099
India,IND,1974,0.339
India,IND,1975,0.781
India,IND,1976,0.781
India,IND,1977,0.781
India,IND,1978,-0.125
India,IND,1979,-0.125
India,IND,1980,-0.178
India,IND,1981,-0.178
India,IND,1982,-0.178
India,IND,1983,-0.178
India,IND,1984,0.634
India,IND,1985,0.351
India,IND,1986,-0.051
India,IND,1987,-0.051
India,IND,1988,-0.462
India,IND,1989,-0.413
India,IND,1990,-0.184
India,IND,1991,-0.184
India,IND,1992,0.227
India,IND,1993,0.227
India,IND,1994,0.227
India,IND,1995,0.227
India,IND,1996,0.264
India,IND,1997,0.264
India,IND,1998,0.264
India,IND,1999,0.264
India,IND,2000,-0.224
India,IND,2001,0.23
India,IND,2002,0.018
India,IND,2003,-0.207
India,IND,2004,-0.207
India,IND,2005,-0.421
India,IND,2006,-0.421
India,IND,2007,-0.421
India,IND,2008,-0.421
India,IND,2009,-0.421
India,IND,2010,-0.247
India,IND,2011,-0.247
India,IND,2012,-0.142
India,IND,2013,0.081
India,IND,2014,1.525
India,IND,2015,1.722
India,IND,2016,1.895
India,IND,2017,1.848
India,IND,2018,1.873
India,IND,2019,1.873
India,IND,2020,1.507
India,IND,2021,1.499
India,IND,2022,1.511
India,IND,2023,2.194
India,IND,2024,2.083
India,IND,2025,2.08
Indonesia,IDN,1950,2.041
Indonesia,IDN,1951,2.041
Indonesia,IDN,1952,2.041
Indonesia,IDN,1953,2.041
Indonesia,IDN,1954,2.041
Indonesia,IDN,1955,1.421
Indonesia,IDN,1956,1.421
Indonesia,IDN,1957,0.936
Indonesia,IDN,1958,0.936
Indonesia,IDN,1959,1.007
Indonesia,IDN,1960,1.476
Indonesia,IDN,1961,1.476
Indonesia,IDN,1962,1.476
Indonesia,IDN,1963,1.476
Indonesia,IDN,1964,1.555
Indonesia,IDN,1965,2.662
Indonesia,IDN,1966,2.076
Indonesia,IDN,1967,0.406
Indonesia,IDN,1968,0.406
Indonesia,IDN,1969,-0.256
Indonesia,IDN,1970,-0.586
Indonesia,IDN,1971,-0.586
Indonesia,IDN,1972,-0.586
Indonesia,IDN,1973,-0.586
Indonesia,IDN,1974,-0.586
Indonesia,IDN,1975,-0.586
Indonesia,IDN,1976,-0.586
Indonesia,IDN,1977,-0.586
Indonesia,IDN,1978,-0.586
Indonesia,IDN,1979,-0.586
Indonesia,IDN,1980,-0.156
Indonesia,IDN,1981,-0.156
Indonesia,IDN,1982,-0.156
Indonesia,IDN,1983,-0.156
Indonesia,IDN,1984,-0.156
Indonesia,IDN,1985,-0.156
Indonesia,IDN,1986,-0.156
Indonesia,IDN,1987,-0.156
Indonesia,IDN,1988,-0.156
Indonesia,IDN,1989,-0.156
Indonesia,IDN,1990,-0.175
Indonesia,IDN,1991,-0.175
Indonesia,IDN,1992,-0.175
Indonesia,IDN,1993,-0.175
Indonesia,IDN,1994,-0.175
Indonesia,IDN,1995,-0.175
Indonesia,IDN,1996,-0.175
Indonesia,IDN,1997,-0.175
Indonesia,IDN,1998,0.25
Indonesia,IDN,1999,0.181
Indonesia,IDN,2000,0.181
Indonesia,IDN,2001,0.181
Indonesia,IDN,2002,0.181
Indonesia,IDN,2003,0.181
Indonesia,IDN,2004,0.181
Indonesia,IDN,2005,0.181
Indonesia,IDN,2006,0.181
Indonesia,IDN,2007,0.181
Indonesia,IDN,2008,0.181
Indonesia,IDN,2009,0.181
Indonesia,IDN,2010,0.388
Indonesia,IDN,2011,0.388
Indonesia,IDN,2012,0.613
Indonesia,IDN,2013,0.613
Indonesia,IDN,2014,0.916
Indonesia,IDN,2015,0.916
Indonesia,IDN,2016,1.498
Indonesia,IDN,2017,1.498
Indonesia,IDN,2018,1.498
Indonesia,IDN,2019,1.498
Indonesia,IDN,2020,0.699
Indonesia,IDN,2021,0.699
Indonesia,IDN,2022,0.699
Indonesia,IDN,2023,0.807
Indonesia,IDN,2024,0.807
Indonesia,IDN,2025,0.104
Iran,IRN,1950,-0.146
Iran,IRN,1951,-0.146
Iran,IRN,1952,-0.146
Iran,IRN,1953,-0.146
Iran,IRN,1954,0.783
Iran,IRN,1955,0.783
Iran,IRN,1956,0.783
Iran,IRN,1957,0.783
Iran,IRN,1958,0.783
Iran,IRN,1959,0.783
Iran,IRN,1960,0.783
Iran,IRN,1961,0.783
Iran,IRN,1962,0.783
Iran,IRN,1963,0.783
Iran,IRN,1964,1.964
Iran,IRN,1965,1.964
Iran,IRN,1966,1.964
Iran,IRN,1967,1.964
Iran,IRN,1968,1.964
Iran,IRN,1969,1.964
Iran,IRN,1970,1.964
Iran,IRN,1971,1.964
Iran,IRN,1972,1.964
Iran,IRN,1973,1.964
Iran,IRN,1974,1.964
Iran,IRN,1975,1.964
Iran,IRN,1976,1.964
Iran,IRN,1977,1.964
Iran,IRN,1978,1.531
Iran,IRN,1979,1.531
Iran,IRN,1980,0.075
Iran,IRN,1981,0.075
Iran,IRN,1982,0.79
Iran,IRN,1983,0.79
Iran,IRN,1984,0.79
Iran,IRN,1985,0.79
Iran,IRN,1986,0.79
Iran,IRN,1987,0.79
Iran,IRN,1988,0.79
Iran,IRN,1989,0.79
Iran,IRN,1990,0.79
Iran,IRN,1991,0.79
Iran,IRN,1992,0.79
Iran,IRN,1993,0.79
Iran,IRN,1994,0.79
Iran,IRN,1995,0.79
Iran,IRN,1996,0.79
Iran,IRN,1997,0.521
Iran,IRN,1998,0.521
Iran,IRN,1999,0.521
Iran,IRN,2000,0.521
Iran,IRN,2001,0.521
Iran,IRN,2002,0.521
Iran,IRN,2003,0.521
Iran,IRN,2004,0.521
Iran,IRN,2005,0.521
Iran,IRN,2006,0.844
Iran,IRN,2007,0.844
Iran,IRN,2008,0.953
Iran,IRN,2009,0.953
Iran,IRN,2010,1.412
Iran,IRN,2011,1.412
Iran,IRN,2012,1.412
Iran,IRN,2013,1.412
Iran,IRN,2014,0.838
Iran,IRN,2015,0.838
Iran,IRN,2016,0.838
Iran,IRN,2017,1.407
Iran,IRN,2018,1.407
Iran,IRN,2019,1.407
Iran,IRN,2020,1.407
Iran,IRN,2021,1.407
Iran,IRN,2022,1.639
Iran,IRN,2023,1.639
Iran,IRN,2024,1.052
Iran,IRN,2025,1.052
Iraq,IRQ,1950,0.923
Iraq,IRQ,1951,0.923
Iraq,IRQ,1952,0.923
Iraq,IRQ,1953,0.923
Iraq,IRQ,1954,0.923
Iraq,IRQ,1955,0.923
Iraq,IRQ,1956,0.923
Iraq,IRQ,1957,0.923
Iraq,IRQ,1958,0.775
Iraq,IRQ,1959,0.624
Iraq,IRQ,1960,0.972
Iraq,IRQ,1961,0.972
Iraq,IRQ,1962,0.972
Iraq,IRQ,1963,1.902
Iraq,IRQ,1964,1.902
Iraq,IRQ,1965,1.371
Iraq,IRQ,1966,1.371
Iraq,IRQ,1967,1.832
Iraq,IRQ,1968,2.519
Iraq,IRQ,1969,2.098
Iraq,IRQ,1970,1.801
Iraq,IRQ,1971,1.801
Iraq,IRQ,1972,1.801
Iraq,IRQ,1973,1.801
Iraq,IRQ,1974,1.801
Iraq,IRQ,1975,2.5
Iraq,IRQ,1976,2.5
Iraq,IRQ,1977,2.5
Iraq,IRQ,1978,2.5
Iraq,IRQ,1979,2.5
Iraq,IRQ,1980,2.326
Iraq,IRQ,1981,2.326
Iraq,IRQ,1982,2.326
Iraq,IRQ,1983,2.326
Iraq,IRQ,1984,2.326
Iraq,IRQ,1985,2.326
Iraq,IRQ,1986,2.326
Iraq,IRQ,1987,2.326
Iraq,IRQ,1988,2.326
Iraq,IRQ,1989,2.326
Iraq,IRQ,1990,2.326
Iraq,IRQ,1991,2.326
Iraq,IRQ,1992,2.326
Iraq,IRQ,1993,2.326
Iraq,IRQ,1994,2.326
Iraq,IRQ,1995,2.326
Iraq,IRQ,1996,2.326
Iraq,IRQ,1997,2.326
Iraq,IRQ,1998,2.326
Iraq,IRQ,1999,2.326
Iraq,IRQ,2000,2.657
Iraq,IRQ,2001,2.657
Iraq,IRQ,2002,2.657
Iraq,IRQ,2003,1.939
Iraq,IRQ,2004,1.579
Iraq,IRQ,2005,2.267
Iraq,IRQ,2006,2.283
Iraq,IRQ,2007,2.283
Iraq,IRQ,2008,1.608
Iraq,IRQ,2009,1.55
Iraq,IRQ,2010,1.55
Iraq,IRQ,2011,1.333
Iraq,IRQ,2012,1.643
Iraq,IRQ,2013,1.569
Iraq,IRQ,2014,1.925
Iraq,IRQ,2015,1.44
Iraq,IRQ,2016,1.44
Iraq,IRQ,2017,1.652
Iraq,IRQ,2018,1.131
Iraq,IRQ,2019,1.144
Iraq,IRQ,2020,1.41
Iraq,IRQ,2021,1.831
Iraq,IRQ,2022,2.044
Iraq,IRQ,2023,1.52
Iraq,IRQ,2024,1.542
Iraq,IRQ,2025,0.197
Ireland,IRL,1950,-0.951
Ireland,IRL,1951,-0.951
Ireland,IRL,1952,-0.951
Ireland,IRL,1953,-0.951
Ireland,IRL,1954,-0.951
Ireland,IRL,1955,-0.951
Ireland,IRL,1956,-0.951
Ireland,IRL,1957,-0.951
Ireland,IRL,1958,-0.951
Ireland,IRL,1959,-1.195
Ireland,IRL,1960,-1.553
Ireland,IRL,1961,-1.553
Ireland,IRL,1962,-1.553
Ireland,IRL,1963,-1.553
Ireland,IRL,1964,-1.553
Ireland,IRL,1965,-1.553
Ireland,IRL,1966,-1.553
Ireland,IRL,1967,-1.553
Ireland,IRL,1968,-1.553
Ireland,IRL,1969,-1.553
Ireland,IRL,1970,-2.052
Ireland,IRL,1971,-2.052
Ireland,IRL,1972,-2.052
Ireland,IRL,1973,-2.052
Ireland,IRL,1974,-2.052
Ireland,IRL,1975,-2.052
Ireland,IRL,1976,-2.052
Ireland,IRL,1977,-2.052
Ireland,IRL,1978,-2.052
Ireland,IRL,1979,-2.052
Ireland,IRL,1980,-2.052
Ireland,IRL,1981,-2.052
Ireland,IRL,1982,-2.052
Ireland,IRL,1983,-2.052
Ireland,IRL,1984,-2.052
Ireland,IRL,1985,-2.052
Ireland,IRL,1986,-2.052
Ireland,IRL,1987,-2.052
Ireland,IRL,1988,-2.052
Ireland,IRL,1989,-2.052
Ireland,IRL,1990,-2.987
Ireland,IRL,1991,-2.987
Ireland,IRL,1992,-2.987
Ireland,IRL,1993,-3.813
Ireland,IRL,1994,-3.813
Ireland,IRL,1995,-3.813
Ireland,IRL,1996,-3.813
Ireland,IRL,1997,-3.813
Ireland,IRL,1998,-3.813
Ireland,IRL,1999,-3.813
Ireland,IRL,2000,-3.813
Ireland,IRL,2001,-3.813
Ireland,IRL,2002,-3.813
Ireland,IRL,2003,-3.813
Ireland,IRL,2004,-3.813
Ireland,IRL,2005,-3.813
Ireland,IRL,2006,-3.813
Ireland,IRL,2007,-3.813
Ireland,IRL,2008,-3.364
Ireland,IRL,2009,-3.364
Ireland,IRL,2010,-3.364
Ireland,IRL,2011,-3.364
Ireland,IRL,2012,-3.364
Ireland,IRL,2013,-3.364
Ireland,IRL,2014,-2.925
Ireland,IRL,2015,-2.925
Ireland,IRL,2016,-2.925
Ireland,IRL,2017,-2.925
Ireland,IRL,2018,-2.925
Ireland,IRL,2019,-3.172
Ireland,IRL,2020,-2.49
Ireland,IRL,2021,-2.49
Ireland,IRL,2022,-2.49
Ireland,IRL,2023,-2.49
Ireland,IRL,2024,-2.49
Ireland,IRL,2025,-2.49
Israel,ISR,1950,-0.127
Israel,ISR,1951,-0.127
Israel,ISR,1952,-0.127
Israel,ISR,1953,-0.127
Israel,ISR,1954,-0.127
Israel,ISR,1955,-0.127
Israel,ISR,1956,-0.127
Israel,ISR,1957,-0.127
Israel,ISR,1958,-0.127
Israel,ISR,1959,-0.127
Israel,ISR,1960,-0.127
Israel,ISR,1961,-0.127
Israel,ISR,1962,-0.127
Israel,ISR,1963,-0.127
Israel,ISR,1964,-0.127
Israel,ISR,1965,-0.127
Israel,ISR,1966,-0.127
Israel,ISR,1967,-0.127
Israel,ISR,1968,-0.127
Israel,ISR,1969,-0.127
Israel,ISR,1970,0.077
Israel,ISR,1971,0.077
Israel,ISR,1972,0.077
Israel,ISR,1973,0.077
Israel,ISR,1974,0.077
Israel,ISR,1975,0.077
Israel,ISR,1976,0.077
Israel,ISR,1977,0.077
Israel,ISR,1978,0.265
Israel,ISR,1979,0.265
Israel,ISR,1980,0.359
Israel,ISR,1981,0.359
Israel,ISR,1982,0.359
Israel,ISR,1983,0.359
Israel,ISR,1984,0.359
Israel,ISR,1985,0.359
Israel,ISR,1986,0.359
Israel,ISR,1987,0.359
Israel,ISR,1988,0.359
Israel,ISR,1989,0.359
Israel,ISR,1990,0.359
Israel,ISR,1991,0.359
Israel,ISR,1992,0.359
Israel,ISR,1993,0.359
Israel,ISR,1994,0.359
Israel,ISR,1995,0.359
Israel,ISR,1996,0.359
Israel,ISR,1997,0.359
Israel,ISR,1998,0.359
Israel,ISR,1999,0.359
Israel,ISR,2000,0.359
Israel,ISR,2001,0.823
Israel,ISR,2002,0.823
Israel,ISR,2003,0.823
Israel,ISR,2004,0.823
Israel,ISR,2005,0.823
Israel,ISR,2006,0.358
Israel,ISR,2007,0.358
Israel,ISR,2008,0.358
Israel,ISR,2009,0.358
Israel,ISR,2010,0.358
Israel,ISR,2011,0.358
Israel,ISR,2012,0.358
Israel,ISR,2013,0.358
Israel,ISR,2014,0.358
Israel,ISR,2015,0.358
Israel,ISR,2016,0.358
Israel,ISR,2017,0.358
Israel,ISR,2018,1.016
Israel,ISR,2019,1.016
Israel,ISR,2020,1.016
Israel,ISR,2021,1.016
Israel,ISR,2022,1.016
Israel,ISR,2023,1.016
Israel,ISR,2024,0.021
Israel,ISR,2025,0.021
Italy,ITA,1950,0.451
Italy,ITA,1951,0.451
Italy,ITA,1952,0.451
Italy,ITA,1953,0.451
Italy,ITA,1954,0.451
Italy,ITA,1955,0.451
Italy,ITA,1956,0.451
Italy,ITA,1957,0.451
Italy,ITA,1958,0.451
Italy,ITA,1959,0.451
Italy,ITA,1960,0.252
Italy,ITA,1961,0.252
Italy,ITA,1962,0.252
Italy,ITA,1963,-0.101
Italy,ITA,1964,-0.101
Italy,ITA,1965,-0.101
Italy,ITA,1966,-0.101
Italy,ITA,1967,-0.101
Italy,ITA,1968,0.231
Italy,ITA,1969,0.231
Italy,ITA,1970,0.789
Italy,ITA,1971,0.789
Italy,ITA,1972,0.789
Italy,ITA,1973,0.789
Italy,ITA,1974,0.789
Italy,ITA,1975,0.789
Italy,ITA,1976,0.789
Italy,ITA,1977,0.789
Italy,ITA,1978,0.007
Italy,ITA,1979,0.007
Italy,ITA,1980,-0.791
Italy,ITA,1981,-0.791
Italy,ITA,1982,-0.791
Italy,ITA,1983,-0.791
Italy,ITA,1984,-0.791
Italy,ITA,1985,-0.791
Italy,ITA,1986,-0.791
Italy,ITA,1987,-0.791
Italy,ITA,1988,-0.791
Italy,ITA,1989,-0.791
Italy,ITA,1990,-0.752
Italy,ITA,1991,-0.752
Italy,ITA,1992,-0.568
Italy,ITA,1993,-0.568
Italy,ITA,1994,-0.234
Italy,ITA,1995,0.443
Italy,ITA,1996,0.443
Italy,ITA,1997,0.443
Italy,ITA,1998,0.443
Italy,ITA,1999,0.443
Italy,ITA,2000,0.275
Italy,ITA,2001,0.275
Italy,ITA,2002,0.275
Italy,ITA,2003,0.275
Italy,ITA,2004,0.275
Italy,ITA,2005,0.275
Italy,ITA,2006,0.275
Italy,ITA,2007,0.275
Italy,ITA,2008,0.275
Italy,ITA,2009,0.197
Italy,ITA,2010,0.197
Italy,ITA,2011,0.197
Italy,ITA,2012,-0.352
Italy,ITA,2013,0.281
Italy,ITA,2014,0.281
Italy,ITA,2015,0.281
Italy,ITA,2016,0.281
Italy,ITA,2017,0.281
Italy,ITA,2018,0.281
Italy,ITA,2019,0.281
Italy,ITA,2020,0.537
Italy,ITA,2021,0.537
Italy,ITA,2022,0.247
Italy,ITA,2023,0.247
Italy,ITA,2024,0.748
Italy,ITA,2025,0.748
Jamaica,JAM,1950,-0.989
Jamaica,JAM,1951,-0.989
Jamaica,JAM,1952,-0.989
Jamaica,JAM,1953,-0.989
Jamaica,JAM,1954,-0.989
Jamaica,JAM,1955,-0.989
Jamaica,JAM,1956,-1.127
Jamaica,JAM,1957,-1.127
Jamaica,JAM,1958,-1.127
Jamaica,JAM,1959,-1.127
Jamaica,JAM,1960,-0.837
Jamaica,JAM,1961,-0.837
Jamaica,JAM,1962,-1.289
Jamaica,JAM,1963,-1.289
Jamaica,JAM,1964,-1.289
Jamaica,JAM,1965,-1.289
Jamaica,JAM,1966,-1.289
Jamaica,JAM,1967,-1.161
Jamaica,JAM,1968,-1.161
Jamaica,JAM,1969,-1.161
Jamaica,JAM,1970,-1.081
Jamaica,JAM,1971,-1.081
Jamaica,JAM,1972,-1.081
Jamaica,JAM,1973,-1.081
Jamaica,JAM,1974,-1.081
Jamaica,JAM,1975,-1.081
Jamaica,JAM,1976,-1.081
Jamaica,JAM,1977,-1.081
Jamaica,JAM,1978,-1.081
Jamaica,JAM,1979,-1.081
Jamaica,JAM,1980,-1.157
Jamaica,JAM,1981,-1.157
Jamaica,JAM,1982,-1.157
Jamaica,JAM,1983,-1.157
Jamaica,JAM,1984,-1.157
Jamaica,JAM,1985,-1.157
Jamaica,JAM,1986,-1.157
Jamaica,JAM,1987,-1.157
Jamaica,JAM,1988,-1.157
Jamaica,JAM,1989,-1.157
Jamaica,JAM,1990,-1.355
Jamaica,JAM,1991,-1.355
Jamaica,JAM,1992,-1.355
Jamaica,JAM,1993,-1.355
Jamaica,JAM,1994,-1.355
Jamaica,JAM,1995,-1.355
Jamaica,JAM,1996,-1.355
Jamaica,JAM,1997,-1.355
Jamaica,JAM,1998,-1.355
Jamaica,JAM,1999,-1.355
Jamaica,JAM,2000,-1.255
Jamaica,JAM,2001,-1.255
Jamaica,JAM,2002,-1.255
Jamaica,JAM,2003,-1.255
Jamaica,JAM,2004,-1.255
Jamaica,JAM,2005,-1.255
Jamaica,JAM,2006,-1.255
Jamaica,JAM,2007,-1.255
Jamaica,JAM,2008,-1.255
Jamaica,JAM,2009,-1.255
Jamaica,JAM,2010,-1.44
Jamaica,JAM,2011,-1.44
Jamaica,JAM,2012,-1.44
Jamaica,JAM,2013,-1.44
Jamaica,JAM,2014,-1.44
Jamaica,JAM,2015,-1.44
Jamaica,JAM,2016,-1.44
Jamaica,JAM,2017,-1.44
Jamaica,JAM,2018,-1.44
Jamaica,JAM,2019,-1.44
Jamaica,JAM,2020,-1.09
Jamaica,JAM,2021,-0.595
Jamaica,JAM,2022,-0.595
Jamaica,JAM,2023,-0.595
Jamaica,JAM,2024,-0.595
Jamaica,JAM,2025,-0.595
Japan,JPN,1950,-1.343
Japan,JPN,1951,-1.343
Japan,JPN,1952,-1.343
Japan,JPN,1953,-1.343
Japan,JPN,1954,-1.343
Japan,JPN,1955,-1.343
Japan,JPN,1956,-1.343
Japan,JPN,1957,-1.343
Japan,JPN,1958,-1.343
Japan,JPN,1959,-1.343
Japan,JPN,1960,-0.65
Japan,JPN,1961,-1.758
Japan,JPN,1962,-1.758
Japan,JPN,1963,-1.758
Japan,JPN,1964,-1.758
Japan,JPN,1965,-1.758
Japan,JPN,1966,-1.758
Japan,JPN,1967,-1.758
Japan,JPN,1968,-1.758
Japan,JPN,1969,-1.758
Japan,JPN,1970,-1.758
Japan,JPN,1971,-1.758
Japan,JPN,1972,-1.758
Japan,JPN,1973,-1.758
Japan,JPN,1974,-1.758
Japan,JPN,1975,-1.758
Japan,JPN,1976,-1.758
Japan,JPN,1977,-1.758
Japan,JPN,1978,-1.758
Japan,JPN,1979,-1.758
Japan,JPN,1980,-1.758
Japan,JPN,1981,-1.758
Japan,JPN,1982,-1.758
Japan,JPN,1983,-1.758
Japan,JPN,1984,-1.758
Japan,JPN,1985,-1.758
Japan,JPN,1986,-1.758
Japan,JPN,1987,-1.758
Japan,JPN,1988,-1.758
Japan,JPN,1989,-1.758
Japan,JPN,1990,-1.758
Japan,JPN,1991,-1.758
Japan,JPN,1992,-1.758
Japan,JPN,1993,-1.758
Japan,JPN,1994,-2.269
Japan,JPN,1995,-2.269
Japan,JPN,1996,-2.269
Japan,JPN,1997,-2.269
Japan,JPN,1998,-2.269
Japan,JPN,1999,-2.269
Japan,JPN,2000,-2.269
Japan,JPN,2001,-2.269
Japan,JPN,2002,-2.269
Japan,JPN,2003,-2.269
Japan,JPN,2004,-2.269
Japan,JPN,2005,-2.269
Japan,JPN,2006,-2.269
Japan,JPN,2007,-2.269
Japan,JPN,2008,-2.269
Japan,JPN,2009,-2.269
Japan,JPN,2010,-2.269
Japan,JPN,2011,-2.269
Japan,JPN,2012,-1.517
Japan,JPN,2013,-1.517
Japan,JPN,2014,-1.517
Japan,JPN,2015,-1.365
Japan,JPN,2016,-1.365
Japan,JPN,2017,-1.365
Japan,JPN,2018,-1.365
Japan,JPN,2019,-1.365
Japan,JPN,2020,-1.738
Japan,JPN,2021,-1.738
Japan,JPN,2022,-1.738
Japan,JPN,2023,-1.738
Japan,JPN,2024,-1.738
Japan,JPN,2025,-1.738
Jordan,JOR,1950,-1.322
Jordan,JOR,1951,-1.322
Jordan,JOR,1952,-1.322
Jordan,JOR,1953,-1.322
Jordan,JOR,1954,-1.099
Jordan,JOR,1955,-1.099
Jordan,JOR,1956,-0.941
Jordan,JOR,1957,0.422
Jordan,JOR,1958,-1.126
Jordan,JOR,1959,-1.126
Jordan,JOR,1960,-1.126
Jordan,JOR,1961,-1.126
Jordan,JOR,1962,-1.126
Jordan,JOR,1963,-1.126
Jordan,JOR,1964,-1.126
Jordan,JOR,1965,-1.311
Jordan,JOR,1966,-1.311
Jordan,JOR,1967,-1.311
Jordan,JOR,1968,-1.311
Jordan,JOR,1969,-1.311
Jordan,JOR,1970,1.76
Jordan,JOR,1971,-0.972
Jordan,JOR,1972,-1.551
Jordan,JOR,1973,-1.551
Jordan,JOR,1974,-1.551
Jordan,JOR,1975,-1.551
Jordan,JOR,1976,-1.551
Jordan,JOR,1977,-1.551
Jordan,JOR,1978,-1.551
Jordan,JOR,1979,-1.551
Jordan,JOR,1980,-1.751
Jordan,JOR,1981,-1.751
Jordan,JOR,1982,-1.751
Jordan,JOR,1983,-1.751
Jordan,JOR,1984,-1.751
Jordan,JOR,1985,-1.751
Jordan,JOR,1986,-1.751
Jordan,JOR,1987,-1.751
Jordan,JOR,1988,-1.751
Jordan,JOR,1989,-1.751
Jordan,JOR,1990,-1.824
Jordan,JOR,1991,-1.824
Jordan,JOR,1992,-1.824
Jordan,JOR,1993,-1.824
Jordan,JOR,1994,-1.824
Jordan,JOR,1995,-1.824
Jordan,JOR,1996,-1.824
Jordan,JOR,1997,-1.824
Jordan,JOR,1998,-1.824
Jordan,JOR,1999,-1.824
Jordan,JOR,2000,-1.423
Jordan,JOR,2001,-1.423
Jordan,JOR,2002,-1.639
Jordan,JOR,2003,-1.414
Jordan,JOR,2004,-1.438
Jordan,JOR,2005,-1.438
Jordan,JOR,2006,-1.438
Jordan,JOR,2007,-1.438
Jordan,JOR,2008,-1.438
Jordan,JOR,2009,-1.438
Jordan,JOR,2010,-1.262
Jordan,JOR,2011,-0.863
Jordan,JOR,2012,-0.661
Jordan,JOR,2013,-0.466
Jordan,JOR,2014,-0.466
Jordan,JOR,2015,-0.466
Jordan,JOR,2016,-0.466
Jordan,JOR,2017,-0.466
Jordan,JOR,2018,-0.932
Jordan,JOR,2019,-0.932
Jordan,JOR,2020,-0.628
Jordan,JOR,2021,-0.628
Jordan,JOR,2022,-1.073
Jordan,JOR,2023,-1.073
Jordan,JOR,2024,-0.998
Jordan,JOR,2025,-0.998
Kazakhstan,KAZ,1950,0.978
Kazakhstan,KAZ,1951,0.978
Kazakhstan,KAZ,1952,0.978
Kazakhstan,KAZ,1953,0.978
Kazakhstan,KAZ,1954,0.978
Kazakhstan,KAZ,1955,0.88
Kazakhstan,KAZ,1956,0.88
Kazakhstan,KAZ,1957,0.88
Kazakhstan,KAZ,1958,0.88
Kazakhstan,KAZ,1959,0.88
Kazakhstan,KAZ,1960,0.429
Kazakhstan,KAZ,1961,0.429
Kazakhstan,KAZ,1962,0.429
Kazakhstan,KAZ,1963,0.429
Kazakhstan,KAZ,1964,0.429
Kazakhstan,KAZ,1965,0.429
Kazakhstan,KAZ,1966,0.429
Kazakhstan,KAZ,1967,0.429
Kazakhstan,KAZ,1968,0.429
Kazakhstan,KAZ,1969,0.37
Kazakhstan,KAZ,1970,0.37
Kazakhstan,KAZ,1971,0.37
Kazakhstan,KAZ,1972,0.37
Kazakhstan,KAZ,1973,0.37
Kazakhstan,KAZ,1974,0.37
Kazakhstan,KAZ,1975,0.37
Kazakhstan,KAZ,1976,0.37
Kazakhstan,KAZ,1977,0.37
Kazakhstan,KAZ,1978,0.37
Kazakhstan,KAZ,1979,0.37
Kazakhstan,KAZ,1980,0.37
Kazakhstan,KAZ,1981,0.37
Kazakhstan,KAZ,1982,0.37
Kazakhstan,KAZ,1983,0.37
Kazakhstan,KAZ,1984,0.199
Kazakhstan,KAZ,1985,0.159
Kazakhstan,KAZ,1986,0.159
Kazakhstan,KAZ,1987,0.233
Kazakhstan,KAZ,1988,0.058
Kazakhstan,KAZ,1989,0.122
Kazakhstan,KAZ,1990,-1.114
Kazakhstan,KAZ,1991,-1.114
Kazakhstan,KAZ,1992,-1.114
Kazakhstan,KAZ,1993,-1.114
Kazakhstan,KAZ,1994,-1.114
Kazakhstan,KAZ,1995,-1.114
Kazakhstan,KAZ,1996,-1.114
Kazakhstan,KAZ,1997,-1.114
Kazakhstan,KAZ,1998,-1.114
Kazakhstan,KAZ,1999,-1.114
Kazakhstan,KAZ,2000,-0.644
Kazakhstan,KAZ,2001,-0.644
Kazakhstan,KAZ,2002,-0.644
Kazakhstan,KAZ,2003,-0.644
Kazakhstan,KAZ,2004,-0.644
Kazakhstan,KAZ,2005,-0.644
Kazakhstan,KAZ,2006,-0.644
Kazakhstan,KAZ,2007,-0.644
Kazakhstan,KAZ,2008,-0.644
Kazakhstan,KAZ,2009,-0.644
Kazakhstan,KAZ,2010,-0.65
Kazakhstan,KAZ,2011,-0.65
Kazakhstan,KAZ,2012,-0.65
Kazakhstan,KAZ,2013,-0.286
Kazakhstan,KAZ,2014,-0.286
Kazakhstan,KAZ,2015,-0.286
Kazakhstan,KAZ,2016,-0.286
Kazakhstan,KAZ,2017,-0.286
Kazakhstan,KAZ,2018,-0.248
Kazakhstan,KAZ,2019,-0.15
Kazakhstan,KAZ,2020,-0.03
Kazakhstan,KAZ,2021,-0.121
Kazakhstan,KAZ,2022,-0.121
Kazakhstan,KAZ,2023,-0.121
Kazakhstan,KAZ,2024,-0.269
Kazakhstan,KAZ,2025,-0.525
Kenya,KEN,1950,1.193
Kenya,KEN,1951,1.193
Kenya,KEN,1952,2.09
Kenya,KEN,1953,2.09
Kenya,KEN,1954,2.09
Kenya,KEN,1955,2.09
Kenya,KEN,1956,2.09
Kenya,KEN,1957,2.09
Kenya,KEN,1958,2.09
Kenya,KEN,1959,2.09
Kenya,KEN,1960,1.712
Kenya,KEN,1961,0.782
Kenya,KEN,1962,0.782
Kenya,KEN,1963,-0.787
Kenya,KEN,1964,-2.078
Kenya,KEN,1965,-2.078
Kenya,KEN,1966,-1.603
Kenya,KEN,1967,-1.603
Kenya,KEN,1968,-1.603
Kenya,KEN,1969,-1.603
Kenya,KEN,1970,-1.603
Kenya,KEN,1971,-1.603
Kenya,KEN,1972,-1.603
Kenya,KEN,1973,-1.603
Kenya,KEN,1974,-1.603
Kenya,KEN,1975,-1.603
Kenya,KEN,1976,-1.603
Kenya,KEN,1977,-1.603
Kenya,KEN,1978,-1.603
Kenya,KEN,1979,-1.603
Kenya,KEN,1980,-1.603
Kenya,KEN,1981,-1.603
Kenya,KEN,1982,-1.603
Kenya,KEN,1983,-1.603
Kenya,KEN,1984,-1.603
Kenya,KEN,1985,-1.603
Kenya,KEN,1986,-1.603
Kenya,KEN,1987,-1.603
Kenya,KEN,1988,-1.603
Kenya,KEN,1989,-1.603
Kenya,KEN,1990,-0.885
Kenya,KEN,1991,-0.694
Kenya,KEN,1992,-0.308
Kenya,KEN,1993,-0.308
Kenya,KEN,1994,0.232
Kenya,KEN,1995,0.232
Kenya,KEN,1996,0.232
Kenya,KEN,1997,0.232
Kenya,KEN,1998,0.232
Kenya,KEN,1999,0.232
Kenya,KEN,2000,0.063
Kenya,KEN,2001,0.063
Kenya,KEN,2002,0.063
Kenya,KEN,2003,0.634
Kenya,KEN,2004,0.142
Kenya,KEN,2005,0.142
Kenya,KEN,2006,0.511
Kenya,KEN,2007,0.276
Kenya,KEN,2008,0.675
Kenya,KEN,2009,0.384
Kenya,KEN,2010,-0.828
Kenya,KEN,2011,-0.36
Kenya,KEN,2012,0.374
Kenya,KEN,2013,1.185
Kenya,KEN,2014,0.157
Kenya,KEN,2015,-0.06
Kenya,KEN,2016,0.324
Kenya,KEN,2017,1.197
Kenya,KEN,2018,-0.056
Kenya,KEN,2019,-0.45
Kenya,KEN,2020,-0.223
Kenya,KEN,2021,0.364
Kenya,KEN,2022,0.6
Kenya,KEN,2023,-0.629
Kenya,KEN,2024,0.397
Kenya,KEN,2025,0.669
Kosovo,OWID_KOS,1999,1.654
Kosovo,OWID_KOS,2000,1.402
Kosovo,OWID_KOS,2001,1.402
Kosovo,OWID_KOS,2002,1.402
Kosovo,OWID_KOS,2003,1.402
Kosovo,OWID_KOS,2004,1.402
Kosovo,OWID_KOS,2005,0.644
Kosovo,OWID_KOS,2006,0.644
Kosovo,OWID_KOS,2007,0.644
Kosovo,OWID_KOS,2008,0.644
Kosovo,OWID_KOS,2009,0.644
Kosovo,OWID_KOS,2010,0.653
Kosovo,OWID_KOS,2011,0.653
Kosovo,OWID_KOS,2012,0.653
Kosovo,OWID_KOS,2013,0.653
Kosovo,OWID_KOS,2014,0.653
Kosovo,OWID_KOS,2015,0.653
Kosovo,OWID_KOS,2016,0.653
Kosovo,OWID_KOS,2017,0.653
Kosovo,OWID_KOS,2018,0.653
Kosovo,OWID_KOS,2019,0.653
Kosovo,OWID_KOS,2020,0.466
Kosovo,OWID_KOS,2021,0.466
Kosovo,OWID_KOS,2022,0.466
Kosovo,OWID_KOS,2023,0.466
Kosovo,OWID_KOS,2024,1.226
Kosovo,OWID_KOS,2025,0.865
Kuwait,KWT,1950,-2.806
Kuwait,KWT,1951,-2.935
Kuwait,KWT,1952,-2.935
Kuwait,KWT,1953,-2.935
Kuwait,KWT,1954,-2.935
Kuwait,KWT,1955,-2.567
Kuwait,KWT,1956,-2.567
Kuwait,KWT,1957,-2.567
Kuwait,KWT,1958,-2.567
Kuwait,KWT,1959,-2.567
Kuwait,KWT,1960,-2.254
Kuwait,KWT,1961,-3.172
Kuwait,KWT,1962,-3.172
Kuwait,KWT,1963,-3.172
Kuwait,KWT,1964,-3.172
Kuwait,KWT,1965,-3.172
Kuwait,KWT,1966,-2.739
Kuwait,KWT,1967,-2.739
Kuwait,KWT,1968,-2.739
Kuwait,KWT,1969,-2.739
Kuwait,KWT,1970,-2.958
Kuwait,KWT,1971,-2.958
Kuwait,KWT,1972,-2.958
Kuwait,KWT,1973,-2.958
Kuwait,KWT,1974,-2.958
Kuwait,KWT,1975,-2.754
Kuwait,KWT,1976,-0.954
Kuwait,KWT,1977,-0.626
Kuwait,KWT,1978,-0.626
Kuwait,KWT,1979,-0.546
Kuwait,KWT,1980,-0.653
Kuwait,KWT,1981,-1.648
Kuwait,KWT,1982,-1.648
Kuwait,KWT,1983,-1.648
Kuwait,KWT,1984,-1.648
Kuwait,KWT,1985,-1.519
Kuwait,KWT,1986,-1.519
Kuwait,KWT,1987,-1.302
Kuwait,KWT,1988,-1.302
Kuwait,KWT,1989,-1.302
Kuwait,KWT,1990,-1.068
Kuwait,KWT,1991,-1.257
Kuwait,KWT,1992,-1.662
Kuwait,KWT,1993,-1.662
Kuwait,KWT,1994,-1.662
Kuwait,KWT,1995,-1.662
Kuwait,KWT,1996,-1.662
Kuwait,KWT,1997,-1.662
Kuwait,KWT,1998,-1.662
Kuwait,KWT,1999,-1.662
Kuwait,KWT,2000,-1.662
Kuwait,KWT,2001,-1.662
Kuwait,KWT,2002,-1.662
Kuwait,KWT,2003,-1.662
Kuwait,KWT,2004,-1.662
Kuwait,KWT,2005,-1.662
Kuwait,KWT,2006,-1.534
Kuwait,KWT,2007,-1.431
Kuwait,KWT,2008,-1.431
Kuwait,KWT,2009,-1.301
Kuwait,KWT,2010,-1.301
Kuwait,KWT,2011,-1.301
Kuwait,KWT,2012,-1.301
Kuwait,KWT,2013,-1.193
Kuwait,KWT,2014,-1.315
Kuwait,KWT,2015,-1.315
Kuwait,KWT,2016,-1.315
Kuwait,KWT,2017,-1.461
Kuwait,KWT,2018,-1.461
Kuwait,KWT,2019,-0.923
Kuwait,KWT,2020,-1.529
Kuwait,KWT,2021,-1.1
Kuwait,KWT,2022,-1.291
Kuwait,KWT,2023,-1.181
Kuwait,KWT,2024,-1.181
Kuwait,KWT,2025,-1.181
Kyrgyzstan,KGZ,1950,0.978
Kyrgyzstan,KGZ,1951,0.978
Kyrgyzstan,KGZ,1952,0.978
Kyrgyzstan,KGZ,1953,0.978
Kyrgyzstan,KGZ,1954,0.978
Kyrgyzstan,KGZ,1955,0.88
Kyrgyzstan,KGZ,1956,0.88
Kyrgyzstan,KGZ,1957,0.88
Kyrgyzstan,KGZ,1958,0.88
Kyrgyzstan,KGZ,1959,0.88
Kyrgyzstan,KGZ,1960,0.429
Kyrgyzstan,KGZ,1961,0.429
Kyrgyzstan,KGZ,1962,0.429
Kyrgyzstan,KGZ,1963,0.429
Kyrgyzstan,KGZ,1964,0.429
Kyrgyzstan,KGZ,1965,0.429
Kyrgyzstan,KGZ,1966,0.429
Kyrgyzstan,KGZ,1967,0.429
Kyrgyzstan,KGZ,1968,0.429
Kyrgyzstan,KGZ,1969,0.37
Kyrgyzstan,KGZ,1970,0.37
Kyrgyzstan,KGZ,1971,0.37
Kyrgyzstan,KGZ,1972,0.37
Kyrgyzstan,KGZ,1973,0.37
Kyrgyzstan,KGZ,1974,0.37
Kyrgyzstan,KGZ,1975,0.37
Kyrgyzstan,KGZ,1976,0.37
Kyrgyzstan,KGZ,1977,0.37
Kyrgyzstan,KGZ,1978,0.37
Kyrgyzstan,KGZ,1979,0.37
Kyrgyzstan,KGZ,1980,0.37
Kyrgyzstan,KGZ,1981,0.37
Kyrgyzstan,KGZ,1982,0.37
Kyrgyzstan,KGZ,1983,0.37
Kyrgyzstan,KGZ,1984,0.199
Kyrgyzstan,KGZ,1985,0.159
Kyrgyzstan,KGZ,1986,0.159
Kyrgyzstan,KGZ,1987,0.233
Kyrgyzstan,KGZ,1988,0.058
Kyrgyzstan,KGZ,1989,0.122
Kyrgyzstan,KGZ,1990,-1.454
Kyrgyzstan,KGZ,1991,-1.454
Kyrgyzstan,KGZ,1992,-1.454
Kyrgyzstan,KGZ,1993,-1.279
Kyrgyzstan,KGZ,1994,-1.279
Kyrgyzstan,KGZ,1995,-1.459
Kyrgyzstan,KGZ,1996,-1.459
Kyrgyzstan,KGZ,1997,-1.254
Kyrgyzstan,KGZ,1998,-1.104
Kyrgyzstan,KGZ,1999,-0.822
Kyrgyzstan,KGZ,2000,-0.822
Kyrgyzstan,KGZ,2001,-1.089
Kyrgyzstan,KGZ,2002,-1.089
Kyrgyzstan,KGZ,2003,-1.089
Kyrgyzstan,KGZ,2004,-0.285
Kyrgyzstan,KGZ,2005,0.252
Kyrgyzstan,KGZ,2006,-1.003
Kyrgyzstan,KGZ,2007,-0.475
Kyrgyzstan,KGZ,2008,-0.737
Kyrgyzstan,KGZ,2009,-0.497
Kyrgyzstan,KGZ,2010,0.487
Kyrgyzstan,KGZ,2011,-0.4
Kyrgyzstan,KGZ,2012,-0.4
Kyrgyzstan,KGZ,2013,-0.187
Kyrgyzstan,KGZ,2014,-0.187
Kyrgyzstan,KGZ,2015,-0.408
Kyrgyzstan,KGZ,2016,-0.163
Kyrgyzstan,KGZ,2017,0.168
Kyrgyzstan,KGZ,2018,-0.067
Kyrgyzstan,KGZ,2019,0.447
Kyrgyzstan,KGZ,2020,1.158
Kyrgyzstan,KGZ,2021,0.454
Kyrgyzstan,KGZ,2022,-0.388
Kyrgyzstan,KGZ,2023,-0.388
Kyrgyzstan,KGZ,2024,-0.388
Kyrgyzstan,KGZ,2025,-1.601
Laos,LAO,1950,0.279
Laos,LAO,1951,0.279
Laos,LAO,1952,0.279
Laos,LAO,1953,0.279
Laos,LAO,1954,0.517
Laos,LAO,1955,0.517
Laos,LAO,1956,0.517
Laos,LAO,1957,0.013
Laos,LAO,1958,0.517
Laos,LAO,1959,1.057
Laos,LAO,1960,1.057
Laos,LAO,1961,1.057
Laos,LAO,1962,1.057
Laos,LAO,1963,1.057
Laos,LAO,1964,1.057
Laos,LAO,1965,1.057
Laos,LAO,1966,1.057
Laos,LAO,1967,1.057
Laos,LAO,1968,1.057
Laos,LAO,1969,1.057
Laos,LAO,1970,1.057
Laos,LAO,1971,1.057
Laos,LAO,1972,1.057
Laos,LAO,1973,1.057
Laos,LAO,1974,1.057
Laos,LAO,1975,1.057
Laos,LAO,1976,-0.203
Laos,LAO,1977,-0.203
Laos,LAO,1978,-0.203
Laos,LAO,1979,-0.203
Laos,LAO,1980,-0.203
Laos,LAO,1981,-0.203
Laos,LAO,1982,-0.203
Laos,LAO,1983,-0.203
Laos,LAO,1984,-0.203
Laos,LAO,1985,-0.203
Laos,LAO,1986,-0.203
Laos,LAO,1987,-0.203
Laos,LAO,1988,-0.203
Laos,LAO,1989,-0.203
Laos,LAO,1990,-0.203
Laos,LAO,1991,-0.203
Laos,LAO,1992,-0.203
Laos,LAO,1993,-0.203
Laos,LAO,1994,-0.203
Laos,LAO,1995,-0.203
Laos,LAO,1996,-0.203
Laos,LAO,1997,-0.203
Laos,LAO,1998,-0.203
Laos,LAO,1999,-0.203
Laos,LAO,2000,-0.545
Laos,LAO,2001,-0.545
Laos,LAO,2002,-0.545
Laos,LAO,2003,-0.545
Laos,LAO,2004,-0.545
Laos,LAO,2005,-0.545
Laos,LAO,2006,-0.545
Laos,LAO,2007,-0.545
Laos,LAO,2008,-0.545
Laos,LAO,2009,-0.545
Laos,LAO,2010,-0.545
Laos,LAO,2011,-0.545
Laos,LAO,2012,-0.545
Laos,LAO,2013,-0.545
Laos,LAO,2014,-0.545
Laos,LAO,2015,-0.545
Laos,LAO,2016,-0.545
Laos,LAO,2017,-0.545
Laos,LAO,2018,-0.545
Laos,LAO,2019,-0.545
Laos,LAO,2020,-0.92
Laos,LAO,2021,-0.92
Laos,LAO,2022,-1.136
Laos,LAO,2023,-1.474
Laos,LAO,2024,-1.474
Laos,LAO,2025,-1.474
Latvia,LVA,1950,0.978
Latvia,LVA,1951,0.978
Latvia,LVA,1952,0.978
Latvia,LVA,1953,0.978
Latvia,LVA,1954,0.978
Latvia,LVA,1955,0.88
Latvia,LVA,1956,0.88
Latvia,LVA,1957,0.88
Latvia,LVA,1958,0.88
Latvia,LVA,1959,0.88
Latvia,LVA,1960,0.429
Latvia,LVA,1961,0.429
Latvia,LVA,1962,0.429
Latvia,LVA,1963,0.429
Latvia,LVA,1964,0.429
Latvia,LVA,1965,0.429
Latvia,LVA,1966,0.429
Latvia,LVA,1967,0.429
Latvia,LVA,1968,0.429
Latvia,LVA,1969,0.37
Latvia,LVA,1970,0.37
Latvia,LVA,1971,0.37
Latvia,LVA,1972,0.37
Latvia,LVA,1973,0.37
Latvia,LVA,1974,0.37
Latvia,LVA,1975,0.37
Latvia,LVA,1976,0.37
Latvia,LVA,1977,0.37
Latvia,LVA,1978,0.37
Latvia,LVA,1979,0.37
Latvia,LVA,1980,0.37
Latvia,LVA,1981,0.37
Latvia,LVA,1982,0.37
Latvia,LVA,1983,0.37
Latvia,LVA,1984,0.199
Latvia,LVA,1985,0.159
Latvia,LVA,1986,0.159
Latvia,LVA,1987,0.233
Latvia,LVA,1988,0.058
Latvia,LVA,1989,0.122
Latvia,LVA,1990,-0.448
Latvia,LVA,1991,-0.448
Latvia,LVA,1992,-0.62
Latvia,LVA,1993,-0.62
Latvia,LVA,1994,-0.737
Latvia,LVA,1995,-0.737
Latvia,LVA,1996,-1.499
Latvia,LVA,1997,-1.499
Latvia,LVA,1998,-1.499
Latvia,LVA,1999,-1.499
Latvia,LVA,2000,-1.851
Latvia,LVA,2001,-1.851
Latvia,LVA,2002,-2.163
Latvia,LVA,2003,-2.163
Latvia,LVA,2004,-2.163
Latvia,LVA,2005,-2.608
Latvia,LVA,2006,-2.608
Latvia,LVA,2007,-2.608
Latvia,LVA,2008,-2.608
Latvia,LVA,2009,-2.608
Latvia,LVA,2010,-2.608
Latvia,LVA,2011,-2.608
Latvia,LVA,2012,-2.608
Latvia,LVA,2013,-2.287
Latvia,LVA,2014,-2.287
Latvia,LVA,2015,-2.637
Latvia,LVA,2016,-2.637
Latvia,LVA,2017,-2.836
Latvia,LVA,2018,-3.102
Latvia,LVA,2019,-2.484
Latvia,LVA,2020,-2.484
Latvia,LVA,2021,-1.657
Latvia,LVA,2022,-1.462
Latvia,LVA,2023,-1.21
Latvia,LVA,2024,-1.348
Latvia,LVA,2025,-1.348
Lebanon,LBN,1950,0.391
Lebanon,LBN,1951,0.391
Lebanon,LBN,1952,0.391
Lebanon,LBN,1953,0.391
Lebanon,LBN,1954,0.391
Lebanon,LBN,1955,0.391
Lebanon,LBN,1956,0.391
Lebanon,LBN,1957,0.669
Lebanon,LBN,1958,1.03
Lebanon,LBN,1959,1.03
Lebanon,LBN,1960,1.03
Lebanon,LBN,1961,0.666
Lebanon,LBN,1962,0.666
Lebanon,LBN,1963,0.666
Lebanon,LBN,1964,0.666
Lebanon,LBN,1965,0.666
Lebanon,LBN,1966,0.666
Lebanon,LBN,1967,0.666
Lebanon,LBN,1968,0.666
Lebanon,LBN,1969,0.666
Lebanon,LBN,1970,0.841
Lebanon,LBN,1971,0.841
Lebanon,LBN,1972,1.02
Lebanon,LBN,1973,1.02
Lebanon,LBN,1974,1.02
Lebanon,LBN,1975,1.218
Lebanon,LBN,1976,1.534
Lebanon,LBN,1977,1.534
Lebanon,LBN,1978,1.534
Lebanon,LBN,1979,2.012
Lebanon,LBN,1980,2.012
Lebanon,LBN,1981,2.012
Lebanon,LBN,1982,2.012
Lebanon,LBN,1983,2.012
Lebanon,LBN,1984,2.012
Lebanon,LBN,1985,2.012
Lebanon,LBN,1986,2.012
Lebanon,LBN,1987,2.012
Lebanon,LBN,1988,2.012
Lebanon,LBN,1989,2.012
Lebanon,LBN,1990,1.559
Lebanon,LBN,1991,1.013
Lebanon,LBN,1992,0.949
Lebanon,LBN,1993,0.867
Lebanon,LBN,1994,0.867
Lebanon,LBN,1995,0.867
Lebanon,LBN,1996,0.867
Lebanon,LBN,1997,0.867
Lebanon,LBN,1998,0.867
Lebanon,LBN,1999,0.867
Lebanon,LBN,2000,0.867
Lebanon,LBN,2001,0.867
Lebanon,LBN,2002,0.867
Lebanon,LBN,2003,0.867
Lebanon,LBN,2004,0.867
Lebanon,LBN,2005,1.524
Lebanon,LBN,2006,1.85
Lebanon,LBN,2007,1.755
Lebanon,LBN,2008,1.755
Lebanon,LBN,2009,1.165
Lebanon,LBN,2010,1.108
Lebanon,LBN,2011,1.001
Lebanon,LBN,2012,1.001
Lebanon,LBN,2013,0.818
Lebanon,LBN,2014,0.818
Lebanon,LBN,2015,0.818
Lebanon,LBN,2016,0.818
Lebanon,LBN,2017,0.818
Lebanon,LBN,2018,0.929
Lebanon,LBN,2019,0.929
Lebanon,LBN,2020,1.176
Lebanon,LBN,2021,1.176
Lebanon,LBN,2022,0.984
Lebanon,LBN,2023,1.2
Lebanon,LBN,2024,1.2
Lebanon,LBN,2025,1.588
Lesotho,LSO,1950,0.217
Lesotho,LSO,1951,0.217
Lesotho,LSO,1952,0.217
Lesotho,LSO,1953,0.217
Lesotho,LSO,1954,0.217
Lesotho,LSO,1955,0.217
Lesotho,LSO,1956,0.217
Lesotho,LSO,1957,0.217
Lesotho,LSO,1958,0.217
Lesotho,LSO,1959,0.217
Lesotho,LSO,1960,0.217
Lesotho,LSO,1961,0.217
Lesotho,LSO,1962,0.217
Lesotho,LSO,1963,0.217
Lesotho,LSO,1964,0.217
Lesotho,LSO,1965,0.217
Lesotho,LSO,1966,0.252
Lesotho,LSO,1967,0.252
Lesotho,LSO,1968,0.252
Lesotho,LSO,1969,0.252
Lesotho,LSO,1970,0.252
Lesotho,LSO,1971,-0.867
Lesotho,LSO,1972,-0.867
Lesotho,LSO,1973,-0.867
Lesotho,LSO,1974,-0.867
Lesotho,LSO,1975,-0.867
Lesotho,LSO,1976,-0.867
Lesotho,LSO,1977,-0.867
Lesotho,LSO,1978,-0.867
Lesotho,LSO,1979,-0.867
Lesotho,LSO,1980,-0.867
Lesotho,LSO,1981,-0.867
Lesotho,LSO,1982,-0.867
Lesotho,LSO,1983,-0.867
Lesotho,LSO,1984,-0.867
Lesotho,LSO,1985,-0.867
Lesotho,LSO,1986,-0.867
Lesotho,LSO,1987,-0.341
Lesotho,LSO,1988,-0.341
Lesotho,LSO,1989,-0.341
Lesotho,LSO,1990,-0.341
Lesotho,LSO,1991,-0.341
Lesotho,LSO,1992,-0.341
Lesotho,LSO,1993,-0.341
Lesotho,LSO,1994,-0.341
Lesotho,LSO,1995,-0.341
Lesotho,LSO,1996,-0.341
Lesotho,LSO,1997,-0.341
Lesotho,LSO,1998,-0.341
Lesotho,LSO,1999,-0.341
Lesotho,LSO,2000,-0.341
Lesotho,LSO,2001,-0.341
Lesotho,LSO,2002,-0.341
Lesotho,LSO,2003,-0.341
Lesotho,LSO,2004,-0.341
Lesotho,LSO,2005,-0.341
Lesotho,LSO,2006,-0.341
Lesotho,LSO,2007,-0.341
Lesotho,LSO,2008,-0.341
Lesotho,LSO,2009,-0.341
Lesotho,LSO,2010,-0.341
Lesotho,LSO,2011,-0.341
Lesotho,LSO,2012,-0.341
Lesotho,LSO,2013,-0.341
Lesotho,LSO,2014,-0.341
Lesotho,LSO,2015,-0.341
Lesotho,LSO,2016,-0.341
Lesotho,LSO,2017,-0.341
Lesotho,LSO,2018,-0.341
Lesotho,LSO,2019,-0.341
Lesotho,LSO,2020,-0.518
Lesotho,LSO,2021,-0.518
Lesotho,LSO,2022,-0.518
Lesotho,LSO,2023,-0.518
Lesotho,LSO,2024,-0.518
Lesotho,LSO,2025,-0.518
Liberia,LBR,1950,0.265
Liberia,LBR,1951,0.265
Liberia,LBR,1952,0.265
Liberia,LBR,1953,0.265
Liberia,LBR,1954,0.265
Liberia,LBR,1955,0.265
Liberia,LBR,1956,0.265
Liberia,LBR,1957,0.265
Liberia,LBR,1958,0.265
Liberia,LBR,1959,0.265
Liberia,LBR,1960,-0.09
Liberia,LBR,1961,-0.09
Liberia,LBR,1962,-0.09
Liberia,LBR,1963,-0.09
Liberia,LBR,1964,-0.09
Liberia,LBR,1965,-0.09
Liberia,LBR,1966,-0.09
Liberia,LBR,1967,-0.09
Liberia,LBR,1968,-0.09
Liberia,LBR,1969,-0.09
Liberia,LBR,1970,-0.09
Liberia,LBR,1971,-0.09
Liberia,LBR,1972,-0.09
Liberia,LBR,1973,-0.09
Liberia,LBR,1974,-0.09
Liberia,LBR,1975,-0.09
Liberia,LBR,1976,-0.09
Liberia,LBR,1977,-0.09
Liberia,LBR,1978,-0.09
Liberia,LBR,1979,0.268
Liberia,LBR,1980,0.763
Liberia,LBR,1981,0.763
Liberia,LBR,1982,0.763
Liberia,LBR,1983,0.763
Liberia,LBR,1984,0.763
Liberia,LBR,1985,0.763
Liberia,LBR,1986,0.763
Liberia,LBR,1987,0.763
Liberia,LBR,1988,0.763
Liberia,LBR,1989,0.763
Liberia,LBR,1990,0.763
Liberia,LBR,1991,0.763
Liberia,LBR,1992,0.763
Liberia,LBR,1993,0.763
Liberia,LBR,1994,0.763
Liberia,LBR,1995,0.763
Liberia,LBR,1996,0.763
Liberia,LBR,1997,0.763
Liberia,LBR,1998,0.763
Liberia,LBR,1999,0.763
Liberia,LBR,2000,0.763
Liberia,LBR,2001,0.763
Liberia,LBR,2002,0.763
Liberia,LBR,2003,0.763
Liberia,LBR,2004,0.608
Liberia,LBR,2005,0.304
Liberia,LBR,2006,0.045
Liberia,LBR,2007,0.045
Liberia,LBR,2008,0.045
Liberia,LBR,2009,0.045
Liberia,LBR,2010,0.181
Liberia,LBR,2011,0.181
Liberia,LBR,2012,0.181
Liberia,LBR,2013,0.181
Liberia,LBR,2014,0.181
Liberia,LBR,2015,0.181
Liberia,LBR,2016,0.181
Liberia,LBR,2017,0.181
Liberia,LBR,2018,0.181
Liberia,LBR,2019,0.181
Liberia,LBR,2020,-0.219
Liberia,LBR,2021,-0.219
Liberia,LBR,2022,1.17
Liberia,LBR,2023,1.681
Liberia,LBR,2024,1.681
Liberia,LBR,2025,1.681
Libya,LBY,1951,-0.098
Libya,LBY,1952,-0.098
Libya,LBY,1953,-0.098
Libya,LBY,1954,-0.098
Libya,LBY,1955,-0.098
Libya,LBY,1956,-0.098
Libya,LBY,1957,-0.098
Libya,LBY,1958,-0.098
Libya,LBY,1959,-0.098
Libya,LBY,1960,-0.098
Libya,LBY,1961,-0.098
Libya,LBY,1962,-0.098
Libya,LBY,1963,-0.098
Libya,LBY,1964,-0.098
Libya,LBY,1965,-0.098
Libya,LBY,1966,-0.098
Libya,LBY,1967,-0.098
Libya,LBY,1968,-0.098
Libya,LBY,1969,0.36
Libya,LBY,1970,0.485
Libya,LBY,1971,0.485
Libya,LBY,1972,0.485
Libya,LBY,1973,0.485
Libya,LBY,1974,0.485
Libya,LBY,1975,0.466
Libya,LBY,1976,0.466
Libya,LBY,1977,0.466
Libya,LBY,1978,0.466
Libya,LBY,1979,0.466
Libya,LBY,1980,0.466
Libya,LBY,1981,0.466
Libya,LBY,1982,0.466
Libya,LBY,1983,0.466
Libya,LBY,1984,0.466
Libya,LBY,1985,0.466
Libya,LBY,1986,0.466
Libya,LBY,1987,0.466
Libya,LBY,1988,0.466
Libya,LBY,1989,0.466
Libya,LBY,1990,0.466
Libya,LBY,1991,0.466
Libya,LBY,1992,0.466
Libya,LBY,1993,0.466
Libya,LBY,1994,0.466
Libya,LBY,1995,0.466
Libya,LBY,1996,0.466
Libya,LBY,1997,0.466
Libya,LBY,1998,0.466
Libya,LBY,1999,0.466
Libya,LBY,2000,0.466
Libya,LBY,2001,0.466
Libya,LBY,2002,0.466
Libya,LBY,2003,0.466
Libya,LBY,2004,0.466
Libya,LBY,2005,0.466
Libya,LBY,2006,0.466
Libya,LBY,2007,0.466
Libya,LBY,2008,0.466
Libya,LBY,2009,0.466
Libya,LBY,2010,0.466
Libya,LBY,2011,0.739
Libya,LBY,2012,1.282
Libya,LBY,2013,1.518
Libya,LBY,2014,2.241
Libya,LBY,2015,3.002
Libya,LBY,2016,3.002
Libya,LBY,2017,3.002
Libya,LBY,2018,3.002
Libya,LBY,2019,3.183
Libya,LBY,2020,3
Libya,LBY,2021,2.893
Libya,LBY,2022,2.476
Libya,LBY,2023,2.476
Libya,LBY,2024,2.476
Libya,LBY,2025,2.476
Lithuania,LTU,1950,0.978
Lithuania,LTU,1951,0.978
Lithuania,LTU,1952,0.978
Lithuania,LTU,1953,0.978
Lithuania,LTU,1954,0.978
Lithuania,LTU,1955,0.88
Lithuania,LTU,1956,0.88
Lithuania,LTU,1957,0.88
Lithuania,LTU,1958,0.88
Lithuania,LTU,1959,0.88
Lithuania,LTU,1960,0.429
Lithuania,LTU,1961,0.429
Lithuania,LTU,1962,0.429
Lithuania,LTU,1963,0.429
Lithuania,LTU,1964,0.429
Lithuania,LTU,1965,0.429
Lithuania,LTU,1966,0.429
Lithuania,LTU,1967,0.429
Lithuania,LTU,1968,0.429
Lithuania,LTU,1969,0.37
Lithuania,LTU,1970,0.37
Lithuania,LTU,1971,0.37
Lithuania,LTU,1972,0.37
Lithuania,LTU,1973,0.37
Lithuania,LTU,1974,0.37
Lithuania,LTU,1975,0.37
Lithuania,LTU,1976,0.37
Lithuania,LTU,1977,0.37
Lithuania,LTU,1978,0.37
Lithuania,LTU,1979,0.37
Lithuania,LTU,1980,0.37
Lithuania,LTU,1981,0.37
Lithuania,LTU,1982,0.37
Lithuania,LTU,1983,0.37
Lithuania,LTU,1984,0.199
Lithuania,LTU,1985,0.159
Lithuania,LTU,1986,0.159
Lithuania,LTU,1987,0.233
Lithuania,LTU,1988,0.058
Lithuania,LTU,1989,0.122
Lithuania,LTU,1990,-1.095
Lithuania,LTU,1991,-1.095
Lithuania,LTU,1992,-1.088
Lithuania,LTU,1993,-1.139
Lithuania,LTU,1994,-1.267
Lithuania,LTU,1995,-1.267
Lithuania,LTU,1996,-1.267
Lithuania,LTU,1997,-1.558
Lithuania,LTU,1998,-1.558
Lithuania,LTU,1999,-2.231
Lithuania,LTU,2000,-2.666
Lithuania,LTU,2001,-2.666
Lithuania,LTU,2002,-2.666
Lithuania,LTU,2003,-2.666
Lithuania,LTU,2004,-3.052
Lithuania,LTU,2005,-3.052
Lithuania,LTU,2006,-3.052
Lithuania,LTU,2007,-3.052
Lithuania,LTU,2008,-3.052
Lithuania,LTU,2009,-3.052
Lithuania,LTU,2010,-3.052
Lithuania,LTU,2011,-3.052
Lithuania,LTU,2012,-3.052
Lithuania,LTU,2013,-3.052
Lithuania,LTU,2014,-3.052
Lithuania,LTU,2015,-3.052
Lithuania,LTU,2016,-2.509
Lithuania,LTU,2017,-2.509
Lithuania,LTU,2018,-2.509
Lithuania,LTU,2019,-2.509
Lithuania,LTU,2020,-2.509
Lithuania,LTU,2021,-1.088
Lithuania,LTU,2022,-0.846
Lithuania,LTU,2023,-0.931
Lithuania,LTU,2024,-1.21
Lithuania,LTU,2025,-0.869
Luxembourg,LUX,1950,-1.864
Luxembourg,LUX,1951,-2.3
Luxembourg,LUX,1952,-2.3
Luxembourg,LUX,1953,-2.3
Luxembourg,LUX,1954,-2.3
Luxembourg,LUX,1955,-2.3
Luxembourg,LUX,1956,-2.3
Luxembourg,LUX,1957,-2.3
Luxembourg,LUX,1958,-2.3
Luxembourg,LUX,1959,-2.3
Luxembourg,LUX,1960,-2.3
Luxembourg,LUX,1961,-2.3
Luxembourg,LUX,1962,-2.3
Luxembourg,LUX,1963,-2.3
Luxembourg,LUX,1964,-2.3
Luxembourg,LUX,1965,-2.3
Luxembourg,LUX,1966,-2.3
Luxembourg,LUX,1967,-2.3
Luxembourg,LUX,1968,-2.3
Luxembourg,LUX,1969,-2.3
Luxembourg,LUX,1970,-2.3
Luxembourg,LUX,1971,-2.3
Luxembourg,LUX,1972,-2.3
Luxembourg,LUX,1973,-2.3
Luxembourg,LUX,1974,-2.3
Luxembourg,LUX,1975,-2.3
Luxembourg,LUX,1976,-2.3
Luxembourg,LUX,1977,-2.3
Luxembourg,LUX,1978,-2.3
Luxembourg,LUX,1979,-2.3
Luxembourg,LUX,1980,-2.3
Luxembourg,LUX,1981,-2.3
Luxembourg,LUX,1982,-2.3
Luxembourg,LUX,1983,-2.3
Luxembourg,LUX,1984,-2.3
Luxembourg,LUX,1985,-2.3
Luxembourg,LUX,1986,-2.3
Luxembourg,LUX,1987,-2.3
Luxembourg,LUX,1988,-2.3
Luxembourg,LUX,1989,-2.3
Luxembourg,LUX,1990,-2.3
Luxembourg,LUX,1991,-2.3
Luxembourg,LUX,1992,-2.3
Luxembourg,LUX,1993,-2.3
Luxembourg,LUX,1994,-2.3
Luxembourg,LUX,1995,-2.3
Luxembourg,LUX,1996,-2.3
Luxembourg,LUX,1997,-2.3
Luxembourg,LUX,1998,-2.3
Luxembourg,LUX,1999,-2.3
Luxembourg,LUX,2000,-2.3
Luxembourg,LUX,2001,-2.3
Luxembourg,LUX,2002,-2.3
Luxembourg,LUX,2003,-2.3
Luxembourg,LUX,2004,-2.3
Luxembourg,LUX,2005,-2.3
Luxembourg,LUX,2006,-2.3
Luxembourg,LUX,2007,-2.3
Luxembourg,LUX,2008,-2.3
Luxembourg,LUX,2009,-2.3
Luxembourg,LUX,2010,-2.3
Luxembourg,LUX,2011,-2.3
Luxembourg,LUX,2012,-2.3
Luxembourg,LUX,2013,-2.3
Luxembourg,LUX,2014,-2.3
Luxembourg,LUX,2015,-2.3
Luxembourg,LUX,2016,-2.3
Luxembourg,LUX,2017,-2.3
Luxembourg,LUX,2018,-2.3
Luxembourg,LUX,2019,-2.3
Luxembourg,LUX,2020,-2.3
Luxembourg,LUX,2021,-2.035
Luxembourg,LUX,2022,-2.631
Luxembourg,LUX,2023,-1.887
Luxembourg,LUX,2024,-1.692
Luxembourg,LUX,2025,-1.849
Madagascar,MDG,1950,-0.623
Madagascar,MDG,1951,-0.623
Madagascar,MDG,1952,-0.623
Madagascar,MDG,1953,-0.623
Madagascar,MDG,1954,-0.623
Madagascar,MDG,1955,-0.623
Madagascar,MDG,1956,-0.623
Madagascar,MDG,1957,-0.623
Madagascar,MDG,1958,-0.623
Madagascar,MDG,1959,-0.623
Madagascar,MDG,1960,-0.761
Madagascar,MDG,1961,-0.394
Madagascar,MDG,1962,-0.394
Madagascar,MDG,1963,-0.394
Madagascar,MDG,1964,-0.394
Madagascar,MDG,1965,-0.394
Madagascar,MDG,1966,-0.394
Madagascar,MDG,1967,-0.394
Madagascar,MDG,1968,-0.394
Madagascar,MDG,1969,-0.394
Madagascar,MDG,1970,0.355
Madagascar,MDG,1971,0.355
Madagascar,MDG,1972,0.207
Madagascar,MDG,1973,0.013
Madagascar,MDG,1974,0.013
Madagascar,MDG,1975,0.12
Madagascar,MDG,1976,-0.407
Madagascar,MDG,1977,-0.407
Madagascar,MDG,1978,-0.407
Madagascar,MDG,1979,-0.407
Madagascar,MDG,1980,-0.407
Madagascar,MDG,1981,-0.407
Madagascar,MDG,1982,-0.407
Madagascar,MDG,1983,-0.407
Madagascar,MDG,1984,-0.407
Madagascar,MDG,1985,-0.407
Madagascar,MDG,1986,-0.407
Madagascar,MDG,1987,-0.407
Madagascar,MDG,1988,-0.407
Madagascar,MDG,1989,-0.281
Madagascar,MDG,1990,0.707
Madagascar,MDG,1991,2.166
Madagascar,MDG,1992,1.764
Madagascar,MDG,1993,1.057
Madagascar,MDG,1994,0.92
Madagascar,MDG,1995,0.343
Madagascar,MDG,1996,0.425
Madagascar,MDG,1997,0.192
Madagascar,MDG,1998,0.192
Madagascar,MDG,1999,0.192
Madagascar,MDG,2000,1.083
Madagascar,MDG,2001,1.491
Madagascar,MDG,2002,2.202
Madagascar,MDG,2003,1.474
Madagascar,MDG,2004,1.474
Madagascar,MDG,2005,0.967
Madagascar,MDG,2006,0.502
Madagascar,MDG,2007,0.502
Madagascar,MDG,2008,0.502
Madagascar,MDG,2009,1.985
Madagascar,MDG,2010,1.539
Madagascar,MDG,2011,1.539
Madagascar,MDG,2012,1.539
Madagascar,MDG,2013,0.843
Madagascar,MDG,2014,0.843
Madagascar,MDG,2015,0.843
Madagascar,MDG,2016,0.843
Madagascar,MDG,2017,0.843
Madagascar,MDG,2018,0.843
Madagascar,MDG,2019,1.339
Madagascar,MDG,2020,1.339
Madagascar,MDG,2021,1.339
Madagascar,MDG,2022,1.339
Madagascar,MDG,2023,2.376
Madagascar,MDG,2024,2.376
Madagascar,MDG,2025,2.376
Malawi,MWI,1950,-1.321
Malawi,MWI,1951,-1.321
Malawi,MWI,1952,-1.321
Malawi,MWI,1953,-1.08
Malawi,MWI,1954,-1.08
Malawi,MWI,1955,-1.08
Malawi,MWI,1956,-1.08
Malawi,MWI,1957,-0.346
Malawi,MWI,1958,-0.346
Malawi,MWI,1959,-0.902
Malawi,MWI,1960,-0.902
Malawi,MWI,1961,-1.075
Malawi,MWI,1962,-1.075
Malawi,MWI,1963,-1.075
Malawi,MWI,1964,-1.134
Malawi,MWI,1965,-1.134
Malawi,MWI,1966,-1.134
Malawi,MWI,1967,-1.134
Malawi,MWI,1968,-1.134
Malawi,MWI,1969,-1.134
Malawi,MWI,1970,-1.134
Malawi,MWI,1971,-1.134
Malawi,MWI,1972,-1.134
Malawi,MWI,1973,-1.134
Malawi,MWI,1974,-1.134
Malawi,MWI,1975,-1.134
Malawi,MWI,1976,-1.134
Malawi,MWI,1977,-1.134
Malawi,MWI,1978,-1.134
Malawi,MWI,1979,-1.134
Malawi,MWI,1980,-1.134
Malawi,MWI,1981,-1.134
Malawi,MWI,1982,-1.134
Malawi,MWI,1983,-1.134
Malawi,MWI,1984,-1.134
Malawi,MWI,1985,-1.134
Malawi,MWI,1986,-1.134
Malawi,MWI,1987,-1.134
Malawi,MWI,1988,-1.134
Malawi,MWI,1989,-1.134
Malawi,MWI,1990,-1.134
Malawi,MWI,1991,-0.733
Malawi,MWI,1992,-0.733
Malawi,MWI,1993,-0.555
Malawi,MWI,1994,-0.644
Malawi,MWI,1995,-0.878
Malawi,MWI,1996,-0.878
Malawi,MWI,1997,-0.878
Malawi,MWI,1998,-0.878
Malawi,MWI,1999,-0.878
Malawi,MWI,2000,-0.878
Malawi,MWI,2001,-0.878
Malawi,MWI,2002,-0.878
Malawi,MWI,2003,-0.878
Malawi,MWI,2004,-0.878
Malawi,MWI,2005,-0.878
Malawi,MWI,2006,-0.878
Malawi,MWI,2007,-0.878
Malawi,MWI,2008,-0.878
Malawi,MWI,2009,-0.878
Malawi,MWI,2010,-0.767
Malawi,MWI,2011,-0.767
Malawi,MWI,2012,-0.946
Malawi,MWI,2013,-1.002
Malawi,MWI,2014,-0.921
Malawi,MWI,2015,-0.891
Malawi,MWI,2016,-0.891
Malawi,MWI,2017,-0.891
Malawi,MWI,2018,-0.891
Malawi,MWI,2019,-0.523
Malawi,MWI,2020,-0.766
Malawi,MWI,2021,-0.988
Malawi,MWI,2022,-0.595
Malawi,MWI,2023,-0.511
Malawi,MWI,2024,0.138
Malawi,MWI,2025,0.327
Malaysia,MYS,1950,-0.061
Malaysia,MYS,1951,-0.061
Malaysia,MYS,1952,-0.061
Malaysia,MYS,1953,-0.061
Malaysia,MYS,1954,-0.061
Malaysia,MYS,1955,-0.061
Malaysia,MYS,1956,-0.061
Malaysia,MYS,1957,-0.061
Malaysia,MYS,1958,0.593
Malaysia,MYS,1959,0.593
Malaysia,MYS,1960,0.593
Malaysia,MYS,1961,0.593
Malaysia,MYS,1962,0.593
Malaysia,MYS,1963,0.593
Malaysia,MYS,1964,0.94
Malaysia,MYS,1965,0.94
Malaysia,MYS,1966,0.94
Malaysia,MYS,1967,0.94
Malaysia,MYS,1968,0.94
Malaysia,MYS,1969,1.369
Malaysia,MYS,1970,1.303
Malaysia,MYS,1971,1.303
Malaysia,MYS,1972,1.303
Malaysia,MYS,1973,1.303
Malaysia,MYS,1974,1.303
Malaysia,MYS,1975,1.303
Malaysia,MYS,1976,1.303
Malaysia,MYS,1977,1.303
Malaysia,MYS,1978,1.303
Malaysia,MYS,1979,1.303
Malaysia,MYS,1980,1.303
Malaysia,MYS,1981,1.303
Malaysia,MYS,1982,1.303
Malaysia,MYS,1983,1.303
Malaysia,MYS,1984,1.303
Malaysia,MYS,1985,1.303
Malaysia,MYS,1986,1.303
Malaysia,MYS,1987,1.303
Malaysia,MYS,1988,1.303
Malaysia,MYS,1989,1.303
Malaysia,MYS,1990,1.303
Malaysia,MYS,1991,1.303
Malaysia,MYS,1992,1.303
Malaysia,MYS,1993,1.303
Malaysia,MYS,1994,1.303
Malaysia,MYS,1995,1.303
Malaysia,MYS,1996,1.303
Malaysia,MYS,1997,1.303
Malaysia,MYS,1998,1.303
Malaysia,MYS,1999,1.303
Malaysia,MYS,2000,0.944
Malaysia,MYS,2001,0.944
Malaysia,MYS,2002,0.944
Malaysia,MYS,2003,0.944
Malaysia,MYS,2004,0.944
Malaysia,MYS,2005,0.944
Malaysia,MYS,2006,0.944
Malaysia,MYS,2007,1.205
Malaysia,MYS,2008,1.205
Malaysia,MYS,2009,1.205
Malaysia,MYS,2010,1.318
Malaysia,MYS,2011,1.318
Malaysia,MYS,2012,1.318
Malaysia,MYS,2013,1.318
Malaysia,MYS,2014,1.508
Malaysia,MYS,2015,1.508
Malaysia,MYS,2016,1.508
Malaysia,MYS,2017,1.508
Malaysia,MYS,2018,1.508
Malaysia,MYS,2019,1.508
Malaysia,MYS,2020,1.987
Malaysia,MYS,2021,1.987
Malaysia,MYS,2022,1.987
Malaysia,MYS,2023,2.454
Malaysia,MYS,2024,2.454
Malaysia,MYS,2025,2.454
Maldives,MDV,1950,-2.537
Maldives,MDV,1951,-2.537
Maldives,MDV,1952,-2.537
Maldives,MDV,1953,-2.537
Maldives,MDV,1954,-2.537
Maldives,MDV,1955,-2.537
Maldives,MDV,1956,-2.537
Maldives,MDV,1957,-2.537
Maldives,MDV,1958,-2.537
Maldives,MDV,1959,-2.537
Maldives,MDV,1960,-2.537
Maldives,MDV,1961,-2.537
Maldives,MDV,1962,-2.537
Maldives,MDV,1963,-2.537
Maldives,MDV,1964,-2.537
Maldives,MDV,1965,-2.537
Maldives,MDV,1966,-2.537
Maldives,MDV,1967,-2.537
Maldives,MDV,1968,-2.537
Maldives,MDV,1969,-2.537
Maldives,MDV,1970,-2.537
Maldives,MDV,1971,-2.537
Maldives,MDV,1972,-2.537
Maldives,MDV,1973,-2.537
Maldives,MDV,1974,-2.537
Maldives,MDV,1975,-2.537
Maldives,MDV,1976,-2.537
Maldives,MDV,1977,-2.537
Maldives,MDV,1978,-2.173
Maldives,MDV,1979,-2.173
Maldives,MDV,1980,-1.699
Maldives,MDV,1981,-1.699
Maldives,MDV,1982,-1.699
Maldives,MDV,1983,-1.699
Maldives,MDV,1984,-1.699
Maldives,MDV,1985,-1.699
Maldives,MDV,1986,-1.699
Maldives,MDV,1987,-1.699
Maldives,MDV,1988,-1.699
Maldives,MDV,1989,-1.699
Maldives,MDV,1990,-1.699
Maldives,MDV,1991,-1.699
Maldives,MDV,1992,-1.699
Maldives,MDV,1993,-1.699
Maldives,MDV,1994,-1.699
Maldives,MDV,1995,-1.699
Maldives,MDV,1996,-1.699
Maldives,MDV,1997,-1.699
Maldives,MDV,1998,-1.699
Maldives,MDV,1999,-1.699
Maldives,MDV,2000,-1.699
Maldives,MDV,2001,-1.699
Maldives,MDV,2002,-1.699
Maldives,MDV,2003,0.556
Maldives,MDV,2004,0.556
Maldives,MDV,2005,0.556
Maldives,MDV,2006,0.556
Maldives,MDV,2007,0.556
Maldives,MDV,2008,0.556
Maldives,MDV,2009,0.556
Maldives,MDV,2010,0.888
Maldives,MDV,2011,0.888
Maldives,MDV,2012,1.28
Maldives,MDV,2013,1.28
Maldives,MDV,2014,1.28
Maldives,MDV,2015,1.28
Maldives,MDV,2016,1.28
Maldives,MDV,2017,1.28
Maldives,MDV,2018,0.542
Maldives,MDV,2019,0.542
Maldives,MDV,2020,0.656
Maldives,MDV,2021,1.224
Maldives,MDV,2022,1.021
Maldives,MDV,2023,1.021
Maldives,MDV,2024,0.75
Maldives,MDV,2025,0.657
Mali,MLI,1950,-1.236
Mali,MLI,1951,-1.236
Mali,MLI,1952,-1.236
Mali,MLI,1953,-1.236
Mali,MLI,1954,-1.236
Mali,MLI,1955,-1.236
Mali,MLI,1956,-1.236
Mali,MLI,1957,-1.236
Mali,MLI,1958,-1.236
Mali,MLI,1959,-1.236
Mali,MLI,1960,-0.735
Mali,MLI,1961,-1.093
Mali,MLI,1962,-1.093
Mali,MLI,1963,-1.093
Mali,MLI,1964,-1.093
Mali,MLI,1965,-1.093
Mali,MLI,1966,-1.093
Mali,MLI,1967,0.669
Mali,MLI,1968,0.669
Mali,MLI,1969,0.669
Mali,MLI,1970,0.669
Mali,MLI,1971,0.669
Mali,MLI,1972,0.669
Mali,MLI,1973,0.669
Mali,MLI,1974,0.669
Mali,MLI,1975,0.669
Mali,MLI,1976,0.669
Mali,MLI,1977,0.669
Mali,MLI,1978,0.669
Mali,MLI,1979,0.669
Mali,MLI,1980,0.669
Mali,MLI,1981,0.669
Mali,MLI,1982,0.669
Mali,MLI,1983,0.669
Mali,MLI,1984,0.669
Mali,MLI,1985,0.669
Mali,MLI,1986,0.669
Mali,MLI,1987,0.669
Mali,MLI,1988,0.669
Mali,MLI,1989,0.669
Mali,MLI,1990,0.669
Mali,MLI,1991,-1.081
Mali,MLI,1992,-1.081
Mali,MLI,1993,-1.081
Mali,MLI,1994,-1.081
Mali,MLI,1995,0.178
Mali,MLI,1996,0.178
Mali,MLI,1997,0.178
Mali,MLI,1998,0.178
Mali,MLI,1999,0.178
Mali,MLI,2000,0.178
Mali,MLI,2001,0.178
Mali,MLI,2002,0.178
Mali,MLI,2003,0.178
Mali,MLI,2004,0.178
Mali,MLI,2005,0.178
Mali,MLI,2006,0.178
Mali,MLI,2007,0.178
Mali,MLI,2008,0.178
Mali,MLI,2009,0.178
Mali,MLI,2010,0.178
Mali,MLI,2011,0.178
Mali,MLI,2012,0.178
Mali,MLI,2013,0.462
Mali,MLI,2014,0.462
Mali,MLI,2015,0.462
Mali,MLI,2016,0.462
Mali,MLI,2017,0.462
Mali,MLI,2018,0.462
Mali,MLI,2019,0.691
Mali,MLI,2020,1.103
Mali,MLI,2021,0.855
Mali,MLI,2022,0.855
Mali,MLI,2023,0.133
Mali,MLI,2024,0.873
Mali,MLI,2025,0.873
Malta,MLT,1950,1.675
Malta,MLT,1951,1.675
Malta,MLT,1952,1.675
Malta,MLT,1953,1.675
Malta,MLT,1954,1.675
Malta,MLT,1955,1.675
Malta,MLT,1956,1.675
Malta,MLT,1957,1.675
Malta,MLT,1958,1.675
Malta,MLT,1959,1.675
Malta,MLT,1960,1.675
Malta,MLT,1961,1.675
Malta,MLT,1962,1.675
Malta,MLT,1963,1.675
Malta,MLT,1964,1.675
Malta,MLT,1965,1.84
Malta,MLT,1966,1.84
Malta,MLT,1967,1.84
Malta,MLT,1968,1.84
Malta,MLT,1969,1.84
Malta,MLT,1970,1.84
Malta,MLT,1971,1.84
Malta,MLT,1972,1.84
Malta,MLT,1973,1.84
Malta,MLT,1974,1.84
Malta,MLT,1975,1.84
Malta,MLT,1976,1.84
Malta,MLT,1977,1.84
Malta,MLT,1978,1.84
Malta,MLT,1979,1.84
Malta,MLT,1980,1.84
Malta,MLT,1981,1.84
Malta,MLT,1982,1.84
Malta,MLT,1983,1.84
Malta,MLT,1984,1.84
Malta,MLT,1985,1.84
Malta,MLT,1986,1.84
Malta,MLT,1987,1.64
Malta,MLT,1988,1.64
Malta,MLT,1989,1.64
Malta,MLT,1990,0.985
Malta,MLT,1991,0.985
Malta,MLT,1992,0.985
Malta,MLT,1993,0.985
Malta,MLT,1994,0.985
Malta,MLT,1995,0.985
Malta,MLT,1996,0.985
Malta,MLT,1997,0.985
Malta,MLT,1998,0.985
Malta,MLT,1999,0.985
Malta,MLT,2000,0.985
Malta,MLT,2001,0.985
Malta,MLT,2002,0.985
Malta,MLT,2003,0.985
Malta,MLT,2004,0.985
Malta,MLT,2005,0.985
Malta,MLT,2006,0.985
Malta,MLT,2007,0.985
Malta,MLT,2008,0.985
Malta,MLT,2009,0.985
Malta,MLT,2010,0.985
Malta,MLT,2011,0.985
Malta,MLT,2012,0.985
Malta,MLT,2013,0.985
Malta,MLT,2014,1.63
Malta,MLT,2015,1.63
Malta,MLT,2016,1.63
Malta,MLT,2017,1.63
Malta,MLT,2018,1.739
Malta,MLT,2019,1.625
Malta,MLT,2020,1.625
Malta,MLT,2021,0.897
Malta,MLT,2022,0.897
Malta,MLT,2023,0.897
Malta,MLT,2024,0.897
Malta,MLT,2025,0.897
Mauritania,MRT,1950,-0.153
Mauritania,MRT,1951,-0.153
Mauritania,MRT,1952,-0.153
Mauritania,MRT,1953,-0.153
Mauritania,MRT,1954,-0.153
Mauritania,MRT,1955,-0.153
Mauritania,MRT,1956,-0.153
Mauritania,MRT,1957,-0.153
Mauritania,MRT,1958,-0.153
Mauritania,MRT,1959,-0.153
Mauritania,MRT,1960,-0.456
Mauritania,MRT,1961,-0.456
Mauritania,MRT,1962,-0.456
Mauritania,MRT,1963,-0.456
Mauritania,MRT,1964,-0.456
Mauritania,MRT,1965,-0.456
Mauritania,MRT,1966,-0.456
Mauritania,MRT,1967,0.476
Mauritania,MRT,1968,0.476
Mauritania,MRT,1969,0.476
Mauritania,MRT,1970,-0.454
Mauritania,MRT,1971,-0.454
Mauritania,MRT,1972,-0.454
Mauritania,MRT,1973,-0.454
Mauritania,MRT,1974,-0.454
Mauritania,MRT,1975,-0.454
Mauritania,MRT,1976,-0.454
Mauritania,MRT,1977,-0.454
Mauritania,MRT,1978,-0.454
Mauritania,MRT,1979,-0.454
Mauritania,MRT,1980,-0.454
Mauritania,MRT,1981,-0.454
Mauritania,MRT,1982,-0.454
Mauritania,MRT,1983,-0.454
Mauritania,MRT,1984,-0.454
Mauritania,MRT,1985,-0.454
Mauritania,MRT,1986,-0.454
Mauritania,MRT,1987,1.183
Mauritania,MRT,1988,1.183
Mauritania,MRT,1989,1.183
Mauritania,MRT,1990,1.183
Mauritania,MRT,1991,1.183
Mauritania,MRT,1992,-0.448
Mauritania,MRT,1993,-0.967
Mauritania,MRT,1994,-0.967
Mauritania,MRT,1995,-0.967
Mauritania,MRT,1996,-0.967
Mauritania,MRT,1997,-0.967
Mauritania,MRT,1998,-0.967
Mauritania,MRT,1999,-0.967
Mauritania,MRT,2000,-0.967
Mauritania,MRT,2001,-0.967
Mauritania,MRT,2002,-0.967
Mauritania,MRT,2003,-0.967
Mauritania,MRT,2004,-0.967
Mauritania,MRT,2005,-0.967
Mauritania,MRT,2006,-0.967
Mauritania,MRT,2007,-0.175
Mauritania,MRT,2008,-0.047
Mauritania,MRT,2009,-0.455
Mauritania,MRT,2010,-1.169
Mauritania,MRT,2011,-1.169
Mauritania,MRT,2012,-1.169
Mauritania,MRT,2013,-1.169
Mauritania,MRT,2014,-1.169
Mauritania,MRT,2015,-1.169
Mauritania,MRT,2016,-1.169
Mauritania,MRT,2017,-1.169
Mauritania,MRT,2018,-1.169
Mauritania,MRT,2019,-1.262
Mauritania,MRT,2020,-1.262
Mauritania,MRT,2021,-1.262
Mauritania,MRT,2022,-1.056
Mauritania,MRT,2023,-1.056
Mauritania,MRT,2024,-1.403
Mauritania,MRT,2025,-1.403
Mauritius,MUS,1950,0.704
Mauritius,MUS,1951,0.704
Mauritius,MUS,1952,0.704
Mauritius,MUS,1953,0.704
Mauritius,MUS,1954,0.704
Mauritius,MUS,1955,0.704
Mauritius,MUS,1956,0.704
Mauritius,MUS,1957,0.704
Mauritius,MUS,1958,0.704
Mauritius,MUS,1959,0.704
Mauritius,MUS,1960,0.795
Mauritius,MUS,1961,0.795
Mauritius,MUS,1962,0.795
Mauritius,MUS,1963,0.795
Mauritius,MUS,1964,0.795
Mauritius,MUS,1965,0.795
Mauritius,MUS,1966,0.795
Mauritius,MUS,1967,1.32
Mauritius,MUS,1968,1.32
Mauritius,MUS,1969,1.029
Mauritius,MUS,1970,0.996
Mauritius,MUS,1971,0.996
Mauritius,MUS,1972,0.996
Mauritius,MUS,1973,0.996
Mauritius,MUS,1974,0.996
Mauritius,MUS,1975,0.996
Mauritius,MUS,1976,1.223
Mauritius,MUS,1977,0.977
Mauritius,MUS,1978,0.977
Mauritius,MUS,1979,0.977
Mauritius,MUS,1980,0.977
Mauritius,MUS,1981,0.977
Mauritius,MUS,1982,1.237
Mauritius,MUS,1983,1.237
Mauritius,MUS,1984,0.975
Mauritius,MUS,1985,0.975
Mauritius,MUS,1986,0.975
Mauritius,MUS,1987,1.242
Mauritius,MUS,1988,0.99
Mauritius,MUS,1989,0.99
Mauritius,MUS,1990,0.99
Mauritius,MUS,1991,1.227
Mauritius,MUS,1992,0.975
Mauritius,MUS,1993,0.975
Mauritius,MUS,1994,0.975
Mauritius,MUS,1995,1.203
Mauritius,MUS,1996,0.953
Mauritius,MUS,1997,0.953
Mauritius,MUS,1998,0.953
Mauritius,MUS,1999,0.953
Mauritius,MUS,2000,1.039
Mauritius,MUS,2001,0.803
Mauritius,MUS,2002,0.803
Mauritius,MUS,2003,0.803
Mauritius,MUS,2004,0.803
Mauritius,MUS,2005,0.911
Mauritius,MUS,2006,0.486
Mauritius,MUS,2007,0.486
Mauritius,MUS,2008,0.486
Mauritius,MUS,2009,0.486
Mauritius,MUS,2010,0.891
Mauritius,MUS,2011,0.774
Mauritius,MUS,2012,0.774
Mauritius,MUS,2013,0.774
Mauritius,MUS,2014,0.988
Mauritius,MUS,2015,1.353
Mauritius,MUS,2016,0.88
Mauritius,MUS,2017,0.88
Mauritius,MUS,2018,0.88
Mauritius,MUS,2019,0.398
Mauritius,MUS,2020,0.814
Mauritius,MUS,2021,0.753
Mauritius,MUS,2022,0.434
Mauritius,MUS,2023,0.171
Mauritius,MUS,2024,0.146
Mauritius,MUS,2025,0.12
Mexico,MEX,1950,-1.09
Mexico,MEX,1951,-1.09
Mexico,MEX,1952,-1.09
Mexico,MEX,1953,-1.09
Mexico,MEX,1954,-1.09
Mexico,MEX,1955,-1.09
Mexico,MEX,1956,-1.09
Mexico,MEX,1957,-1.09
Mexico,MEX,1958,-1.09
Mexico,MEX,1959,-1.09
Mexico,MEX,1960,-1.09
Mexico,MEX,1961,-1.09
Mexico,MEX,1962,-1.09
Mexico,MEX,1963,-1.09
Mexico,MEX,1964,-1.09
Mexico,MEX,1965,-1.09
Mexico,MEX,1966,-1.09
Mexico,MEX,1967,-1.09
Mexico,MEX,1968,0.403
Mexico,MEX,1969,-0.725
Mexico,MEX,1970,-0.725
Mexico,MEX,1971,-0.725
Mexico,MEX,1972,-0.725
Mexico,MEX,1973,-0.725
Mexico,MEX,1974,-0.725
Mexico,MEX,1975,-0.725
Mexico,MEX,1976,-0.725
Mexico,MEX,1977,-0.725
Mexico,MEX,1978,-0.725
Mexico,MEX,1979,-0.725
Mexico,MEX,1980,-0.725
Mexico,MEX,1981,-0.501
Mexico,MEX,1982,-0.274
Mexico,MEX,1983,-0.274
Mexico,MEX,1984,-0.274
Mexico,MEX,1985,-0.274
Mexico,MEX,1986,-0.489
Mexico,MEX,1987,-0.104
Mexico,MEX,1988,0.109
Mexico,MEX,1989,0.109
Mexico,MEX,1990,-0.341
Mexico,MEX,1991,-0.106
Mexico,MEX,1992,-0.33
Mexico,MEX,1993,-0.33
Mexico,MEX,1994,-0.118
Mexico,MEX,1995,-0.118
Mexico,MEX,1996,-0.348
Mexico,MEX,1997,-0.742
Mexico,MEX,1998,-0.742
Mexico,MEX,1999,-0.742
Mexico,MEX,2000,-0.293
Mexico,MEX,2001,-0.293
Mexico,MEX,2002,-0.293
Mexico,MEX,2003,-0.293
Mexico,MEX,2004,-0.293
Mexico,MEX,2005,-0.293
Mexico,MEX,2006,0.035
Mexico,MEX,2007,-0.024
Mexico,MEX,2008,-0.024
Mexico,MEX,2009,-0.172
Mexico,MEX,2010,-0.337
Mexico,MEX,2011,-0.337
Mexico,MEX,2012,-0.204
Mexico,MEX,2013,-0.354
Mexico,MEX,2014,-0.354
Mexico,MEX,2015,-0.212
Mexico,MEX,2016,0.059
Mexico,MEX,2017,-0.097
Mexico,MEX,2018,0.82
Mexico,MEX,2019,1.664
Mexico,MEX,2020,1.611
Mexico,MEX,2021,1.431
Mexico,MEX,2022,1.615
Mexico,MEX,2023,1.615
Mexico,MEX,2024,2.225
Mexico,MEX,2025,2.13
Moldova,MDA,1950,0.978
Moldova,MDA,1951,0.978
Moldova,MDA,1952,0.978
Moldova,MDA,1953,0.978
Moldova,MDA,1954,0.978
Moldova,MDA,1955,0.88
Moldova,MDA,1956,0.88
Moldova,MDA,1957,0.88
Moldova,MDA,1958,0.88
Moldova,MDA,1959,0.88
Moldova,MDA,1960,0.429
Moldova,MDA,1961,0.429
Moldova,MDA,1962,0.429
Moldova,MDA,1963,0.429
Moldova,MDA,1964,0.429
Moldova,MDA,1965,0.429
Moldova,MDA,1966,0.429
Moldova,MDA,1967,0.429
Moldova,MDA,1968,0.429
Moldova,MDA,1969,0.37
Moldova,MDA,1970,0.37
Moldova,MDA,1971,0.37
Moldova,MDA,1972,0.37
Moldova,MDA,1973,0.37
Moldova,MDA,1974,0.37
Moldova,MDA,1975,0.37
Moldova,MDA,1976,0.37
Moldova,MDA,1977,0.37
Moldova,MDA,1978,0.37
Moldova,MDA,1979,0.37
Moldova,MDA,1980,0.37
Moldova,MDA,1981,0.37
Moldova,MDA,1982,0.37
Moldova,MDA,1983,0.37
Moldova,MDA,1984,0.199
Moldova,MDA,1985,0.159
Moldova,MDA,1986,0.159
Moldova,MDA,1987,0.233
Moldova,MDA,1988,0.058
Moldova,MDA,1989,0.122
Moldova,MDA,1990,0.807
Moldova,MDA,1991,0.807
Moldova,MDA,1992,-0.019
Moldova,MDA,1993,-0.019
Moldova,MDA,1994,-0.23
Moldova,MDA,1995,-1.019
Moldova,MDA,1996,-1.019
Moldova,MDA,1997,-0.518
Moldova,MDA,1998,-0.518
Moldova,MDA,1999,0.217
Moldova,MDA,2000,-0.146
Moldova,MDA,2001,-0.485
Moldova,MDA,2002,-0.485
Moldova,MDA,2003,-0.485
Moldova,MDA,2004,-0.485
Moldova,MDA,2005,-0.485
Moldova,MDA,2006,-0.485
Moldova,MDA,2007,-0.123
Moldova,MDA,2008,0.134
Moldova,MDA,2009,0.408
Moldova,MDA,2010,-0.84
Moldova,MDA,2011,-0.84
Moldova,MDA,2012,-0.84
Moldova,MDA,2013,-0.559
Moldova,MDA,2014,-0.155
Moldova,MDA,2015,0.057
Moldova,MDA,2016,0.326
Moldova,MDA,2017,0.326
Moldova,MDA,2018,0.326
Moldova,MDA,2019,0.062
Moldova,MDA,2020,-0.152
Moldova,MDA,2021,-0.478
Moldova,MDA,2022,0.001
Moldova,MDA,2023,-0.251
Moldova,MDA,2024,1.085
Moldova,MDA,2025,1.597
Mongolia,MNG,1950,-2.807
Mongolia,MNG,1951,-2.807
Mongolia,MNG,1952,-2.807
Mongolia,MNG,1953,-2.929
Mongolia,MNG,1954,-2.929
Mongolia,MNG,1955,-2.929
Mongolia,MNG,1956,-2.929
Mongolia,MNG,1957,-2.929
Mongolia,MNG,1958,-3.182
Mongolia,MNG,1959,-3.182
Mongolia,MNG,1960,-2.553
Mongolia,MNG,1961,-2.553
Mongolia,MNG,1962,-2.553
Mongolia,MNG,1963,-2.379
Mongolia,MNG,1964,-2.549
Mongolia,MNG,1965,-2.549
Mongolia,MNG,1966,-2.407
Mongolia,MNG,1967,-2.594
Mongolia,MNG,1968,-2.594
Mongolia,MNG,1969,-2.594
Mongolia,MNG,1970,-2.594
Mongolia,MNG,1971,-2.594
Mongolia,MNG,1972,-2.594
Mongolia,MNG,1973,-2.594
Mongolia,MNG,1974,-2.594
Mongolia,MNG,1975,-2.594
Mongolia,MNG,1976,-2.594
Mongolia,MNG,1977,-2.594
Mongolia,MNG,1978,-2.594
Mongolia,MNG,1979,-2.594
Mongolia,MNG,1980,-2.594
Mongolia,MNG,1981,-2.594
Mongolia,MNG,1982,-2.594
Mongolia,MNG,1983,-2.594
Mongolia,MNG,1984,-2.594
Mongolia,MNG,1985,-2.594
Mongolia,MNG,1986,-2.361
Mongolia,MNG,1987,-1.879
Mongolia,MNG,1988,-1.879
Mongolia,MNG,1989,-1.511
Mongolia,MNG,1990,0.108
Mongolia,MNG,1991,-0.221
Mongolia,MNG,1992,-0.511
Mongolia,MNG,1993,-0.588
Mongolia,MNG,1994,-0.588
Mongolia,MNG,1995,-0.588
Mongolia,MNG,1996,-0.349
Mongolia,MNG,1997,-0.349
Mongolia,MNG,1998,-0.349
Mongolia,MNG,1999,-0.349
Mongolia,MNG,2000,0.025
Mongolia,MNG,2001,0.025
Mongolia,MNG,2002,0.025
Mongolia,MNG,2003,0.025
Mongolia,MNG,2004,0.025
Mongolia,MNG,2005,0.025
Mongolia,MNG,2006,0.025
Mongolia,MNG,2007,0.025
Mongolia,MNG,2008,0.957
Mongolia,MNG,2009,0.384
Mongolia,MNG,2010,-0.166
Mongolia,MNG,2011,-0.166
Mongolia,MNG,2012,-0.085
Mongolia,MNG,2013,-0.318
Mongolia,MNG,2014,-0.318
Mongolia,MNG,2015,-0.318
Mongolia,MNG,2016,-0.318
Mongolia,MNG,2017,0.002
Mongolia,MNG,2018,0.002
Mongolia,MNG,2019,0.002
Mongolia,MNG,2020,-0.301
Mongolia,MNG,2021,0.001
Mongolia,MNG,2022,0.198
Mongolia,MNG,2023,0.101
Mongolia,MNG,2024,-0.142
Mongolia,MNG,2025,-1.067
Montenegro,MNE,1998,1.037
Montenegro,MNE,1999,1.037
Montenegro,MNE,2000,0.867
Montenegro,MNE,2001,0.867
Montenegro,MNE,2002,0.867
Montenegro,MNE,2003,0.867
Montenegro,MNE,2004,0.867
Montenegro,MNE,2005,1.041
Montenegro,MNE,2006,1.041
Montenegro,MNE,2007,0.522
Montenegro,MNE,2008,0.318
Montenegro,MNE,2009,0.318
Montenegro,MNE,2010,0.318
Montenegro,MNE,2011,0.318
Montenegro,MNE,2012,0.318
Montenegro,MNE,2013,0.318
Montenegro,MNE,2014,0.779
Montenegro,MNE,2015,0.779
Montenegro,MNE,2016,1.404
Montenegro,MNE,2017,1.08
Montenegro,MNE,2018,1.08
Montenegro,MNE,2019,1.212
Montenegro,MNE,2020,1.676
Montenegro,MNE,2021,1.567
Montenegro,MNE,2022,1.567
Montenegro,MNE,2023,1.31
Montenegro,MNE,2024,1.127
Montenegro,MNE,2025,0.816
Morocco,MAR,1950,0.917
Morocco,MAR,1951,0.917
Morocco,MAR,1952,0.917
Morocco,MAR,1953,0.917
Morocco,MAR,1954,0.917
Morocco,MAR,1955,0.917
Morocco,MAR,1956,0.917
Morocco,MAR,1957,-0.006
Morocco,MAR,1958,-0.006
Morocco,MAR,1959,-0.006
Morocco,MAR,1960,-0.006
Morocco,MAR,1961,-0.006
Morocco,MAR,1962,-0.118
Morocco,MAR,1963,-0.118
Morocco,MAR,1964,-0.118
Morocco,MAR,1965,-0.118
Morocco,MAR,1966,0.363
Morocco,MAR,1967,0.363
Morocco,MAR,1968,0.363
Morocco,MAR,1969,0.363
Morocco,MAR,1970,0.363
Morocco,MAR,1971,0.363
Morocco,MAR,1972,0.363
Morocco,MAR,1973,0.363
Morocco,MAR,1974,0.363
Morocco,MAR,1975,0.363
Morocco,MAR,1976,0.363
Morocco,MAR,1977,0.363
Morocco,MAR,1978,0.363
Morocco,MAR,1979,-0.118
Morocco,MAR,1980,-0.118
Morocco,MAR,1981,-0.118
Morocco,MAR,1982,-0.118
Morocco,MAR,1983,-0.118
Morocco,MAR,1984,-0.118
Morocco,MAR,1985,-0.118
Morocco,MAR,1986,-0.118
Morocco,MAR,1987,-0.118
Morocco,MAR,1988,-0.118
Morocco,MAR,1989,-0.118
Morocco,MAR,1990,-0.219
Morocco,MAR,1991,-0.219
Morocco,MAR,1992,-0.219
Morocco,MAR,1993,-0.219
Morocco,MAR,1994,-0.219
Morocco,MAR,1995,-0.219
Morocco,MAR,1996,-0.219
Morocco,MAR,1997,-0.219
Morocco,MAR,1998,-0.219
Morocco,MAR,1999,-0.219
Morocco,MAR,2000,-0.674
Morocco,MAR,2001,-0.674
Morocco,MAR,2002,-0.674
Morocco,MAR,2003,-0.674
Morocco,MAR,2004,-0.674
Morocco,MAR,2005,-0.674
Morocco,MAR,2006,-0.674
Morocco,MAR,2007,-0.674
Morocco,MAR,2008,-0.674
Morocco,MAR,2009,-0.674
Morocco,MAR,2010,-0.432
Morocco,MAR,2011,-0.662
Morocco,MAR,2012,-0.662
Morocco,MAR,2013,-0.736
Morocco,MAR,2014,-0.736
Morocco,MAR,2015,-0.736
Morocco,MAR,2016,-0.736
Morocco,MAR,2017,-0.736
Morocco,MAR,2018,-0.736
Morocco,MAR,2019,-0.736
Morocco,MAR,2020,-0.736
Morocco,MAR,2021,-0.736
Morocco,MAR,2022,-0.736
Morocco,MAR,2023,-0.81
Morocco,MAR,2024,-0.81
Morocco,MAR,2025,0.882
Mozambique,MOZ,1950,0.173
Mozambique,MOZ,1951,0.173
Mozambique,MOZ,1952,0.173
Mozambique,MOZ,1953,0.173
Mozambique,MOZ,1954,0.173
Mozambique,MOZ,1955,0.173
Mozambique,MOZ,1956,0.173
Mozambique,MOZ,1957,0.173
Mozambique,MOZ,1958,0.173
Mozambique,MOZ,1959,0.173
Mozambique,MOZ,1960,0.173
Mozambique,MOZ,1961,0.173
Mozambique,MOZ,1962,0.173
Mozambique,MOZ,1963,0.173
Mozambique,MOZ,1964,0.173
Mozambique,MOZ,1965,0.173
Mozambique,MOZ,1966,0.173
Mozambique,MOZ,1967,0.173
Mozambique,MOZ,1968,0.173
Mozambique,MOZ,1969,0.173
Mozambique,MOZ,1970,0.173
Mozambique,MOZ,1971,0.173
Mozambique,MOZ,1972,0.173
Mozambique,MOZ,1973,0.173
Mozambique,MOZ,1974,0.173
Mozambique,MOZ,1975,-0.278
Mozambique,MOZ,1976,-0.278
Mozambique,MOZ,1977,0.097
Mozambique,MOZ,1978,0.097
Mozambique,MOZ,1979,0.097
Mozambique,MOZ,1980,0.097
Mozambique,MOZ,1981,0.097
Mozambique,MOZ,1982,0.097
Mozambique,MOZ,1983,0.097
Mozambique,MOZ,1984,0.097
Mozambique,MOZ,1985,0.097
Mozambique,MOZ,1986,0.097
Mozambique,MOZ,1987,0.097
Mozambique,MOZ,1988,0.097
Mozambique,MOZ,1989,0.097
Mozambique,MOZ,1990,-0.264
Mozambique,MOZ,1991,-0.264
Mozambique,MOZ,1992,-0.264
Mozambique,MOZ,1993,-0.442
Mozambique,MOZ,1994,-0.58
Mozambique,MOZ,1995,-0.858
Mozambique,MOZ,1996,-0.858
Mozambique,MOZ,1997,-0.858
Mozambique,MOZ,1998,-0.858
Mozambique,MOZ,1999,-0.858
Mozambique,MOZ,2000,-1.061
Mozambique,MOZ,2001,-1.061
Mozambique,MOZ,2002,-1.061
Mozambique,MOZ,2003,-1.061
Mozambique,MOZ,2004,-1.061
Mozambique,MOZ,2005,-1.213
Mozambique,MOZ,2006,-1.213
Mozambique,MOZ,2007,-1.213
Mozambique,MOZ,2008,-1.213
Mozambique,MOZ,2009,-1.213
Mozambique,MOZ,2010,-1.125
Mozambique,MOZ,2011,-1.125
Mozambique,MOZ,2012,-1.125
Mozambique,MOZ,2013,-1.125
Mozambique,MOZ,2014,-1.125
Mozambique,MOZ,2015,-1.125
Mozambique,MOZ,2016,-1.125
Mozambique,MOZ,2017,-1.125
Mozambique,MOZ,2018,-1.125
Mozambique,MOZ,2019,-1.125
Mozambique,MOZ,2020,-1.049
Mozambique,MOZ,2021,-0.894
Mozambique,MOZ,2022,-0.894
Mozambique,MOZ,2023,-0.744
Mozambique,MOZ,2024,1.513
Mozambique,MOZ,2025,1.256
Myanmar,MMR,1950,0.55
Myanmar,MMR,1951,0.55
Myanmar,MMR,1952,0.55
Myanmar,MMR,1953,0.55
Myanmar,MMR,1954,0.55
Myanmar,MMR,1955,0.55
Myanmar,MMR,1956,0.55
Myanmar,MMR,1957,0.55
Myanmar,MMR,1958,1.267
Myanmar,MMR,1959,1.267
Myanmar,MMR,1960,1.267
Myanmar,MMR,1961,1.267
Myanmar,MMR,1962,1.267
Myanmar,MMR,1963,2.487
Myanmar,MMR,1964,2.487
Myanmar,MMR,1965,2.487
Myanmar,MMR,1966,2.487
Myanmar,MMR,1967,2.487
Myanmar,MMR,1968,2.487
Myanmar,MMR,1969,2.487
Myanmar,MMR,1970,2.487
Myanmar,MMR,1971,2.487
Myanmar,MMR,1972,2.487
Myanmar,MMR,1973,2.487
Myanmar,MMR,1974,2.487
Myanmar,MMR,1975,2.487
Myanmar,MMR,1976,2.487
Myanmar,MMR,1977,2.487
Myanmar,MMR,1978,2.487
Myanmar,MMR,1979,2.487
Myanmar,MMR,1980,2.487
Myanmar,MMR,1981,2.487
Myanmar,MMR,1982,2.487
Myanmar,MMR,1983,2.487
Myanmar,MMR,1984,2.487
Myanmar,MMR,1985,2.487
Myanmar,MMR,1986,2.487
Myanmar,MMR,1987,2.487
Myanmar,MMR,1988,2.487
Myanmar,MMR,1989,2.487
Myanmar,MMR,1990,2.487
Myanmar,MMR,1991,2.487
Myanmar,MMR,1992,2.487
Myanmar,MMR,1993,2.487
Myanmar,MMR,1994,2.487
Myanmar,MMR,1995,2.487
Myanmar,MMR,1996,2.487
Myanmar,MMR,1997,2.487
Myanmar,MMR,1998,2.487
Myanmar,MMR,1999,2.487
Myanmar,MMR,2000,2.487
Myanmar,MMR,2001,2.487
Myanmar,MMR,2002,2.487
Myanmar,MMR,2003,2.487
Myanmar,MMR,2004,2.487
Myanmar,MMR,2005,2.487
Myanmar,MMR,2006,2.487
Myanmar,MMR,2007,2.487
Myanmar,MMR,2008,1.933
Myanmar,MMR,2009,1.933
Myanmar,MMR,2010,1.03
Myanmar,MMR,2011,0.593
Myanmar,MMR,2012,0.39
Myanmar,MMR,2013,0.39
Myanmar,MMR,2014,0.39
Myanmar,MMR,2015,0.424
Myanmar,MMR,2016,0.48
Myanmar,MMR,2017,0.48
Myanmar,MMR,2018,0.638
Myanmar,MMR,2019,0.638
Myanmar,MMR,2020,0.802
Myanmar,MMR,2021,2.437
Myanmar,MMR,2022,3.243
Myanmar,MMR,2023,3.682
Myanmar,MMR,2024,3.682
Myanmar,MMR,2025,3.682
Namibia,NAM,1950,2.245
Namibia,NAM,1951,2.245
Namibia,NAM,1952,2.245
Namibia,NAM,1953,2.245
Namibia,NAM,1954,2.245
Namibia,NAM,1955,2.245
Namibia,NAM,1956,2.245
Namibia,NAM,1957,2.245
Namibia,NAM,1958,2.245
Namibia,NAM,1959,2.594
Namibia,NAM,1960,1.885
Namibia,NAM,1961,1.885
Namibia,NAM,1962,1.885
Namibia,NAM,1963,1.885
Namibia,NAM,1964,1.885
Namibia,NAM,1965,1.885
Namibia,NAM,1966,1.885
Namibia,NAM,1967,1.885
Namibia,NAM,1968,1.885
Namibia,NAM,1969,1.885
Namibia,NAM,1970,1.885
Namibia,NAM,1971,1.885
Namibia,NAM,1972,1.885
Namibia,NAM,1973,1.885
Namibia,NAM,1974,1.885
Namibia,NAM,1975,1.885
Namibia,NAM,1976,1.885
Namibia,NAM,1977,1.885
Namibia,NAM,1978,1.885
Namibia,NAM,1979,1.885
Namibia,NAM,1980,1.885
Namibia,NAM,1981,1.885
Namibia,NAM,1982,1.885
Namibia,NAM,1983,1.885
Namibia,NAM,1984,1.885
Namibia,NAM,1985,1.885
Namibia,NAM,1986,1.885
Namibia,NAM,1987,1.885
Namibia,NAM,1988,1.885
Namibia,NAM,1989,1.885
Namibia,NAM,1990,-0.784
Namibia,NAM,1991,-0.784
Namibia,NAM,1992,-0.784
Namibia,NAM,1993,-0.784
Namibia,NAM,1994,-0.784
Namibia,NAM,1995,-0.784
Namibia,NAM,1996,-0.784
Namibia,NAM,1997,-0.784
Namibia,NAM,1998,-0.522
Namibia,NAM,1999,-0.522
Namibia,NAM,2000,-0.688
Namibia,NAM,2001,-0.784
Namibia,NAM,2002,-0.784
Namibia,NAM,2003,-0.784
Namibia,NAM,2004,-0.784
Namibia,NAM,2005,-0.784
Namibia,NAM,2006,-0.784
Namibia,NAM,2007,-0.538
Namibia,NAM,2008,-0.538
Namibia,NAM,2009,-0.538
Namibia,NAM,2010,-0.786
Namibia,NAM,2011,-0.786
Namibia,NAM,2012,-0.786
Namibia,NAM,2013,-0.786
Namibia,NAM,2014,-0.786
Namibia,NAM,2015,-0.786
Namibia,NAM,2016,-0.786
Namibia,NAM,2017,-0.678
Namibia,NAM,2018,-0.678
Namibia,NAM,2019,-0.107
Namibia,NAM,2020,0.159
Namibia,NAM,2021,-0.05
Namibia,NAM,2022,-0.293
Namibia,NAM,2023,-0.293
Namibia,NAM,2024,-0.344
Namibia,NAM,2025,-0.466
Nepal,NPL,1950,-0.838
Nepal,NPL,1951,-0.72
Nepal,NPL,1952,-0.72
Nepal,NPL,1953,-0.72
Nepal,NPL,1954,-0.72
Nepal,NPL,1955,-0.72
Nepal,NPL,1956,-0.72
Nepal,NPL,1957,-0.72
Nepal,NPL,1958,-0.72
Nepal,NPL,1959,-0.833
Nepal,NPL,1960,0.519
Nepal,NPL,1961,0.645
Nepal,NPL,1962,0.778
Nepal,NPL,1963,0.778
Nepal,NPL,1964,0.778
Nepal,NPL,1965,0.778
Nepal,NPL,1966,1.948
Nepal,NPL,1967,1.948
Nepal,NPL,1968,1.948
Nepal,NPL,1969,1.948
Nepal,NPL,1970,2.052
Nepal,NPL,1971,2.052
Nepal,NPL,1972,2.052
Nepal,NPL,1973,2.052
Nepal,NPL,1974,2.052
Nepal,NPL,1975,2.052
Nepal,NPL,1976,2.052
Nepal,NPL,1977,2.052
Nepal,NPL,1978,2.052
Nepal,NPL,1979,2.052
Nepal,NPL,1980,1.751
Nepal,NPL,1981,1.751
Nepal,NPL,1982,1.751
Nepal,NPL,1983,1.751
Nepal,NPL,1984,1.751
Nepal,NPL,1985,1.751
Nepal,NPL,1986,1.751
Nepal,NPL,1987,1.751
Nepal,NPL,1988,1.751
Nepal,NPL,1989,1.751
Nepal,NPL,1990,1.125
Nepal,NPL,1991,1.008
Nepal,NPL,1992,1.086
Nepal,NPL,1993,1.215
Nepal,NPL,1994,1.215
Nepal,NPL,1995,0.991
Nepal,NPL,1996,0.991
Nepal,NPL,1997,0.991
Nepal,NPL,1998,0.991
Nepal,NPL,1999,0.991
Nepal,NPL,2000,0.991
Nepal,NPL,2001,0.991
Nepal,NPL,2002,0.991
Nepal,NPL,2003,0.991
Nepal,NPL,2004,0.991
Nepal,NPL,2005,0.991
Nepal,NPL,2006,0.991
Nepal,NPL,2007,0.991
Nepal,NPL,2008,0.843
Nepal,NPL,2009,0.843
Nepal,NPL,2010,0.946
Nepal,NPL,2011,0.946
Nepal,NPL,2012,0.946
Nepal,NPL,2013,0.946
Nepal,NPL,2014,0.946
Nepal,NPL,2015,1.017
Nepal,NPL,2016,1.017
Nepal,NPL,2017,1.087
Nepal,NPL,2018,1.087
Nepal,NPL,2019,1.087
Nepal,NPL,2020,1.073
Nepal,NPL,2021,1.072
Nepal,NPL,2022,0.941
Nepal,NPL,2023,0.941
Nepal,NPL,2024,0.941
Nepal,NPL,2025,-0.448
Netherlands,NLD,1950,-1.394
Netherlands,NLD,1951,-1.394
Netherlands,NLD,1952,-1.394
Netherlands,NLD,1953,-1.394
Netherlands,NLD,1954,-1.394
Netherlands,NLD,1955,-1.394
Netherlands,NLD,1956,-1.394
Netherlands,NLD,1957,-1.394
Netherlands,NLD,1958,-1.394
Netherlands,NLD,1959,-1.394
Netherlands,NLD,1960,-0.621
Netherlands,NLD,1961,-0.621
Netherlands,NLD,1962,-0.621
Netherlands,NLD,1963,-0.621
Netherlands,NLD,1964,-1.372
Netherlands,NLD,1965,-1.372
Netherlands,NLD,1966,-1.372
Netherlands,NLD,1967,-1.372
Netherlands,NLD,1968,-1.139
Netherlands,NLD,1969,-1.139
Netherlands,NLD,1970,-1.139
Netherlands,NLD,1971,-1.139
Netherlands,NLD,1972,-1.139
Netherlands,NLD,1973,-1.139
Netherlands,NLD,1974,-1.139
Netherlands,NLD,1975,-1.139
Netherlands,NLD,1976,-1.139
Netherlands,NLD,1977,-1.139
Netherlands,NLD,1978,-1.139
Netherlands,NLD,1979,-1.139
Netherlands,NLD,1980,-2.081
Netherlands,NLD,1981,-2.081
Netherlands,NLD,1982,-2.081
Netherlands,NLD,1983,-2.081
Netherlands,NLD,1984,-2.081
Netherlands,NLD,1985,-2.081
Netherlands,NLD,1986,-2.081
Netherlands,NLD,1987,-2.081
Netherlands,NLD,1988,-2.081
Netherlands,NLD,1989,-2.081
Netherlands,NLD,1990,-2.322
Netherlands,NLD,1991,-2.322
Netherlands,NLD,1992,-2.322
Netherlands,NLD,1993,-2.322
Netherlands,NLD,1994,-2.322
Netherlands,NLD,1995,-2.322
Netherlands,NLD,1996,-2.322
Netherlands,NLD,1997,-2.322
Netherlands,NLD,1998,-2.322
Netherlands,NLD,1999,-1.929
Netherlands,NLD,2000,-2.306
Netherlands,NLD,2001,-2.306
Netherlands,NLD,2002,-1.151
Netherlands,NLD,2003,-1.151
Netherlands,NLD,2004,-1.26
Netherlands,NLD,2005,-1.26
Netherlands,NLD,2006,-1.26
Netherlands,NLD,2007,-1.26
Netherlands,NLD,2008,-1.26
Netherlands,NLD,2009,-1.26
Netherlands,NLD,2010,-1.26
Netherlands,NLD,2011,-1.26
Netherlands,NLD,2012,-1.26
Netherlands,NLD,2013,-1.26
Netherlands,NLD,2014,-1.26
Netherlands,NLD,2015,-1.26
Netherlands,NLD,2016,-1.26
Netherlands,NLD,2017,-1.26
Netherlands,NLD,2018,-1.035
Netherlands,NLD,2019,-1.035
Netherlands,NLD,2020,-1.153
Netherlands,NLD,2021,-0.785
Netherlands,NLD,2022,-0.654
Netherlands,NLD,2023,-0.091
Netherlands,NLD,2024,-0.091
Netherlands,NLD,2025,-0.091
New Zealand,NZL,1950,-2.562
New Zealand,NZL,1951,-1.575
New Zealand,NZL,1952,-2.57
New Zealand,NZL,1953,-2.57
New Zealand,NZL,1954,-2.57
New Zealand,NZL,1955,-2.57
New Zealand,NZL,1956,-2.57
New Zealand,NZL,1957,-2.57
New Zealand,NZL,1958,-2.57
New Zealand,NZL,1959,-2.57
New Zealand,NZL,1960,-2.57
New Zealand,NZL,1961,-2.57
New Zealand,NZL,1962,-2.57
New Zealand,NZL,1963,-2.57
New Zealand,NZL,1964,-2.57
New Zealand,NZL,1965,-2.57
New Zealand,NZL,1966,-2.57
New Zealand,NZL,1967,-2.57
New Zealand,NZL,1968,-2.57
New Zealand,NZL,1969,-2.57
New Zealand,NZL,1970,-2.57
New Zealand,NZL,1971,-2.57
New Zealand,NZL,1972,-2.57
New Zealand,NZL,1973,-1.861
New Zealand,NZL,1974,-1.861
New Zealand,NZL,1975,-1.861
New Zealand,NZL,1976,-1.861
New Zealand,NZL,1977,-1.861
New Zealand,NZL,1978,-1.861
New Zealand,NZL,1979,-1.861
New Zealand,NZL,1980,-1.861
New Zealand,NZL,1981,-1.176
New Zealand,NZL,1982,-1.863
New Zealand,NZL,1983,-1.863
New Zealand,NZL,1984,-2.613
New Zealand,NZL,1985,-2.613
New Zealand,NZL,1986,-2.613
New Zealand,NZL,1987,-2.613
New Zealand,NZL,1988,-2.613
New Zealand,NZL,1989,-2.613
New Zealand,NZL,1990,-2.613
New Zealand,NZL,1991,-2.613
New Zealand,NZL,1992,-2.613
New Zealand,NZL,1993,-2.613
New Zealand,NZL,1994,-2.613
New Zealand,NZL,1995,-2.613
New Zealand,NZL,1996,-2.613
New Zealand,NZL,1997,-2.613
New Zealand,NZL,1998,-2.613
New Zealand,NZL,1999,-2.613
New Zealand,NZL,2000,-2.613
New Zealand,NZL,2001,-2.613
New Zealand,NZL,2002,-2.613
New Zealand,NZL,2003,-2.613
New Zealand,NZL,2004,-2.613
New Zealand,NZL,2005,-2.613
New Zealand,NZL,2006,-2.613
New Zealand,NZL,2007,-2.613
New Zealand,NZL,2008,-2.613
New Zealand,NZL,2009,-2.613
New Zealand,NZL,2010,-2.613
New Zealand,NZL,2011,-2.613
New Zealand,NZL,2012,-2.613
New Zealand,NZL,2013,-2.613
New Zealand,NZL,2014,-2.613
New Zealand,NZL,2015,-2.613
New Zealand,NZL,2016,-2.613
New Zealand,NZL,2017,-1.756
New Zealand,NZL,2018,-2.616
New Zealand,NZL,2019,-2.375
New Zealand,NZL,2020,-2.375
New Zealand,NZL,2021,-1.665
New Zealand,NZL,2022,-1.165
New Zealand,NZL,2023,-1.155
New Zealand,NZL,2024,-0.803
New Zealand,NZL,2025,-1.421
Nicaragua,NIC,1950,2.123
Nicaragua,NIC,1951,2.123
Nicaragua,NIC,1952,2.123
Nicaragua,NIC,1953,2.123
Nicaragua,NIC,1954,2.123
Nicaragua,NIC,1955,2.123
Nicaragua,NIC,1956,2.123
Nicaragua,NIC,1957,2.123
Nicaragua,NIC,1958,2.123
Nicaragua,NIC,1959,2.123
Nicaragua,NIC,1960,0.519
Nicaragua,NIC,1961,0.519
Nicaragua,NIC,1962,0.519
Nicaragua,NIC,1963,0.519
Nicaragua,NIC,1964,0.519
Nicaragua,NIC,1965,0.519
Nicaragua,NIC,1966,0.519
Nicaragua,NIC,1967,0.519
Nicaragua,NIC,1968,0.519
Nicaragua,NIC,1969,0.519
Nicaragua,NIC,1970,2.1
Nicaragua,NIC,1971,2.1
Nicaragua,NIC,1972,2.1
Nicaragua,NIC,1973,2.1
Nicaragua,NIC,1974,2.1
Nicaragua,NIC,1975,2.1
Nicaragua,NIC,1976,2.1
Nicaragua,NIC,1977,2.1
Nicaragua,NIC,1978,2.1
Nicaragua,NIC,1979,2.1
Nicaragua,NIC,1980,0.116
Nicaragua,NIC,1981,0.116
Nicaragua,NIC,1982,0.638
Nicaragua,NIC,1983,0.638
Nicaragua,NIC,1984,0.638
Nicaragua,NIC,1985,0.638
Nicaragua,NIC,1986,0.835
Nicaragua,NIC,1987,0.835
Nicaragua,NIC,1988,0.835
Nicaragua,NIC,1989,0.835
Nicaragua,NIC,1990,0.488
Nicaragua,NIC,1991,0.488
Nicaragua,NIC,1992,0.488
Nicaragua,NIC,1993,0.488
Nicaragua,NIC,1994,0.488
Nicaragua,NIC,1995,0.488
Nicaragua,NIC,1996,0.488
Nicaragua,NIC,1997,0.488
Nicaragua,NIC,1998,0.488
Nicaragua,NIC,1999,0.488
Nicaragua,NIC,2000,-0.474
Nicaragua,NIC,2001,-0.474
Nicaragua,NIC,2002,0.021
Nicaragua,NIC,2003,0.021
Nicaragua,NIC,2004,0.021
Nicaragua,NIC,2005,0.021
Nicaragua,NIC,2006,0.129
Nicaragua,NIC,2007,0.129
Nicaragua,NIC,2008,0.129
Nicaragua,NIC,2009,0.129
Nicaragua,NIC,2010,-0.047
Nicaragua,NIC,2011,-0.047
Nicaragua,NIC,2012,-0.047
Nicaragua,NIC,2013,-0.047
Nicaragua,NIC,2014,-0.047
Nicaragua,NIC,2015,-0.047
Nicaragua,NIC,2016,-0.047
Nicaragua,NIC,2017,-0.047
Nicaragua,NIC,2018,1.707
Nicaragua,NIC,2019,1.707
Nicaragua,NIC,2020,2.114
Nicaragua,NIC,2021,3.141
Nicaragua,NIC,2022,3.141
Nicaragua,NIC,2023,3.141
Nicaragua,NIC,2024,3.141
Nicaragua,NIC,2025,3.141
Niger,NER,1950,-2.997
Niger,NER,1951,-2.997
Niger,NER,1952,-2.78
Niger,NER,1953,-2.78
Niger,NER,1954,-2.78
Niger,NER,1955,-2.78
Niger,NER,1956,-2.78
Niger,NER,1957,-2.78
Niger,NER,1958,-2.484
Niger,NER,1959,-2.484
Niger,NER,1960,-1.12
Niger,NER,1961,-1.12
Niger,NER,1962,-1.12
Niger,NER,1963,-1.12
Niger,NER,1964,-1.12
Niger,NER,1965,-1.12
Niger,NER,1966,-1.12
Niger,NER,1967,-1.12
Niger,NER,1968,-1.12
Niger,NER,1969,-1.12
Niger,NER,1970,-1.12
Niger,NER,1971,-1.12
Niger,NER,1972,-1.12
Niger,NER,1973,-1.12
Niger,NER,1974,-3.795
Niger,NER,1975,-3.795
Niger,NER,1976,-3.795
Niger,NER,1977,-3.795
Niger,NER,1978,-3.795
Niger,NER,1979,-3.795
Niger,NER,1980,-3.795
Niger,NER,1981,-3.795
Niger,NER,1982,-3.795
Niger,NER,1983,-3.795
Niger,NER,1984,-3.795
Niger,NER,1985,-3.795
Niger,NER,1986,-3.548
Niger,NER,1987,-2.89
Niger,NER,1988,-2.89
Niger,NER,1989,-2.89
Niger,NER,1990,-2.514
Niger,NER,1991,-1.197
Niger,NER,1992,-1.197
Niger,NER,1993,-0.794
Niger,NER,1994,-0.794
Niger,NER,1995,-0.794
Niger,NER,1996,-0.889
Niger,NER,1997,-0.889
Niger,NER,1998,-0.889
Niger,NER,1999,-0.889
Niger,NER,2000,-1.011
Niger,NER,2001,-1.011
Niger,NER,2002,-1.011
Niger,NER,2003,-1.011
Niger,NER,2004,-0.909
Niger,NER,2005,-1.026
Niger,NER,2006,-1.026
Niger,NER,2007,-1.026
Niger,NER,2008,-1.026
Niger,NER,2009,-0.852
Niger,NER,2010,-0.852
Niger,NER,2011,-0.938
Niger,NER,2012,-1.038
Niger,NER,2013,-1.038
Niger,NER,2014,-0.973
Niger,NER,2015,-0.973
Niger,NER,2016,-0.863
Niger,NER,2017,-0.979
Niger,NER,2018,-0.979
Niger,NER,2019,-0.979
Niger,NER,2020,-0.978
Niger,NER,2021,-0.442
Niger,NER,2022,-0.442
Niger,NER,2023,-0.442
Niger,NER,2024,-0.442
Niger,NER,2025,-0.442
Nigeria,NGA,1950,-0.992
Nigeria,NGA,1951,-0.992
Nigeria,NGA,1952,-0.992
Nigeria,NGA,1953,-0.992
Nigeria,NGA,1954,-0.992
Nigeria,NGA,1955,-0.992
Nigeria,NGA,1956,-0.992
Nigeria,NGA,1957,-0.992
Nigeria,NGA,1958,-0.992
Nigeria,NGA,1959,-0.992
Nigeria,NGA,1960,-0.774
Nigeria,NGA,1961,-0.589
Nigeria,NGA,1962,-0.589
Nigeria,NGA,1963,-0.571
Nigeria,NGA,1964,-0.54
Nigeria,NGA,1965,-0.54
Nigeria,NGA,1966,-0.54
Nigeria,NGA,1967,-0.54
Nigeria,NGA,1968,-0.54
Nigeria,NGA,1969,-0.54
Nigeria,NGA,1970,-0.58
Nigeria,NGA,1971,-1.112
Nigeria,NGA,1972,-1.112
Nigeria,NGA,1973,-1.112
Nigeria,NGA,1974,-1.112
Nigeria,NGA,1975,-1.112
Nigeria,NGA,1976,-1.112
Nigeria,NGA,1977,-1.112
Nigeria,NGA,1978,-1.112
Nigeria,NGA,1979,-1.05
Nigeria,NGA,1980,-1.189
Nigeria,NGA,1981,-1.189
Nigeria,NGA,1982,-1.189
Nigeria,NGA,1983,-0.734
Nigeria,NGA,1984,-1.01
Nigeria,NGA,1985,-1.01
Nigeria,NGA,1986,-1.01
Nigeria,NGA,1987,-1.01
Nigeria,NGA,1988,-1.01
Nigeria,NGA,1989,-1.01
Nigeria,NGA,1990,-1.01
Nigeria,NGA,1991,-1.01
Nigeria,NGA,1992,-1.01
Nigeria,NGA,1993,-0.963
Nigeria,NGA,1994,-0.693
Nigeria,NGA,1995,-0.693
Nigeria,NGA,1996,-0.693
Nigeria,NGA,1997,-0.693
Nigeria,NGA,1998,-0.693
Nigeria,NGA,1999,-0.693
Nigeria,NGA,2000,-0.687
Nigeria,NGA,2001,-0.687
Nigeria,NGA,2002,-0.687
Nigeria,NGA,2003,-0.687
Nigeria,NGA,2004,-0.687
Nigeria,NGA,2005,-0.687
Nigeria,NGA,2006,-0.687
Nigeria,NGA,2007,-0.687
Nigeria,NGA,2008,-0.687
Nigeria,NGA,2009,-0.985
Nigeria,NGA,2010,-1.037
Nigeria,NGA,2011,-1.037
Nigeria,NGA,2012,-1.037
Nigeria,NGA,2013,-1.037
Nigeria,NGA,2014,-1.015
Nigeria,NGA,2015,-1.433
Nigeria,NGA,2016,-1.433
Nigeria,NGA,2017,-1.433
Nigeria,NGA,2018,-0.728
Nigeria,NGA,2019,-1.079
Nigeria,NGA,2020,-0.88
Nigeria,NGA,2021,-0.821
Nigeria,NGA,2022,-0.594
Nigeria,NGA,2023,-0.594
Nigeria,NGA,2024,-0.594
Nigeria,NGA,2025,-0.594
North America,OWID_NAM,1950,-0.030466668
North America,OWID_NAM,1951,-0.030466668
North America,OWID_NAM,1952,-0.016333334
North America,OWID_NAM,1953,-0.004066667
North America,OWID_NAM,1954,-0.046933334
North America,OWID_NAM,1955,0.012599993
North America,OWID_NAM,1956,0.057066664
North America,OWID_NAM,1957,0.038333338
North America,OWID_NAM,1958,0.038333338
North America,OWID_NAM,1959,0.013800001
North America,OWID_NAM,1960,-0.2796
North America,OWID_NAM,1961,-0.23706666
North America,OWID_NAM,1962,-0.24486668
North America,OWID_NAM,1963,-0.30153334
North America,OWID_NAM,1964,-0.31786668
North America,OWID_NAM,1965,-0.22326668
North America,OWID_NAM,1966,-0.2996
North America,OWID_NAM,1967,-0.32693332
North America,OWID_NAM,1968,-0.16726667
North America,OWID_NAM,1969,-0.2468
North America,OWID_NAM,1970,-0.08606667
North America,OWID_NAM,1971,-0.08606667
North America,OWID_NAM,1972,-0.08606667
North America,OWID_NAM,1973,-0.10246667
North America,OWID_NAM,1974,-0.10246667
North America,OWID_NAM,1975,-0.12506667
North America,OWID_NAM,1976,-0.15026666
North America,OWID_NAM,1977,-0.15026666
North America,OWID_NAM,1978,-0.15026666
North America,OWID_NAM,1979,-0.19233334
North America,OWID_NAM,1980,-0.2244
North America,OWID_NAM,1981,-0.21926665
North America,OWID_NAM,1982,-0.20526667
North America,OWID_NAM,1983,-0.2468
North America,OWID_NAM,1984,-0.28153333
North America,OWID_NAM,1985,-0.2662
North America,OWID_NAM,1986,-0.35866666
North America,OWID_NAM,1987,-0.34513333
North America,OWID_NAM,1988,-0.33326668
North America,OWID_NAM,1989,-0.39933333
North America,OWID_NAM,1990,-0.53573334
North America,OWID_NAM,1991,-0.5326
North America,OWID_NAM,1992,-0.5392
North America,OWID_NAM,1993,-0.7054667
North America,OWID_NAM,1994,-0.6816
North America,OWID_NAM,1995,-0.6946
North America,OWID_NAM,1996,-0.71346664
North America,OWID_NAM,1997,-0.9556
North America,OWID_NAM,1998,-0.9669333
North America,OWID_NAM,1999,-0.9590667
North America,OWID_NAM,2000,-0.9824667
North America,OWID_NAM,2001,-0.99453336
North America,OWID_NAM,2002,-0.9418667
North America,OWID_NAM,2003,-0.92433333
North America,OWID_NAM,2004,-0.84646666
North America,OWID_NAM,2005,-0.8744
North America,OWID_NAM,2006,-0.84793335
North America,OWID_NAM,2007,-0.85186666
North America,OWID_NAM,2008,-0.8595333
North America,OWID_NAM,2009,-0.73826665
North America,OWID_NAM,2010,-0.6662667
North America,OWID_NAM,2011,-0.6397333
North America,OWID_NAM,2012,-0.6818
North America,OWID_NAM,2013,-0.6918
North America,OWID_NAM,2014,-0.70986664
North America,OWID_NAM,2015,-0.6762
North America,OWID_NAM,2016,-0.5915333
North America,OWID_NAM,2017,-0.5277333
North America,OWID_NAM,2018,-0.26313335
North America,OWID_NAM,2019,-0.23866667
North America,OWID_NAM,2020,-0.15686667
North America,OWID_NAM,2021,0.023999998
North America,OWID_NAM,2022,0.08086668
North America,OWID_NAM,2023,0.13226669
North America,OWID_NAM,2024,0.18246667
North America,OWID_NAM,2025,0.40021428
North America (population-weighted),,1950,-0.8701948
North America (population-weighted),,1951,-0.86992735
North America (population-weighted),,1952,-0.8641684
North America (population-weighted),,1953,-0.8591263
North America (population-weighted),,1954,-0.85961646
North America (population-weighted),,1955,-1.0135813
North America (population-weighted),,1956,-1.0015904
North America (population-weighted),,1957,-0.9952134
North America (population-weighted),,1958,-0.9941811
North America (population-weighted),,1959,-0.9947363
North America (population-weighted),,1960,-1.2271793
North America (population-weighted),,1961,-1.220323
North America (population-weighted),,1962,-1.0883033
North America (population-weighted),,1963,-0.9930302
North America (population-weighted),,1964,-1.0738115
North America (population-weighted),,1965,-0.8414701
North America (population-weighted),,1966,-0.84121555
North America (population-weighted),,1967,-0.7360075
North America (population-weighted),,1968,-0.40726486
North America (population-weighted),,1969,-0.6762925
North America (population-weighted),,1970,-0.61474097
North America (population-weighted),,1971,-0.6136005
North America (population-weighted),,1972,-0.61193633
North America (population-weighted),,1973,-0.768106
North America (population-weighted),,1974,-0.7653971
North America (population-weighted),,1975,-0.9785874
North America (population-weighted),,1976,-0.9762981
North America (population-weighted),,1977,-0.9728448
North America (population-weighted),,1978,-0.9692395
North America (population-weighted),,1979,-0.9767916
North America (population-weighted),,1980,-0.78063965
North America (population-weighted),,1981,-0.62671447
North America (population-weighted),,1982,-0.6948932
North America (population-weighted),,1983,-0.7034422
North America (population-weighted),,1984,-0.70062745
North America (population-weighted),,1985,-0.6961116
North America (population-weighted),,1986,-0.75925386
North America (population-weighted),,1987,-0.69159245
North America (population-weighted),,1988,-0.64791155
North America (population-weighted),,1989,-0.65406656
North America (population-weighted),,1990,-0.6997986
North America (population-weighted),,1991,-0.6529827
North America (population-weighted),,1992,-0.6209512
North America (population-weighted),,1993,-0.64245105
North America (population-weighted),,1994,-0.5118666
North America (population-weighted),,1995,-0.53928334
North America (population-weighted),,1996,-0.5854339
North America (population-weighted),,1997,-0.7366577
North America (population-weighted),,1998,-0.7399898
North America (population-weighted),,1999,-0.7395183
North America (population-weighted),,2000,-0.5140747
North America (population-weighted),,2001,-0.620508
North America (population-weighted),,2002,-0.44287536
North America (population-weighted),,2003,-0.43666247
North America (population-weighted),,2004,-0.42873386
North America (population-weighted),,2005,-0.38288206
North America (population-weighted),,2006,-0.35166836
North America (population-weighted),,2007,-0.36416557
North America (population-weighted),,2008,-0.24328732
North America (population-weighted),,2009,-0.113628834
North America (population-weighted),,2010,0.04002113
North America (population-weighted),,2011,0.03866079
North America (population-weighted),,2012,0.062291507
North America (population-weighted),,2013,0.029883906
North America (population-weighted),,2014,0.04926558
North America (population-weighted),,2015,0.11848366
North America (population-weighted),,2016,0.52202016
North America (population-weighted),,2017,0.75533456
North America (population-weighted),,2018,0.9760586
North America (population-weighted),,2019,1.1670076
North America (population-weighted),,2020,1.4263026
North America (population-weighted),,2021,1.2912575
North America (population-weighted),,2022,1.2258203
North America (population-weighted),,2023,1.220809
North America (population-weighted),,2024,1.5983307
North America (population-weighted),,2025,1.7993869
North Korea,PRK,1950,-1.115
North Korea,PRK,1951,-1.115
North Korea,PRK,1952,-1.115
North Korea,PRK,1953,-1.115
North Korea,PRK,1954,-1.115
North Korea,PRK,1955,-1.115
North Korea,PRK,1956,-1.115
North Korea,PRK,1957,-1.186
North Korea,PRK,1958,-1.186
North Korea,PRK,1959,-1.186
North Korea,PRK,1960,-1.666
North Korea,PRK,1961,-1.666
North Korea,PRK,1962,-1.666
North Korea,PRK,1963,-1.666
North Korea,PRK,1964,-1.666
North Korea,PRK,1965,-1.666
North Korea,PRK,1966,-1.666
North Korea,PRK,1967,-1.666
North Korea,PRK,1968,-1.666
North Korea,PRK,1969,-1.666
North Korea,PRK,1970,-1.036
North Korea,PRK,1971,-1.036
North Korea,PRK,1972,-1.036
North Korea,PRK,1973,-1.036
North Korea,PRK,1974,-1.036
North Korea,PRK,1975,-1.036
North Korea,PRK,1976,-1.036
North Korea,PRK,1977,-1.036
North Korea,PRK,1978,-1.036
North Korea,PRK,1979,-1.036
North Korea,PRK,1980,-1.036
North Korea,PRK,1981,-1.036
North Korea,PRK,1982,-1.036
North Korea,PRK,1983,-1.036
North Korea,PRK,1984,-1.036
North Korea,PRK,1985,-1.036
North Korea,PRK,1986,-1.036
North Korea,PRK,1987,-1.036
North Korea,PRK,1988,-1.036
North Korea,PRK,1989,-1.036
North Korea,PRK,1990,-1.036
North Korea,PRK,1991,-1.036
North Korea,PRK,1992,-1.036
North Korea,PRK,1993,-1.036
North Korea,PRK,1994,-1.036
North Korea,PRK,1995,-1.036
North Korea,PRK,1996,-1.036
North Korea,PRK,1997,-1.036
North Korea,PRK,1998,-1.036
North Korea,PRK,1999,-1.036
North Korea,PRK,2000,-1.036
North Korea,PRK,2001,-1.036
North Korea,PRK,2002,-1.036
North Korea,PRK,2003,-1.036
North Korea,PRK,2004,-1.036
North Korea,PRK,2005,-1.036
North Korea,PRK,2006,-1.036
North Korea,PRK,2007,-1.036
North Korea,PRK,2008,-1.036
North Korea,PRK,2009,-1.036
North Korea,PRK,2010,-1.036
North Korea,PRK,2011,-1.036
North Korea,PRK,2012,-1.036
North Korea,PRK,2013,-1.036
North Korea,PRK,2014,-1.036
North Korea,PRK,2015,-1.036
North Korea,PRK,2016,-1.036
North Korea,PRK,2017,-1.036
North Korea,PRK,2018,-1.036
North Korea,PRK,2019,-1.036
North Korea,PRK,2020,-1.036
North Korea,PRK,2021,-1.036
North Korea,PRK,2022,-1.036
North Korea,PRK,2023,-1.036
North Korea,PRK,2024,-1.036
North Korea,PRK,2025,-1.036
North Macedonia,MKD,1950,-0.412
North Macedonia,MKD,1951,-0.412
North Macedonia,MKD,1952,-0.412
North Macedonia,MKD,1953,-0.412
North Macedonia,MKD,1954,-0.412
North Macedonia,MKD,1955,-0.412
North Macedonia,MKD,1956,-0.412
North Macedonia,MKD,1957,-0.412
North Macedonia,MKD,1958,-0.412
North Macedonia,MKD,1959,-0.412
North Macedonia,MKD,1960,-0.519
North Macedonia,MKD,1961,-0.519
North Macedonia,MKD,1962,-0.519
North Macedonia,MKD,1963,-0.519
North Macedonia,MKD,1964,-0.519
North Macedonia,MKD,1965,-0.519
North Macedonia,MKD,1966,-0.519
North Macedonia,MKD,1967,-0.519
North Macedonia,MKD,1968,-0.519
North Macedonia,MKD,1969,-0.519
North Macedonia,MKD,1970,-0.101
North Macedonia,MKD,1971,-0.101
North Macedonia,MKD,1972,-0.101
North Macedonia,MKD,1973,-0.101
North Macedonia,MKD,1974,-0.101
North Macedonia,MKD,1975,-0.101
North Macedonia,MKD,1976,-0.101
North Macedonia,MKD,1977,-0.101
North Macedonia,MKD,1978,-0.101
North Macedonia,MKD,1979,-0.101
North Macedonia,MKD,1980,-0.101
North Macedonia,MKD,1981,-0.101
North Macedonia,MKD,1982,-0.101
North Macedonia,MKD,1983,-0.101
North Macedonia,MKD,1984,-0.101
North Macedonia,MKD,1985,-0.101
North Macedonia,MKD,1986,-0.101
North Macedonia,MKD,1987,-0.101
North Macedonia,MKD,1988,-0.101
North Macedonia,MKD,1989,0.584
North Macedonia,MKD,1990,0.681
North Macedonia,MKD,1991,0.553
North Macedonia,MKD,1992,0.553
North Macedonia,MKD,1993,0.484
North Macedonia,MKD,1994,0.643
North Macedonia,MKD,1995,0.564
North Macedonia,MKD,1996,0.517
North Macedonia,MKD,1997,0.414
North Macedonia,MKD,1998,0.414
North Macedonia,MKD,1999,0.348
North Macedonia,MKD,2000,0.867
North Macedonia,MKD,2001,0.985
North Macedonia,MKD,2002,0.723
North Macedonia,MKD,2003,0.723
North Macedonia,MKD,2004,0.687
North Macedonia,MKD,2005,0.687
North Macedonia,MKD,2006,0.687
North Macedonia,MKD,2007,0.687
North Macedonia,MKD,2008,0.687
North Macedonia,MKD,2009,0.769
North Macedonia,MKD,2010,0.818
North Macedonia,MKD,2011,1.313
North Macedonia,MKD,2012,1.313
North Macedonia,MKD,2013,1.313
North Macedonia,MKD,2014,1.422
North Macedonia,MKD,2015,1.545
North Macedonia,MKD,2016,1.924
North Macedonia,MKD,2017,1.603
North Macedonia,MKD,2018,1.472
North Macedonia,MKD,2019,1.35
North Macedonia,MKD,2020,1.155
North Macedonia,MKD,2021,1.155
North Macedonia,MKD,2022,1.084
North Macedonia,MKD,2023,0.993
North Macedonia,MKD,2024,0.827
North Macedonia,MKD,2025,0.953
Norway,NOR,1950,-0.428
Norway,NOR,1951,-0.428
Norway,NOR,1952,-0.907
Norway,NOR,1953,-1.682
Norway,NOR,1954,-1.682
Norway,NOR,1955,-1.682
Norway,NOR,1956,-1.682
Norway,NOR,1957,-1.682
Norway,NOR,1958,-1.682
Norway,NOR,1959,-1.682
Norway,NOR,1960,-2.59
Norway,NOR,1961,-2.59
Norway,NOR,1962,-2.59
Norway,NOR,1963,-2.59
Norway,NOR,1964,-2.59
Norway,NOR,1965,-2.165
Norway,NOR,1966,-2.165
Norway,NOR,1967,-2.165
Norway,NOR,1968,-2.165
Norway,NOR,1969,-1.637
Norway,NOR,1970,-1.637
Norway,NOR,1971,-1.886
Norway,NOR,1972,-1.886
Norway,NOR,1973,-1.886
Norway,NOR,1974,-1.886
Norway,NOR,1975,-1.886
Norway,NOR,1976,-1.886
Norway,NOR,1977,-1.886
Norway,NOR,1978,-1.886
Norway,NOR,1979,-1.886
Norway,NOR,1980,-1.886
Norway,NOR,1981,-1.886
Norway,NOR,1982,-1.886
Norway,NOR,1983,-1.886
Norway,NOR,1984,-1.886
Norway,NOR,1985,-1.886
Norway,NOR,1986,-1.886
Norway,NOR,1987,-1.886
Norway,NOR,1988,-1.886
Norway,NOR,1989,-1.886
Norway,NOR,1990,-2.335
Norway,NOR,1991,-2.335
Norway,NOR,1992,-2.335
Norway,NOR,1993,-2.335
Norway,NOR,1994,-2.335
Norway,NOR,1995,-2.335
Norway,NOR,1996,-2.645
Norway,NOR,1997,-2.645
Norway,NOR,1998,-2.645
Norway,NOR,1999,-2.645
Norway,NOR,2000,-2.645
Norway,NOR,2001,-2.645
Norway,NOR,2002,-2.645
Norway,NOR,2003,-2.645
Norway,NOR,2004,-2.645
Norway,NOR,2005,-2.645
Norway,NOR,2006,-2.645
Norway,NOR,2007,-2.645
Norway,NOR,2008,-2.645
Norway,NOR,2009,-2.645
Norway,NOR,2010,-2.567
Norway,NOR,2011,-2.567
Norway,NOR,2012,-2.567
Norway,NOR,2013,-2.031
Norway,NOR,2014,-2.031
Norway,NOR,2015,-2.031
Norway,NOR,2016,-2.031
Norway,NOR,2017,-1.495
Norway,NOR,2018,-1.495
Norway,NOR,2019,-1.495
Norway,NOR,2020,-1.495
Norway,NOR,2021,-2.111
Norway,NOR,2022,-2.111
Norway,NOR,2023,-2.111
Norway,NOR,2024,-2.111
Norway,NOR,2025,-2.111
Oceania,OWID_OCE,1950,-1.9113333
Oceania,OWID_OCE,1951,-1.8571666
Oceania,OWID_OCE,1952,-2.023
Oceania,OWID_OCE,1953,-2.023
Oceania,OWID_OCE,1954,-2.023
Oceania,OWID_OCE,1955,-2.023
Oceania,OWID_OCE,1956,-2.023
Oceania,OWID_OCE,1957,-2.023
Oceania,OWID_OCE,1958,-2.023
Oceania,OWID_OCE,1959,-2.023
Oceania,OWID_OCE,1960,-2.023
Oceania,OWID_OCE,1961,-2.023
Oceania,OWID_OCE,1962,-2.023
Oceania,OWID_OCE,1963,-1.9516666
Oceania,OWID_OCE,1964,-1.9516666
Oceania,OWID_OCE,1965,-1.9516666
Oceania,OWID_OCE,1966,-1.9516666
Oceania,OWID_OCE,1967,-1.9386666
Oceania,OWID_OCE,1968,-1.9386666
Oceania,OWID_OCE,1969,-1.9386666
Oceania,OWID_OCE,1970,-1.8528333
Oceania,OWID_OCE,1971,-1.8136667
Oceania,OWID_OCE,1972,-1.8136667
Oceania,OWID_OCE,1973,-1.6955
Oceania,OWID_OCE,1974,-1.6955
Oceania,OWID_OCE,1975,-1.6274999
Oceania,OWID_OCE,1976,-1.3806666
Oceania,OWID_OCE,1977,-1.3361666
Oceania,OWID_OCE,1978,-1.3361666
Oceania,OWID_OCE,1979,-1.2373333
Oceania,OWID_OCE,1980,-1.3393333
Oceania,OWID_OCE,1981,-1.249
Oceania,OWID_OCE,1982,-1.4041667
Oceania,OWID_OCE,1983,-1.4041667
Oceania,OWID_OCE,1984,-1.5291667
Oceania,OWID_OCE,1985,-1.5291667
Oceania,OWID_OCE,1986,-1.516
Oceania,OWID_OCE,1987,-1.4728333
Oceania,OWID_OCE,1988,-1.503
Oceania,OWID_OCE,1989,-1.503
Oceania,OWID_OCE,1990,-1.503
Oceania,OWID_OCE,1991,-1.503
Oceania,OWID_OCE,1992,-1.5073333
Oceania,OWID_OCE,1993,-1.5465
Oceania,OWID_OCE,1994,-1.5465
Oceania,OWID_OCE,1995,-1.3236667
Oceania,OWID_OCE,1996,-1.2866666
Oceania,OWID_OCE,1997,-1.2933333
Oceania,OWID_OCE,1998,-1.2588333
Oceania,OWID_OCE,1999,-1.2196666
Oceania,OWID_OCE,2000,-1.387
Oceania,OWID_OCE,2001,-1.3931667
Oceania,OWID_OCE,2002,-1.4228333
Oceania,OWID_OCE,2003,-1.4558333
Oceania,OWID_OCE,2004,-1.4558333
Oceania,OWID_OCE,2005,-1.4558333
Oceania,OWID_OCE,2006,-1.4716667
Oceania,OWID_OCE,2007,-1.5461667
Oceania,OWID_OCE,2008,-1.5550001
Oceania,OWID_OCE,2009,-1.5433333
Oceania,OWID_OCE,2010,-1.4916667
Oceania,OWID_OCE,2011,-1.459
Oceania,OWID_OCE,2012,-1.459
Oceania,OWID_OCE,2013,-1.5463333
Oceania,OWID_OCE,2014,-1.5341667
Oceania,OWID_OCE,2015,-1.5575
Oceania,OWID_OCE,2016,-1.5211667
Oceania,OWID_OCE,2017,-1.3811667
Oceania,OWID_OCE,2018,-1.5423334
Oceania,OWID_OCE,2019,-1.4115
Oceania,OWID_OCE,2020,-1.4481666
Oceania,OWID_OCE,2021,-1.1881666
Oceania,OWID_OCE,2022,-1.2158333
Oceania,OWID_OCE,2023,-1.3021667
Oceania,OWID_OCE,2024,-1.1066
Oceania,OWID_OCE,2025,-1.2656
Oceania (population-weighted),,1950,-2.029236
Oceania (population-weighted),,1951,-1.8784374
Oceania (population-weighted),,1952,-2.034229
Oceania (population-weighted),,1953,-2.0349777
Oceania (population-weighted),,1954,-2.0358014
Oceania (population-weighted),,1955,-2.036137
Oceania (population-weighted),,1956,-2.0363424
Oceania (population-weighted),,1957,-2.0368881
Oceania (population-weighted),,1958,-2.0376773
Oceania (population-weighted),,1959,-2.0383096
Oceania (population-weighted),,1960,-2.038718
Oceania (population-weighted),,1961,-2.039083
Oceania (population-weighted),,1962,-2.0395758
Oceania (population-weighted),,1963,-2.028285
Oceania (population-weighted),,1964,-2.0282404
Oceania (population-weighted),,1965,-2.0278811
Oceania (population-weighted),,1966,-2.0275588
Oceania (population-weighted),,1967,-1.8545222
Oceania (population-weighted),,1968,-1.8543315
Oceania (population-weighted),,1969,-1.8538321
Oceania (population-weighted),,1970,-1.5533226
Oceania (population-weighted),,1971,-1.54342
Oceania (population-weighted),,1972,-1.54282
Oceania (population-weighted),,1973,-1.4392508
Oceania (population-weighted),,1974,-1.4410924
Oceania (population-weighted),,1975,-1.3875917
Oceania (population-weighted),,1976,-1.1970738
Oceania (population-weighted),,1977,-1.1947985
Oceania (population-weighted),,1978,-1.193451
Oceania (population-weighted),,1979,-1.1913292
Oceania (population-weighted),,1980,-1.1916108
Oceania (population-weighted),,1981,-1.0942771
Oceania (population-weighted),,1982,-1.1919613
Oceania (population-weighted),,1983,-1.1914629
Oceania (population-weighted),,1984,-1.2951447
Oceania (population-weighted),,1985,-1.2933011
Oceania (population-weighted),,1986,-1.2886904
Oceania (population-weighted),,1987,-1.2788029
Oceania (population-weighted),,1988,-1.282359
Oceania (population-weighted),,1989,-1.2804093
Oceania (population-weighted),,1990,-1.2807773
Oceania (population-weighted),,1991,-1.2820404
Oceania (population-weighted),,1992,-1.2823308
Oceania (population-weighted),,1993,-1.4247359
Oceania (population-weighted),,1994,-1.4233599
Oceania (population-weighted),,1995,-1.4017725
Oceania (population-weighted),,1996,-1.256305
Oceania (population-weighted),,1997,-1.2562263
Oceania (population-weighted),,1998,-1.252826
Oceania (population-weighted),,1999,-1.2457014
Oceania (population-weighted),,2000,-1.5015081
Oceania (population-weighted),,2001,-1.5037472
Oceania (population-weighted),,2002,-1.50921
Oceania (population-weighted),,2003,-1.5179778
Oceania (population-weighted),,2004,-1.5208533
Oceania (population-weighted),,2005,-1.5231444
Oceania (population-weighted),,2006,-1.5249939
Oceania (population-weighted),,2007,-1.5335075
Oceania (population-weighted),,2008,-1.5351332
Oceania (population-weighted),,2009,-1.533793
Oceania (population-weighted),,2010,-1.4468243
Oceania (population-weighted),,2011,-1.4043962
Oceania (population-weighted),,2012,-1.4033797
Oceania (population-weighted),,2013,-1.4542159
Oceania (population-weighted),,2014,-1.4059136
Oceania (population-weighted),,2015,-1.4106601
Oceania (population-weighted),,2016,-1.3630567
Oceania (population-weighted),,2017,-1.2627281
Oceania (population-weighted),,2018,-1.4129784
Oceania (population-weighted),,2019,-1.2500985
Oceania (population-weighted),,2020,-1.2498524
Oceania (population-weighted),,2021,-1.1818533
Oceania (population-weighted),,2022,-1.1364987
Oceania (population-weighted),,2023,-1.1462734
Oceania (population-weighted),,2024,-1.0907383
Oceania (population-weighted),,2025,-1.125963
Oman,OMN,1950,-0.758
Oman,OMN,1951,-0.758
Oman,OMN,1952,-0.758
Oman,OMN,1953,-0.758
Oman,OMN,1954,-0.758
Oman,OMN,1955,-0.758
Oman,OMN,1956,-0.758
Oman,OMN,1957,-0.613
Oman,OMN,1958,-0.613
Oman,OMN,1959,-0.613
Oman,OMN,1960,-0.613
Oman,OMN,1961,-0.613
Oman,OMN,1962,-0.613
Oman,OMN,1963,-0.613
Oman,OMN,1964,-0.613
Oman,OMN,1965,-0.268
Oman,OMN,1966,-0.268
Oman,OMN,1967,-0.268
Oman,OMN,1968,-0.268
Oman,OMN,1969,-0.268
Oman,OMN,1970,-0.361
Oman,OMN,1971,-0.361
Oman,OMN,1972,-0.361
Oman,OMN,1973,-0.361
Oman,OMN,1974,-0.361
Oman,OMN,1975,-0.361
Oman,OMN,1976,-2.825
Oman,OMN,1977,-2.825
Oman,OMN,1978,-2.972
Oman,OMN,1979,-2.972
Oman,OMN,1980,-2.972
Oman,OMN,1981,-2.972
Oman,OMN,1982,-2.972
Oman,OMN,1983,-2.52
Oman,OMN,1984,-2.52
Oman,OMN,1985,-2.52
Oman,OMN,1986,-2.52
Oman,OMN,1987,-2.52
Oman,OMN,1988,-2.52
Oman,OMN,1989,-2.52
Oman,OMN,1990,-2.52
Oman,OMN,1991,-2.52
Oman,OMN,1992,-2.52
Oman,OMN,1993,-2.52
Oman,OMN,1994,-2.52
Oman,OMN,1995,-2.52
Oman,OMN,1996,-2.52
Oman,OMN,1997,-2.52
Oman,OMN,1998,-2.52
Oman,OMN,1999,-2.52
Oman,OMN,2000,-2.52
Oman,OMN,2001,-2.52
Oman,OMN,2002,-2.52
Oman,OMN,2003,-2.52
Oman,OMN,2004,-2.52
Oman,OMN,2005,-2.52
Oman,OMN,2006,-2.52
Oman,OMN,2007,-2.52
Oman,OMN,2008,-2.52
Oman,OMN,2009,-2.52
Oman,OMN,2010,-2.52
Oman,OMN,2011,-1.598
Oman,OMN,2012,-1.598
Oman,OMN,2013,-1.598
Oman,OMN,2014,-1.598
Oman,OMN,2015,-1.405
Oman,OMN,2016,-1.405
Oman,OMN,2017,-1.405
Oman,OMN,2018,-1.405
Oman,OMN,2019,-1.405
Oman,OMN,2020,-2.988
Oman,OMN,2021,-2.988
Oman,OMN,2022,-3.188
Oman,OMN,2023,-2.974
Oman,OMN,2024,-2.974
Oman,OMN,2025,-2.974
Pakistan,PAK,1950,-2.097
Pakistan,PAK,1951,-1.771
Pakistan,PAK,1952,-1.771
Pakistan,PAK,1953,-1.771
Pakistan,PAK,1954,-1.442
Pakistan,PAK,1955,-1.442
Pakistan,PAK,1956,-1.442
Pakistan,PAK,1957,-1.442
Pakistan,PAK,1958,-1.442
Pakistan,PAK,1959,-1.442
Pakistan,PAK,1960,-1.442
Pakistan,PAK,1961,-1.442
Pakistan,PAK,1962,-1.442
Pakistan,PAK,1963,-1.442
Pakistan,PAK,1964,-1.442
Pakistan,PAK,1965,-1.442
Pakistan,PAK,1966,-1.213
Pakistan,PAK,1967,-0.842
Pakistan,PAK,1968,-0.766
Pakistan,PAK,1969,-0.634
Pakistan,PAK,1970,-0.558
Pakistan,PAK,1971,-0.487
Pakistan,PAK,1972,-1.111
Pakistan,PAK,1973,-1.578
Pakistan,PAK,1974,-1.342
Pakistan,PAK,1975,-1.342
Pakistan,PAK,1976,-1.093
Pakistan,PAK,1977,-0.637
Pakistan,PAK,1978,-1.098
Pakistan,PAK,1979,-1.323
Pakistan,PAK,1980,-1.559
Pakistan,PAK,1981,-1.559
Pakistan,PAK,1982,-1.559
Pakistan,PAK,1983,-1.559
Pakistan,PAK,1984,-1.559
Pakistan,PAK,1985,-1.559
Pakistan,PAK,1986,-1.31
Pakistan,PAK,1987,-1.31
Pakistan,PAK,1988,-1.082
Pakistan,PAK,1989,-0.984
Pakistan,PAK,1990,-0.99
Pakistan,PAK,1991,-0.99
Pakistan,PAK,1992,-0.99
Pakistan,PAK,1993,-0.99
Pakistan,PAK,1994,-0.99
Pakistan,PAK,1995,-0.99
Pakistan,PAK,1996,-1.203
Pakistan,PAK,1997,-1.203
Pakistan,PAK,1998,-1.203
Pakistan,PAK,1999,-1.203
Pakistan,PAK,2000,-1.11
Pakistan,PAK,2001,-0.958
Pakistan,PAK,2002,-0.662
Pakistan,PAK,2003,-0.662
Pakistan,PAK,2004,-0.662
Pakistan,PAK,2005,-0.662
Pakistan,PAK,2006,-0.662
Pakistan,PAK,2007,-0.662
Pakistan,PAK,2008,-0.769
Pakistan,PAK,2009,-0.903
Pakistan,PAK,2010,-0.903
Pakistan,PAK,2011,-0.903
Pakistan,PAK,2012,-0.771
Pakistan,PAK,2013,-0.897
Pakistan,PAK,2014,-0.897
Pakistan,PAK,2015,-0.762
Pakistan,PAK,2016,-0.762
Pakistan,PAK,2017,-0.762
Pakistan,PAK,2018,-0.776
Pakistan,PAK,2019,-0.776
Pakistan,PAK,2020,-0.658
Pakistan,PAK,2021,0.124
Pakistan,PAK,2022,0.697
Pakistan,PAK,2023,1.314
Pakistan,PAK,2024,0.986
Pakistan,PAK,2025,0.986
Palestine/Gaza,,1950,-0.812
Palestine/Gaza,,1951,-0.812
Palestine/Gaza,,1952,-0.812
Palestine/Gaza,,1953,-0.812
Palestine/Gaza,,1954,-0.812
Palestine/Gaza,,1955,-0.812
Palestine/Gaza,,1956,-0.812
Palestine/Gaza,,1957,-0.812
Palestine/Gaza,,1958,-0.812
Palestine/Gaza,,1959,-0.812
Palestine/Gaza,,1960,-0.443
Palestine/Gaza,,1961,-0.443
Palestine/Gaza,,1962,-0.443
Palestine/Gaza,,1963,-0.443
Palestine/Gaza,,1964,-0.443
Palestine/Gaza,,1965,-0.443
Palestine/Gaza,,1966,-0.443
Palestine/Gaza,,2007,0.882
Palestine/Gaza,,2008,0.882
Palestine/Gaza,,2009,0.882
Palestine/Gaza,,2010,0.882
Palestine/Gaza,,2011,0.882
Palestine/Gaza,,2012,0.882
Palestine/Gaza,,2013,0.882
Palestine/Gaza,,2014,0.854
Palestine/Gaza,,2015,0.854
Palestine/Gaza,,2016,0.854
Palestine/Gaza,,2017,0.854
Palestine/Gaza,,2018,0.854
Palestine/Gaza,,2019,0.854
Palestine/Gaza,,2020,0.575
Palestine/Gaza,,2021,0.813
Palestine/Gaza,,2022,0.813
Palestine/Gaza,,2023,0.333
Palestine/Gaza,,2024,0.783
Palestine/Gaza,,2025,0.131
Palestine/West Bank,,1967,-1.173
Palestine/West Bank,,1968,-1.173
Palestine/West Bank,,1969,-1.649
Palestine/West Bank,,1970,-1.586
Palestine/West Bank,,1971,-1.586
Palestine/West Bank,,1972,-1.586
Palestine/West Bank,,1973,-1.586
Palestine/West Bank,,1974,-1.586
Palestine/West Bank,,1975,-1.586
Palestine/West Bank,,1976,-1.317
Palestine/West Bank,,1977,-1.317
Palestine/West Bank,,1978,-1.162
Palestine/West Bank,,1979,-1.357
Palestine/West Bank,,1980,-1.357
Palestine/West Bank,,1981,-1.357
Palestine/West Bank,,1982,-1.357
Palestine/West Bank,,1983,-1.357
Palestine/West Bank,,1984,-1.357
Palestine/West Bank,,1985,-1.357
Palestine/West Bank,,1986,-1.357
Palestine/West Bank,,1987,-1.038
Palestine/West Bank,,1988,-1.297
Palestine/West Bank,,1989,-1.297
Palestine/West Bank,,1990,-1.297
Palestine/West Bank,,1991,-1.297
Palestine/West Bank,,1992,-1.297
Palestine/West Bank,,1993,-1.297
Palestine/West Bank,,1994,-1.147
Palestine/West Bank,,1995,-1.151
Palestine/West Bank,,1996,-1.292
Palestine/West Bank,,1997,-1.292
Palestine/West Bank,,1998,-1.088
Palestine/West Bank,,1999,-1.088
Palestine/West Bank,,2000,-1.227
Palestine/West Bank,,2001,-1.227
Palestine/West Bank,,2002,-1.227
Palestine/West Bank,,2003,-1.227
Palestine/West Bank,,2004,-1.227
Palestine/West Bank,,2005,-1.227
Palestine/West Bank,,2006,-0.717
Palestine/West Bank,,2007,-0.717
Palestine/West Bank,,2008,-0.823
Palestine/West Bank,,2009,-0.823
Palestine/West Bank,,2010,-0.823
Palestine/West Bank,,2011,-0.823
Palestine/West Bank,,2012,-0.695
Palestine/West Bank,,2013,-0.695
Palestine/West Bank,,2014,-0.695
Palestine/West Bank,,2015,-0.739
Palestine/West Bank,,2016,-0.739
Palestine/West Bank,,2017,-0.739
Palestine/West Bank,,2018,-0.739
Palestine/West Bank,,2019,-0.739
Palestine/West Bank,,2020,-0.739
Palestine/West Bank,,2021,-0.246
Palestine/West Bank,,2022,-0.006
Palestine/West Bank,,2023,-0.006
Palestine/West Bank,,2024,0.042
Palestine/West Bank,,2025,0.042
Panama,PAN,1950,-0.857
Panama,PAN,1951,-0.857
Panama,PAN,1952,-0.857
Panama,PAN,1953,-0.857
Panama,PAN,1954,-0.857
Panama,PAN,1955,-0.857
Panama,PAN,1956,-0.857
Panama,PAN,1957,-0.857
Panama,PAN,1958,-0.857
Panama,PAN,1959,-0.857
Panama,PAN,1960,-0.857
Panama,PAN,1961,-0.857
Panama,PAN,1962,-0.857
Panama,PAN,1963,-0.857
Panama,PAN,1964,-0.857
Panama,PAN,1965,-0.374
Panama,PAN,1966,-0.374
Panama,PAN,1967,-0.374
Panama,PAN,1968,0.386
Panama,PAN,1969,0.468
Panama,PAN,1970,0.288
Panama,PAN,1971,0.288
Panama,PAN,1972,0.288
Panama,PAN,1973,0.288
Panama,PAN,1974,0.288
Panama,PAN,1975,0.288
Panama,PAN,1976,0.288
Panama,PAN,1977,0.288
Panama,PAN,1978,0.288
Panama,PAN,1979,0.288
Panama,PAN,1980,0.288
Panama,PAN,1981,0.728
Panama,PAN,1982,0.728
Panama,PAN,1983,0.491
Panama,PAN,1984,0.491
Panama,PAN,1985,0.721
Panama,PAN,1986,0.721
Panama,PAN,1987,1.326
Panama,PAN,1988,1.326
Panama,PAN,1989,0.916
Panama,PAN,1990,-0.803
Panama,PAN,1991,-0.991
Panama,PAN,1992,-0.991
Panama,PAN,1993,-0.991
Panama,PAN,1994,-0.991
Panama,PAN,1995,-0.991
Panama,PAN,1996,-0.991
Panama,PAN,1997,-0.991
Panama,PAN,1998,-0.991
Panama,PAN,1999,-0.873
Panama,PAN,2000,-0.873
Panama,PAN,2001,-0.873
Panama,PAN,2002,-0.873
Panama,PAN,2003,-0.873
Panama,PAN,2004,-0.948
Panama,PAN,2005,-0.948
Panama,PAN,2006,-0.948
Panama,PAN,2007,-0.948
Panama,PAN,2008,-0.948
Panama,PAN,2009,-0.853
Panama,PAN,2010,-0.853
Panama,PAN,2011,-0.853
Panama,PAN,2012,-0.853
Panama,PAN,2013,-0.853
Panama,PAN,2014,-0.853
Panama,PAN,2015,-0.853
Panama,PAN,2016,-0.853
Panama,PAN,2017,-0.853
Panama,PAN,2018,-0.623
Panama,PAN,2019,-0.961
Panama,PAN,2020,-0.961
Panama,PAN,2021,-0.961
Panama,PAN,2022,-0.961
Panama,PAN,2023,-0.835
Panama,PAN,2024,-1.13
Panama,PAN,2025,-1.13
Papua New Guinea,PNG,1950,-3.095
Papua New Guinea,PNG,1951,-3.095
Papua New Guinea,PNG,1952,-3.095
Papua New Guinea,PNG,1953,-3.095
Papua New Guinea,PNG,1954,-3.095
Papua New Guinea,PNG,1955,-3.095
Papua New Guinea,PNG,1956,-3.095
Papua New Guinea,PNG,1957,-3.095
Papua New Guinea,PNG,1958,-3.095
Papua New Guinea,PNG,1959,-3.095
Papua New Guinea,PNG,1960,-3.095
Papua New Guinea,PNG,1961,-3.095
Papua New Guinea,PNG,1962,-3.095
Papua New Guinea,PNG,1963,-3.095
Papua New Guinea,PNG,1964,-3.095
Papua New Guinea,PNG,1965,-3.095
Papua New Guinea,PNG,1966,-3.095
Papua New Guinea,PNG,1967,-3.095
Papua New Guinea,PNG,1968,-3.095
Papua New Guinea,PNG,1969,-3.095
Papua New Guinea,PNG,1970,-2.679
Papua New Guinea,PNG,1971,-2.679
Papua New Guinea,PNG,1972,-2.679
Papua New Guinea,PNG,1973,-2.679
Papua New Guinea,PNG,1974,-2.679
Papua New Guinea,PNG,1975,-2.271
Papua New Guinea,PNG,1976,-0.895
Papua New Guinea,PNG,1977,-0.895
Papua New Guinea,PNG,1978,-0.895
Papua New Guinea,PNG,1979,-0.895
Papua New Guinea,PNG,1980,-0.895
Papua New Guinea,PNG,1981,-0.895
Papua New Guinea,PNG,1982,-0.895
Papua New Guinea,PNG,1983,-0.895
Papua New Guinea,PNG,1984,-0.895
Papua New Guinea,PNG,1985,-0.895
Papua New Guinea,PNG,1986,-0.895
Papua New Guinea,PNG,1987,-0.895
Papua New Guinea,PNG,1988,-0.895
Papua New Guinea,PNG,1989,-0.895
Papua New Guinea,PNG,1990,-0.895
Papua New Guinea,PNG,1991,-0.895
Papua New Guinea,PNG,1992,-0.895
Papua New Guinea,PNG,1993,-0.895
Papua New Guinea,PNG,1994,-0.895
Papua New Guinea,PNG,1995,-0.895
Papua New Guinea,PNG,1996,-0.895
Papua New Guinea,PNG,1997,-0.895
Papua New Guinea,PNG,1998,-0.895
Papua New Guinea,PNG,1999,-0.895
Papua New Guinea,PNG,2000,-2.085
Papua New Guinea,PNG,2001,-2.085
Papua New Guinea,PNG,2002,-2.085
Papua New Guinea,PNG,2003,-2.085
Papua New Guinea,PNG,2004,-2.085
Papua New Guinea,PNG,2005,-2.085
Papua New Guinea,PNG,2006,-2.085
Papua New Guinea,PNG,2007,-2.085
Papua New Guinea,PNG,2008,-2.085
Papua New Guinea,PNG,2009,-2.085
Papua New Guinea,PNG,2010,-1.658
Papua New Guinea,PNG,2011,-1.462
Papua New Guinea,PNG,2012,-1.462
Papua New Guinea,PNG,2013,-1.66
Papua New Guinea,PNG,2014,-1.66
Papua New Guinea,PNG,2015,-1.66
Papua New Guinea,PNG,2016,-1.442
Papua New Guinea,PNG,2017,-1.442
Papua New Guinea,PNG,2018,-1.663
Papua New Guinea,PNG,2019,-1.066
Papua New Guinea,PNG,2020,-1.066
Papua New Guinea,PNG,2021,-1.066
Papua New Guinea,PNG,2022,-1.066
Papua New Guinea,PNG,2023,-1.066
Papua New Guinea,PNG,2024,-1.066
Papua New Guinea,PNG,2025,-0.884
Paraguay,PRY,1950,1.357
Paraguay,PRY,1951,1.357
Paraguay,PRY,1952,1.357
Paraguay,PRY,1953,1.357
Paraguay,PRY,1954,1.203
Paraguay,PRY,1955,0.787
Paraguay,PRY,1956,0.787
Paraguay,PRY,1957,0.787
Paraguay,PRY,1958,0.787
Paraguay,PRY,1959,0.787
Paraguay,PRY,1960,0.787
Paraguay,PRY,1961,0.787
Paraguay,PRY,1962,0.787
Paraguay,PRY,1963,0.787
Paraguay,PRY,1964,0.787
Paraguay,PRY,1965,0.787
Paraguay,PRY,1966,0.787
Paraguay,PRY,1967,0.787
Paraguay,PRY,1968,0.568
Paraguay,PRY,1969,0.568
Paraguay,PRY,1970,0.568
Paraguay,PRY,1971,0.568
Paraguay,PRY,1972,0.568
Paraguay,PRY,1973,0.568
Paraguay,PRY,1974,0.568
Paraguay,PRY,1975,0.568
Paraguay,PRY,1976,0.568
Paraguay,PRY,1977,0.568
Paraguay,PRY,1978,0.568
Paraguay,PRY,1979,0.568
Paraguay,PRY,1980,0.568
Paraguay,PRY,1981,0.568
Paraguay,PRY,1982,0.568
Paraguay,PRY,1983,0.568
Paraguay,PRY,1984,0.568
Paraguay,PRY,1985,0.568
Paraguay,PRY,1986,0.568
Paraguay,PRY,1987,0.568
Paraguay,PRY,1988,0.568
Paraguay,PRY,1989,0.624
Paraguay,PRY,1990,-0.57
Paraguay,PRY,1991,-0.57
Paraguay,PRY,1992,-1.156
Paraguay,PRY,1993,-1.156
Paraguay,PRY,1994,-1.156
Paraguay,PRY,1995,-1.156
Paraguay,PRY,1996,-1.156
Paraguay,PRY,1997,-1.156
Paraguay,PRY,1998,-1.156
Paraguay,PRY,1999,-1.077
Paraguay,PRY,2000,-1.138
Paraguay,PRY,2001,-1.138
Paraguay,PRY,2002,-1.138
Paraguay,PRY,2003,-1.223
Paraguay,PRY,2004,-1.223
Paraguay,PRY,2005,-1.223
Paraguay,PRY,2006,-1.223
Paraguay,PRY,2007,-1.223
Paraguay,PRY,2008,-1.154
Paraguay,PRY,2009,-1.217
Paraguay,PRY,2010,-1.217
Paraguay,PRY,2011,-1.217
Paraguay,PRY,2012,-1.054
Paraguay,PRY,2013,-1.139
Paraguay,PRY,2014,-1.213
Paraguay,PRY,2015,-1.213
Paraguay,PRY,2016,-1.213
Paraguay,PRY,2017,-1.069
Paraguay,PRY,2018,-1.156
Paraguay,PRY,2019,-1.217
Paraguay,PRY,2020,-0.911
Paraguay,PRY,2021,-0.705
Paraguay,PRY,2022,-1.23
Paraguay,PRY,2023,-0.927
Paraguay,PRY,2024,-0.725
Paraguay,PRY,2025,-1.271
Peru,PER,1950,0.211
Peru,PER,1951,0.211
Peru,PER,1952,0.211
Peru,PER,1953,0.211
Peru,PER,1954,0.211
Peru,PER,1955,0.211
Peru,PER,1956,0.211
Peru,PER,1957,0.211
Peru,PER,1958,0.211
Peru,PER,1959,0.211
Peru,PER,1960,0.211
Peru,PER,1961,0.211
Peru,PER,1962,0.211
Peru,PER,1963,0.211
Peru,PER,1964,0.211
Peru,PER,1965,0.211
Peru,PER,1966,0.766
Peru,PER,1967,0.766
Peru,PER,1968,0.227
Peru,PER,1969,-0.32
Peru,PER,1970,-0.32
Peru,PER,1971,-0.32
Peru,PER,1972,-0.32
Peru,PER,1973,-0.32
Peru,PER,1974,-0.32
Peru,PER,1975,-0.32
Peru,PER,1976,0.954
Peru,PER,1977,0.954
Peru,PER,1978,0.954
Peru,PER,1979,0.954
Peru,PER,1980,0.226
Peru,PER,1981,0.226
Peru,PER,1982,0.226
Peru,PER,1983,0.226
Peru,PER,1984,0.226
Peru,PER,1985,0.226
Peru,PER,1986,0.226
Peru,PER,1987,0.226
Peru,PER,1988,0.226
Peru,PER,1989,0.226
Peru,PER,1990,0.226
Peru,PER,1991,0.226
Peru,PER,1992,0.681
Peru,PER,1993,0.681
Peru,PER,1994,0.681
Peru,PER,1995,0.681
Peru,PER,1996,0.681
Peru,PER,1997,0.681
Peru,PER,1998,0.681
Peru,PER,1999,0.681
Peru,PER,2000,1.222
Peru,PER,2001,-0.685
Peru,PER,2002,-0.685
Peru,PER,2003,-0.685
Peru,PER,2004,-0.685
Peru,PER,2005,-0.685
Peru,PER,2006,-0.357
Peru,PER,2007,-0.699
Peru,PER,2008,-0.699
Peru,PER,2009,-0.699
Peru,PER,2010,-0.162
Peru,PER,2011,-0.246
Peru,PER,2012,-0.194
Peru,PER,2013,-0.194
Peru,PER,2014,-0.194
Peru,PER,2015,-0.194
Peru,PER,2016,0.78
Peru,PER,2017,0.906
Peru,PER,2018,0.987
Peru,PER,2019,0.888
Peru,PER,2020,0.984
Peru,PER,2021,1.921
Peru,PER,2022,2.519
Peru,PER,2023,2.519
Peru,PER,2024,2.519
Peru,PER,2025,2.519
Philippines,PHL,1950,-1.167
Philippines,PHL,1951,-1.167
Philippines,PHL,1952,-1.167
Philippines,PHL,1953,-1.571
Philippines,PHL,1954,-1.571
Philippines,PHL,1955,-1.571
Philippines,PHL,1956,-1.571
Philippines,PHL,1957,-1.571
Philippines,PHL,1958,-1.571
Philippines,PHL,1959,-1.571
Philippines,PHL,1960,-1.571
Philippines,PHL,1961,-1.571
Philippines,PHL,1962,-1.571
Philippines,PHL,1963,-1.571
Philippines,PHL,1964,-1.571
Philippines,PHL,1965,-1.571
Philippines,PHL,1966,-1.571
Philippines,PHL,1967,-1.571
Philippines,PHL,1968,-1.571
Philippines,PHL,1969,-1.571
Philippines,PHL,1970,-1.571
Philippines,PHL,1971,-0.383
Philippines,PHL,1972,-0.233
Philippines,PHL,1973,-0.233
Philippines,PHL,1974,-0.233
Philippines,PHL,1975,-0.233
Philippines,PHL,1976,-0.233
Philippines,PHL,1977,-0.233
Philippines,PHL,1978,-0.233
Philippines,PHL,1979,-0.233
Philippines,PHL,1980,-0.233
Philippines,PHL,1981,-0.233
Philippines,PHL,1982,-0.233
Philippines,PHL,1983,-0.233
Philippines,PHL,1984,-0.233
Philippines,PHL,1985,-0.233
Philippines,PHL,1986,-1.142
Philippines,PHL,1987,-1.396
Philippines,PHL,1988,-1.396
Philippines,PHL,1989,-1.396
Philippines,PHL,1990,-1.396
Philippines,PHL,1991,-1.396
Philippines,PHL,1992,-1.396
Philippines,PHL,1993,-1.396
Philippines,PHL,1994,-1.396
Philippines,PHL,1995,-1.396
Philippines,PHL,1996,-1.396
Philippines,PHL,1997,-1.396
Philippines,PHL,1998,-1.396
Philippines,PHL,1999,-1.396
Philippines,PHL,2000,-1.144
Philippines,PHL,2001,-1.144
Philippines,PHL,2002,-1.287
Philippines,PHL,2003,-1.287
Philippines,PHL,2004,-1.287
Philippines,PHL,2005,-1.287
Philippines,PHL,2006,-1.287
Philippines,PHL,2007,-1.287
Philippines,PHL,2008,-1.287
Philippines,PHL,2009,-1.287
Philippines,PHL,2010,-1.447
Philippines,PHL,2011,-1.302
Philippines,PHL,2012,-1.302
Philippines,PHL,2013,-1.302
Philippines,PHL,2014,-1.302
Philippines,PHL,2015,-1.302
Philippines,PHL,2016,-0.779
Philippines,PHL,2017,-0.779
Philippines,PHL,2018,-0.717
Philippines,PHL,2019,-0.717
Philippines,PHL,2020,-0.654
Philippines,PHL,2021,-0.654
Philippines,PHL,2022,-0.654
Philippines,PHL,2023,0.506
Philippines,PHL,2024,0.506
Philippines,PHL,2025,0.506
Poland,POL,1950,2.161
Poland,POL,1951,2.161
Poland,POL,1952,2.161
Poland,POL,1953,2.493
Poland,POL,1954,2.135
Poland,POL,1955,2.135
Poland,POL,1956,1.895
Poland,POL,1957,1.643
Poland,POL,1958,1.459
Poland,POL,1959,1.459
Poland,POL,1960,1.317
Poland,POL,1961,1.317
Poland,POL,1962,1.317
Poland,POL,1963,1.317
Poland,POL,1964,1.317
Poland,POL,1965,1.417
Poland,POL,1966,1.417
Poland,POL,1967,1.554
Poland,POL,1968,1.947
Poland,POL,1969,1.947
Poland,POL,1970,1.731
Poland,POL,1971,1.496
Poland,POL,1972,1.191
Poland,POL,1973,1.191
Poland,POL,1974,1.191
Poland,POL,1975,1.339
Poland,POL,1976,1.862
Poland,POL,1977,1.613
Poland,POL,1978,1.613
Poland,POL,1979,1.613
Poland,POL,1980,1.916
Poland,POL,1981,2.108
Poland,POL,1982,2.156
Poland,POL,1983,2.156
Poland,POL,1984,2.156
Poland,POL,1985,2.156
Poland,POL,1986,1.965
Poland,POL,1987,2.064
Poland,POL,1988,1.229
Poland,POL,1989,0.798
Poland,POL,1990,-0.576
Poland,POL,1991,-0.455
Poland,POL,1992,0.043
Poland,POL,1993,-0.01
Poland,POL,1994,0.012
Poland,POL,1995,0.012
Poland,POL,1996,0.181
Poland,POL,1997,0.02
Poland,POL,1998,0.103
Poland,POL,1999,0.103
Poland,POL,2000,0.334
Poland,POL,2001,0.659
Poland,POL,2002,0.585
Poland,POL,2003,0.585
Poland,POL,2004,0.585
Poland,POL,2005,1.247
Poland,POL,2006,1.311
Poland,POL,2007,1.241
Poland,POL,2008,0.759
Poland,POL,2009,0.71
Poland,POL,2010,1.022
Poland,POL,2011,1.723
Poland,POL,2012,1.723
Poland,POL,2013,1.723
Poland,POL,2014,1.723
Poland,POL,2015,1.8
Poland,POL,2016,2.617
Poland,POL,2017,2.617
Poland,POL,2018,3.025
Poland,POL,2019,3.025
Poland,POL,2020,3.025
Poland,POL,2021,3.355
Poland,POL,2022,3.355
Poland,POL,2023,3.355
Poland,POL,2024,3.355
Poland,POL,2025,3.355
Portugal,PRT,1950,0.201
Portugal,PRT,1951,0.201
Portugal,PRT,1952,0.201
Portugal,PRT,1953,0.201
Portugal,PRT,1954,0.201
Portugal,PRT,1955,0.201
Portugal,PRT,1956,0.201
Portugal,PRT,1957,0.201
Portugal,PRT,1958,0.201
Portugal,PRT,1959,0.201
Portugal,PRT,1960,0.201
Portugal,PRT,1961,0.201
Portugal,PRT,1962,0.201
Portugal,PRT,1963,0.201
Portugal,PRT,1964,0.201
Portugal,PRT,1965,0.201
Portugal,PRT,1966,0.201
Portugal,PRT,1967,0.201
Portugal,PRT,1968,0.201
Portugal,PRT,1969,0.201
Portugal,PRT,1970,0.264
Portugal,PRT,1971,0.264
Portugal,PRT,1972,0.264
Portugal,PRT,1973,0.264
Portugal,PRT,1974,-0.077
Portugal,PRT,1975,0.217
Portugal,PRT,1976,-1.698
Portugal,PRT,1977,-1.698
Portugal,PRT,1978,-1.698
Portugal,PRT,1979,-1.698
Portugal,PRT,1980,-1.698
Portugal,PRT,1981,-1.698
Portugal,PRT,1982,-1.698
Portugal,PRT,1983,-1.988
Portugal,PRT,1984,-1.988
Portugal,PRT,1985,-1.988
Portugal,PRT,1986,-1.988
Portugal,PRT,1987,-1.988
Portugal,PRT,1988,-1.988
Portugal,PRT,1989,-1.988
Portugal,PRT,1990,-2.367
Portugal,PRT,1991,-2.367
Portugal,PRT,1992,-2.367
Portugal,PRT,1993,-2.367
Portugal,PRT,1994,-2.367
Portugal,PRT,1995,-2.367
Portugal,PRT,1996,-2.367
Portugal,PRT,1997,-2.367
Portugal,PRT,1998,-2.367
Portugal,PRT,1999,-2.367
Portugal,PRT,2000,-2.367
Portugal,PRT,2001,-2.367
Portugal,PRT,2002,-2.367
Portugal,PRT,2003,-2.367
Portugal,PRT,2004,-2.367
Portugal,PRT,2005,-2.367
Portugal,PRT,2006,-2.367
Portugal,PRT,2007,-2.367
Portugal,PRT,2008,-2.367
Portugal,PRT,2009,-2.367
Portugal,PRT,2010,-2.109
Portugal,PRT,2011,-2.109
Portugal,PRT,2012,-2.109
Portugal,PRT,2013,-2.109
Portugal,PRT,2014,-2.109
Portugal,PRT,2015,-2.26
Portugal,PRT,2016,-2.26
Portugal,PRT,2017,-2.26
Portugal,PRT,2018,-2.26
Portugal,PRT,2019,-2.26
Portugal,PRT,2020,-2.134
Portugal,PRT,2021,-1.055
Portugal,PRT,2022,-1.431
Portugal,PRT,2023,-1.189
Portugal,PRT,2024,-0.263
Portugal,PRT,2025,-0.641
Qatar,QAT,1950,-1.606
Qatar,QAT,1951,-1.606
Qatar,QAT,1952,-1.606
Qatar,QAT,1953,-1.606
Qatar,QAT,1954,-1.606
Qatar,QAT,1955,-1.606
Qatar,QAT,1956,-1.606
Qatar,QAT,1957,-1.606
Qatar,QAT,1958,-1.378
Qatar,QAT,1959,-1.378
Qatar,QAT,1960,-1.44
Qatar,QAT,1961,-1.589
Qatar,QAT,1962,-1.589
Qatar,QAT,1963,-1.589
Qatar,QAT,1964,-1.589
Qatar,QAT,1965,-1.589
Qatar,QAT,1966,-1.589
Qatar,QAT,1967,-1.589
Qatar,QAT,1968,-1.589
Qatar,QAT,1969,-1.589
Qatar,QAT,1970,-1.994
Qatar,QAT,1971,-1.489
Qatar,QAT,1972,-1.489
Qatar,QAT,1973,-2.01
Qatar,QAT,1974,-2.01
Qatar,QAT,1975,-2.01
Qatar,QAT,1976,-2.01
Qatar,QAT,1977,-2.01
Qatar,QAT,1978,-2.01
Qatar,QAT,1979,-2.01
Qatar,QAT,1980,-2.01
Qatar,QAT,1981,-2.01
Qatar,QAT,1982,-2.01
Qatar,QAT,1983,-2.01
Qatar,QAT,1984,-2.01
Qatar,QAT,1985,-2.01
Qatar,QAT,1986,-2.01
Qatar,QAT,1987,-2.01
Qatar,QAT,1988,-2.01
Qatar,QAT,1989,-2.01
Qatar,QAT,1990,-1.933
Qatar,QAT,1991,-1.933
Qatar,QAT,1992,-1.933
Qatar,QAT,1993,-1.933
Qatar,QAT,1994,-1.933
Qatar,QAT,1995,-1.693
Qatar,QAT,1996,-2.365
Qatar,QAT,1997,-2.365
Qatar,QAT,1998,-2.365
Qatar,QAT,1999,-2.365
Qatar,QAT,2000,-2.365
Qatar,QAT,2001,-2.365
Qatar,QAT,2002,-2.501
Qatar,QAT,2003,-2.501
Qatar,QAT,2004,-2.501
Qatar,QAT,2005,-2.501
Qatar,QAT,2006,-2.501
Qatar,QAT,2007,-2.501
Qatar,QAT,2008,-2.501
Qatar,QAT,2009,-2.501
Qatar,QAT,2010,-2.501
Qatar,QAT,2011,-2.501
Qatar,QAT,2012,-2.501
Qatar,QAT,2013,-2.501
Qatar,QAT,2014,-2.374
Qatar,QAT,2015,-2.374
Qatar,QAT,2016,-2.374
Qatar,QAT,2017,-2.374
Qatar,QAT,2018,-2.374
Qatar,QAT,2019,-2.374
Qatar,QAT,2020,-2.374
Qatar,QAT,2021,-2.078
Qatar,QAT,2022,-2.078
Qatar,QAT,2023,-2.078
Qatar,QAT,2024,-1.937
Qatar,QAT,2025,-1.937
Romania,ROU,1950,1.851
Romania,ROU,1951,1.851
Romania,ROU,1952,1.851
Romania,ROU,1953,1.553
Romania,ROU,1954,1.553
Romania,ROU,1955,1.553
Romania,ROU,1956,1.553
Romania,ROU,1957,1.553
Romania,ROU,1958,1.553
Romania,ROU,1959,1.553
Romania,ROU,1960,1.317
Romania,ROU,1961,1.317
Romania,ROU,1962,1.317
Romania,ROU,1963,1.317
Romania,ROU,1964,1.122
Romania,ROU,1965,1.122
Romania,ROU,1966,1.122
Romania,ROU,1967,1.122
Romania,ROU,1968,0.928
Romania,ROU,1969,0.928
Romania,ROU,1970,0.928
Romania,ROU,1971,0.928
Romania,ROU,1972,1.129
Romania,ROU,1973,1.129
Romania,ROU,1974,1.129
Romania,ROU,1975,1.129
Romania,ROU,1976,1.129
Romania,ROU,1977,1.129
Romania,ROU,1978,1.129
Romania,ROU,1979,1.875
Romania,ROU,1980,1.875
Romania,ROU,1981,1.875
Romania,ROU,1982,1.875
Romania,ROU,1983,1.875
Romania,ROU,1984,1.875
Romania,ROU,1985,1.875
Romania,ROU,1986,1.875
Romania,ROU,1987,1.875
Romania,ROU,1988,1.875
Romania,ROU,1989,1.875
Romania,ROU,1990,1.144
Romania,ROU,1991,1.144
Romania,ROU,1992,0.634
Romania,ROU,1993,0.496
Romania,ROU,1994,0.496
Romania,ROU,1995,0.496
Romania,ROU,1996,0.496
Romania,ROU,1997,0.336
Romania,ROU,1998,0.336
Romania,ROU,1999,0.796
Romania,ROU,2000,-0.053
Romania,ROU,2001,0.058
Romania,ROU,2002,0.058
Romania,ROU,2003,0.058
Romania,ROU,2004,0.058
Romania,ROU,2005,0.271
Romania,ROU,2006,0.271
Romania,ROU,2007,0.271
Romania,ROU,2008,0.271
Romania,ROU,2009,0.271
Romania,ROU,2010,0.271
Romania,ROU,2011,0.271
Romania,ROU,2012,0.271
Romania,ROU,2013,0.185
Romania,ROU,2014,0.185
Romania,ROU,2015,0.185
Romania,ROU,2016,0.185
Romania,ROU,2017,0.185
Romania,ROU,2018,0.185
Romania,ROU,2019,0.219
Romania,ROU,2020,0.333
Romania,ROU,2021,0.922
Romania,ROU,2022,1.129
Romania,ROU,2023,0.92
Romania,ROU,2024,2.553
Romania,ROU,2025,2.553
Russia,RUS,1950,0.978
Russia,RUS,1951,0.978
Russia,RUS,1952,0.978
Russia,RUS,1953,0.978
Russia,RUS,1954,0.978
Russia,RUS,1955,0.88
Russia,RUS,1956,0.88
Russia,RUS,1957,0.88
Russia,RUS,1958,0.88
Russia,RUS,1959,0.88
Russia,RUS,1960,0.429
Russia,RUS,1961,0.429
Russia,RUS,1962,0.429
Russia,RUS,1963,0.429
Russia,RUS,1964,0.429
Russia,RUS,1965,0.429
Russia,RUS,1966,0.429
Russia,RUS,1967,0.429
Russia,RUS,1968,0.429
Russia,RUS,1969,0.37
Russia,RUS,1970,0.37
Russia,RUS,1971,0.37
Russia,RUS,1972,0.37
Russia,RUS,1973,0.37
Russia,RUS,1974,0.37
Russia,RUS,1975,0.37
Russia,RUS,1976,0.37
Russia,RUS,1977,0.37
Russia,RUS,1978,0.37
Russia,RUS,1979,0.37
Russia,RUS,1980,0.37
Russia,RUS,1981,0.37
Russia,RUS,1982,0.37
Russia,RUS,1983,0.37
Russia,RUS,1984,0.199
Russia,RUS,1985,0.159
Russia,RUS,1986,0.159
Russia,RUS,1987,0.233
Russia,RUS,1988,0.058
Russia,RUS,1989,0.122
Russia,RUS,1990,0.491
Russia,RUS,1991,0.491
Russia,RUS,1992,0.491
Russia,RUS,1993,0.62
Russia,RUS,1994,0.422
Russia,RUS,1995,0.422
Russia,RUS,1996,0.342
Russia,RUS,1997,0.264
Russia,RUS,1998,0.264
Russia,RUS,1999,0.264
Russia,RUS,2000,0.13
Russia,RUS,2001,-0.172
Russia,RUS,2002,-0.172
Russia,RUS,2003,-0.172
Russia,RUS,2004,-0.216
Russia,RUS,2005,-0.393
Russia,RUS,2006,-0.393
Russia,RUS,2007,-0.393
Russia,RUS,2008,-0.393
Russia,RUS,2009,-0.393
Russia,RUS,2010,-0.254
Russia,RUS,2011,0.255
Russia,RUS,2012,0.348
Russia,RUS,2013,0.348
Russia,RUS,2014,0.879
Russia,RUS,2015,0.987
Russia,RUS,2016,0.905
Russia,RUS,2017,0.905
Russia,RUS,2018,0.825
Russia,RUS,2019,0.825
Russia,RUS,2020,1.285
Russia,RUS,2021,1.371
Russia,RUS,2022,2.048
Russia,RUS,2023,1.242
Russia,RUS,2024,1.242
Russia,RUS,2025,1.242
Rwanda,RWA,1950,0.559
Rwanda,RWA,1951,0.559
Rwanda,RWA,1952,0.559
Rwanda,RWA,1953,0.559
Rwanda,RWA,1954,0.559
Rwanda,RWA,1955,0.559
Rwanda,RWA,1956,0.559
Rwanda,RWA,1957,1.107
Rwanda,RWA,1958,1.107
Rwanda,RWA,1959,2.186
Rwanda,RWA,1960,2.186
Rwanda,RWA,1961,2.186
Rwanda,RWA,1962,1.254
Rwanda,RWA,1963,1.254
Rwanda,RWA,1964,1.465
Rwanda,RWA,1965,0.971
Rwanda,RWA,1966,0.971
Rwanda,RWA,1967,1.466
Rwanda,RWA,1968,0.992
Rwanda,RWA,1969,0.992
Rwanda,RWA,1970,0.992
Rwanda,RWA,1971,0.992
Rwanda,RWA,1972,1.439
Rwanda,RWA,1973,1.225
Rwanda,RWA,1974,0.492
Rwanda,RWA,1975,0.492
Rwanda,RWA,1976,0.492
Rwanda,RWA,1977,0.492
Rwanda,RWA,1978,0.492
Rwanda,RWA,1979,0.492
Rwanda,RWA,1980,0.541
Rwanda,RWA,1981,0.541
Rwanda,RWA,1982,0.541
Rwanda,RWA,1983,0.541
Rwanda,RWA,1984,0.541
Rwanda,RWA,1985,0.541
Rwanda,RWA,1986,0.541
Rwanda,RWA,1987,0.541
Rwanda,RWA,1988,0.541
Rwanda,RWA,1989,0.541
Rwanda,RWA,1990,0.903
Rwanda,RWA,1991,1.282
Rwanda,RWA,1992,1.282
Rwanda,RWA,1993,1.282
Rwanda,RWA,1994,1.937
Rwanda,RWA,1995,0.736
Rwanda,RWA,1996,0.736
Rwanda,RWA,1997,1.005
Rwanda,RWA,1998,1.005
Rwanda,RWA,1999,1.005
Rwanda,RWA,2000,0.568
Rwanda,RWA,2001,0.568
Rwanda,RWA,2002,0.568
Rwanda,RWA,2003,0.568
Rwanda,RWA,2004,0.74
Rwanda,RWA,2005,0.74
Rwanda,RWA,2006,0.74
Rwanda,RWA,2007,0.74
Rwanda,RWA,2008,0.74
Rwanda,RWA,2009,0.74
Rwanda,RWA,2010,0.781
Rwanda,RWA,2011,0.781
Rwanda,RWA,2012,0.781
Rwanda,RWA,2013,0.781
Rwanda,RWA,2014,0.781
Rwanda,RWA,2015,0.781
Rwanda,RWA,2016,0.781
Rwanda,RWA,2017,0.781
Rwanda,RWA,2018,0.781
Rwanda,RWA,2019,0.781
Rwanda,RWA,2020,0.781
Rwanda,RWA,2021,0.781
Rwanda,RWA,2022,0.781
Rwanda,RWA,2023,0.779
Rwanda,RWA,2024,-1.603
Rwanda,RWA,2025,0.428
Sao Tome and Principe,STP,1950,0.367
Sao Tome and Principe,STP,1951,0.367
Sao Tome and Principe,STP,1952,0.367
Sao Tome and Principe,STP,1953,0.367
Sao Tome and Principe,STP,1954,0.367
Sao Tome and Principe,STP,1955,0.367
Sao Tome and Principe,STP,1956,0.367
Sao Tome and Principe,STP,1957,0.367
Sao Tome and Principe,STP,1958,0.367
Sao Tome and Principe,STP,1959,0.367
Sao Tome and Principe,STP,1960,0.367
Sao Tome and Principe,STP,1961,0.367
Sao Tome and Principe,STP,1962,0.367
Sao Tome and Principe,STP,1963,0.367
Sao Tome and Principe,STP,1964,0.367
Sao Tome and Principe,STP,1965,0.367
Sao Tome and Principe,STP,1966,0.367
Sao Tome and Principe,STP,1967,0.367
Sao Tome and Principe,STP,1968,0.367
Sao Tome and Principe,STP,1969,0.367
Sao Tome and Principe,STP,1970,0.367
Sao Tome and Principe,STP,1971,0.367
Sao Tome and Principe,STP,1972,0.367
Sao Tome and Principe,STP,1973,0.367
Sao Tome and Principe,STP,1974,0.367
Sao Tome and Principe,STP,1975,-0.672
Sao Tome and Principe,STP,1976,-1.72
Sao Tome and Principe,STP,1977,-1.72
Sao Tome and Principe,STP,1978,-1.72
Sao Tome and Principe,STP,1979,-1.72
Sao Tome and Principe,STP,1980,-2.029
Sao Tome and Principe,STP,1981,-2.029
Sao Tome and Principe,STP,1982,-2.029
Sao Tome and Principe,STP,1983,-2.029
Sao Tome and Principe,STP,1984,-2.029
Sao Tome and Principe,STP,1985,-2.029
Sao Tome and Principe,STP,1986,-2.029
Sao Tome and Principe,STP,1987,-2.029
Sao Tome and Principe,STP,1988,-2.029
Sao Tome and Principe,STP,1989,-2.029
Sao Tome and Principe,STP,1990,-2.158
Sao Tome and Principe,STP,1991,-2.219
Sao Tome and Principe,STP,1992,-2.219
Sao Tome and Principe,STP,1993,-2.219
Sao Tome and Principe,STP,1994,-2.219
Sao Tome and Principe,STP,1995,-2.219
Sao Tome and Principe,STP,1996,-2.219
Sao Tome and Principe,STP,1997,-2.219
Sao Tome and Principe,STP,1998,-2.219
Sao Tome and Principe,STP,1999,-2.219
Sao Tome and Principe,STP,2000,-2.219
Sao Tome and Principe,STP,2001,-2.219
Sao Tome and Principe,STP,2002,-2.219
Sao Tome and Principe,STP,2003,-2.219
Sao Tome and Principe,STP,2004,-2.219
Sao Tome and Principe,STP,2005,-2.219
Sao Tome and Principe,STP,2006,-2.219
Sao Tome and Principe,STP,2007,-2.219
Sao Tome and Principe,STP,2008,-2.219
Sao Tome and Principe,STP,2009,-2.219
Sao Tome and Principe,STP,2010,-2.219
Sao Tome and Principe,STP,2011,-2.219
Sao Tome and Principe,STP,2012,-2.219
Sao Tome and Principe,STP,2013,-2.219
Sao Tome and Principe,STP,2014,-2.219
Sao Tome and Principe,STP,2015,-2.219
Sao Tome and Principe,STP,2016,-2.219
Sao Tome and Principe,STP,2017,-2.132
Sao Tome and Principe,STP,2018,-2.132
Sao Tome and Principe,STP,2019,-2.132
Sao Tome and Principe,STP,2020,-2.132
Sao Tome and Principe,STP,2021,-2.751
Sao Tome and Principe,STP,2022,-2.372
Sao Tome and Principe,STP,2023,-2.372
Sao Tome and Principe,STP,2024,-2.372
Sao Tome and Principe,STP,2025,-2.372
Saudi Arabia,SAU,1950,-1.651
Saudi Arabia,SAU,1951,-1.651
Saudi Arabia,SAU,1952,-1.651
Saudi Arabia,SAU,1953,-1.651
Saudi Arabia,SAU,1954,-1.482
Saudi Arabia,SAU,1955,-1.482
Saudi Arabia,SAU,1956,-1.482
Saudi Arabia,SAU,1957,-1.482
Saudi Arabia,SAU,1958,-1.482
Saudi Arabia,SAU,1959,-1.482
Saudi Arabia,SAU,1960,-1.482
Saudi Arabia,SAU,1961,-1.482
Saudi Arabia,SAU,1962,-1.482
Saudi Arabia,SAU,1963,-1.482
Saudi Arabia,SAU,1964,-1.482
Saudi Arabia,SAU,1965,-1.658
Saudi Arabia,SAU,1966,-1.658
Saudi Arabia,SAU,1967,-1.658
Saudi Arabia,SAU,1968,-1.658
Saudi Arabia,SAU,1969,-1.658
Saudi Arabia,SAU,1970,-1.658
Saudi Arabia,SAU,1971,-1.658
Saudi Arabia,SAU,1972,-1.658
Saudi Arabia,SAU,1973,-1.658
Saudi Arabia,SAU,1974,-1.658
Saudi Arabia,SAU,1975,-1.658
Saudi Arabia,SAU,1976,-1.658
Saudi Arabia,SAU,1977,-1.658
Saudi Arabia,SAU,1978,-1.658
Saudi Arabia,SAU,1979,-1.543
Saudi Arabia,SAU,1980,-1.508
Saudi Arabia,SAU,1981,-1.508
Saudi Arabia,SAU,1982,-1.508
Saudi Arabia,SAU,1983,-1.508
Saudi Arabia,SAU,1984,-1.508
Saudi Arabia,SAU,1985,-1.508
Saudi Arabia,SAU,1986,-1.508
Saudi Arabia,SAU,1987,-1.401
Saudi Arabia,SAU,1988,-1.525
Saudi Arabia,SAU,1989,-1.617
Saudi Arabia,SAU,1990,-1.491
Saudi Arabia,SAU,1991,-1.491
Saudi Arabia,SAU,1992,-1.602
Saudi Arabia,SAU,1993,-1.602
Saudi Arabia,SAU,1994,-1.602
Saudi Arabia,SAU,1995,-1.602
Saudi Arabia,SAU,1996,-1.602
Saudi Arabia,SAU,1997,-1.602
Saudi Arabia,SAU,1998,-1.602
Saudi Arabia,SAU,1999,-1.602
Saudi Arabia,SAU,2000,-1.602
Saudi Arabia,SAU,2001,-1.602
Saudi Arabia,SAU,2002,-1.602
Saudi Arabia,SAU,2003,-1.602
Saudi Arabia,SAU,2004,-1.602
Saudi Arabia,SAU,2005,-1.559
Saudi Arabia,SAU,2006,-1.281
Saudi Arabia,SAU,2007,-1.352
Saudi Arabia,SAU,2008,-1.352
Saudi Arabia,SAU,2009,-1.352
Saudi Arabia,SAU,2010,-1.352
Saudi Arabia,SAU,2011,-1.258
Saudi Arabia,SAU,2012,-1.345
Saudi Arabia,SAU,2013,-1.263
Saudi Arabia,SAU,2014,-1.263
Saudi Arabia,SAU,2015,-1.127
Saudi Arabia,SAU,2016,-1.141
Saudi Arabia,SAU,2017,-1.188
Saudi Arabia,SAU,2018,-1.188
Saudi Arabia,SAU,2019,-1.188
Saudi Arabia,SAU,2020,-1.292
Saudi Arabia,SAU,2021,-1.354
Saudi Arabia,SAU,2022,-1.695
Saudi Arabia,SAU,2023,-1.695
Saudi Arabia,SAU,2024,-1.695
Saudi Arabia,SAU,2025,-1.695
Senegal,SEN,1950,-1.834
Senegal,SEN,1951,-1.834
Senegal,SEN,1952,-1.834
Senegal,SEN,1953,-1.834
Senegal,SEN,1954,-1.834
Senegal,SEN,1955,-1.834
Senegal,SEN,1956,-1.834
Senegal,SEN,1957,-1.834
Senegal,SEN,1958,-1.834
Senegal,SEN,1959,-1.834
Senegal,SEN,1960,-1.112
Senegal,SEN,1961,-0.305
Senegal,SEN,1962,0.366
Senegal,SEN,1963,0.022
Senegal,SEN,1964,-0.333
Senegal,SEN,1965,-0.333
Senegal,SEN,1966,-0.333
Senegal,SEN,1967,-0.333
Senegal,SEN,1968,0.386
Senegal,SEN,1969,0.386
Senegal,SEN,1970,-0.46
Senegal,SEN,1971,-0.46
Senegal,SEN,1972,-0.46
Senegal,SEN,1973,-0.46
Senegal,SEN,1974,-0.46
Senegal,SEN,1975,-0.46
Senegal,SEN,1976,-0.46
Senegal,SEN,1977,-0.46
Senegal,SEN,1978,-0.46
Senegal,SEN,1979,-0.46
Senegal,SEN,1980,-0.46
Senegal,SEN,1981,-0.131
Senegal,SEN,1982,-0.131
Senegal,SEN,1983,-0.131
Senegal,SEN,1984,-0.131
Senegal,SEN,1985,-0.131
Senegal,SEN,1986,-0.131
Senegal,SEN,1987,-0.131
Senegal,SEN,1988,0.593
Senegal,SEN,1989,0.593
Senegal,SEN,1990,1.19
Senegal,SEN,1991,-0.399
Senegal,SEN,1992,-0.657
Senegal,SEN,1993,0.896
Senegal,SEN,1994,0.896
Senegal,SEN,1995,-0.647
Senegal,SEN,1996,-0.647
Senegal,SEN,1997,-0.647
Senegal,SEN,1998,0.151
Senegal,SEN,1999,0.151
Senegal,SEN,2000,-1.227
Senegal,SEN,2001,-1.227
Senegal,SEN,2002,-1.227
Senegal,SEN,2003,-1.227
Senegal,SEN,2004,-1.227
Senegal,SEN,2005,-1.227
Senegal,SEN,2006,-1.227
Senegal,SEN,2007,-1.141
Senegal,SEN,2008,-1.141
Senegal,SEN,2009,-1.215
Senegal,SEN,2010,-1.215
Senegal,SEN,2011,-1.078
Senegal,SEN,2012,-0.992
Senegal,SEN,2013,-1.104
Senegal,SEN,2014,-1.104
Senegal,SEN,2015,-1.104
Senegal,SEN,2016,-0.888
Senegal,SEN,2017,-0.888
Senegal,SEN,2018,-0.888
Senegal,SEN,2019,-0.888
Senegal,SEN,2020,-0.914
Senegal,SEN,2021,-0.121
Senegal,SEN,2022,-0.13
Senegal,SEN,2023,0.014
Senegal,SEN,2024,-0.143
Senegal,SEN,2025,-0.143
Serbia,SRB,1950,-0.412
Serbia,SRB,1951,-0.412
Serbia,SRB,1952,-0.412
Serbia,SRB,1953,-0.412
Serbia,SRB,1954,-0.412
Serbia,SRB,1955,-0.412
Serbia,SRB,1956,-0.412
Serbia,SRB,1957,-0.412
Serbia,SRB,1958,-0.412
Serbia,SRB,1959,-0.412
Serbia,SRB,1960,-0.519
Serbia,SRB,1961,-0.519
Serbia,SRB,1962,-0.519
Serbia,SRB,1963,-0.519
Serbia,SRB,1964,-0.519
Serbia,SRB,1965,-0.519
Serbia,SRB,1966,-0.519
Serbia,SRB,1967,-0.519
Serbia,SRB,1968,-0.519
Serbia,SRB,1969,-0.519
Serbia,SRB,1970,-0.101
Serbia,SRB,1971,-0.101
Serbia,SRB,1972,-0.101
Serbia,SRB,1973,-0.101
Serbia,SRB,1974,-0.101
Serbia,SRB,1975,-0.101
Serbia,SRB,1976,-0.101
Serbia,SRB,1977,-0.101
Serbia,SRB,1978,-0.101
Serbia,SRB,1979,-0.101
Serbia,SRB,1980,-0.101
Serbia,SRB,1981,-0.101
Serbia,SRB,1982,-0.101
Serbia,SRB,1983,-0.101
Serbia,SRB,1984,-0.101
Serbia,SRB,1985,-0.101
Serbia,SRB,1986,-0.101
Serbia,SRB,1987,-0.101
Serbia,SRB,1988,-0.101
Serbia,SRB,1989,0.584
Serbia,SRB,1990,0.681
Serbia,SRB,1991,0.681
Serbia,SRB,1992,0.743
Serbia,SRB,1993,0.743
Serbia,SRB,1994,0.743
Serbia,SRB,1995,0.743
Serbia,SRB,1996,0.743
Serbia,SRB,1997,0.743
Serbia,SRB,1998,0.84
Serbia,SRB,1999,0.84
Serbia,SRB,2000,0.725
Serbia,SRB,2001,-0.047
Serbia,SRB,2002,-0.303
Serbia,SRB,2003,-0.303
Serbia,SRB,2004,-0.303
Serbia,SRB,2005,-0.303
Serbia,SRB,2006,-0.303
Serbia,SRB,2007,-0.303
Serbia,SRB,2008,-0.303
Serbia,SRB,2009,-0.303
Serbia,SRB,2010,-0.303
Serbia,SRB,2011,-0.303
Serbia,SRB,2012,-0.303
Serbia,SRB,2013,-0.254
Serbia,SRB,2014,-0.09
Serbia,SRB,2015,-0.09
Serbia,SRB,2016,-0.046
Serbia,SRB,2017,-0.046
Serbia,SRB,2018,-0.046
Serbia,SRB,2019,-0.046
Serbia,SRB,2020,0.179
Serbia,SRB,2021,1.041
Serbia,SRB,2022,0.547
Serbia,SRB,2023,1.005
Serbia,SRB,2024,1.16
Serbia,SRB,2025,1.367
Seychelles,SYC,1950,0.766
Seychelles,SYC,1951,0.766
Seychelles,SYC,1952,0.766
Seychelles,SYC,1953,0.766
Seychelles,SYC,1954,0.766
Seychelles,SYC,1955,0.766
Seychelles,SYC,1956,0.766
Seychelles,SYC,1957,0.766
Seychelles,SYC,1958,0.766
Seychelles,SYC,1959,0.766
Seychelles,SYC,1960,0.766
Seychelles,SYC,1961,0.766
Seychelles,SYC,1962,0.766
Seychelles,SYC,1963,0.766
Seychelles,SYC,1964,0.766
Seychelles,SYC,1965,0.766
Seychelles,SYC,1966,0.766
Seychelles,SYC,1967,0.766
Seychelles,SYC,1968,0.766
Seychelles,SYC,1969,0.766
Seychelles,SYC,1970,0.766
Seychelles,SYC,1971,0.766
Seychelles,SYC,1972,0.766
Seychelles,SYC,1973,0.766
Seychelles,SYC,1974,0.766
Seychelles,SYC,1975,0.766
Seychelles,SYC,1976,-0.194
Seychelles,SYC,1977,0.778
Seychelles,SYC,1978,0.778
Seychelles,SYC,1979,0.778
Seychelles,SYC,1980,0.778
Seychelles,SYC,1981,0.778
Seychelles,SYC,1982,0.778
Seychelles,SYC,1983,0.778
Seychelles,SYC,1984,0.778
Seychelles,SYC,1985,0.778
Seychelles,SYC,1986,0.778
Seychelles,SYC,1987,0.778
Seychelles,SYC,1988,0.778
Seychelles,SYC,1989,0.778
Seychelles,SYC,1990,1.044
Seychelles,SYC,1991,1.044
Seychelles,SYC,1992,1.044
Seychelles,SYC,1993,0.253
Seychelles,SYC,1994,0.253
Seychelles,SYC,1995,0.253
Seychelles,SYC,1996,0.253
Seychelles,SYC,1997,0.253
Seychelles,SYC,1998,0.253
Seychelles,SYC,1999,0.253
Seychelles,SYC,2000,0.253
Seychelles,SYC,2001,0.253
Seychelles,SYC,2002,0.253
Seychelles,SYC,2003,0.253
Seychelles,SYC,2004,0.253
Seychelles,SYC,2005,0.253
Seychelles,SYC,2006,0.253
Seychelles,SYC,2007,0.253
Seychelles,SYC,2008,0.253
Seychelles,SYC,2009,0.253
Seychelles,SYC,2010,0.253
Seychelles,SYC,2011,0.253
Seychelles,SYC,2012,0.253
Seychelles,SYC,2013,0.253
Seychelles,SYC,2014,0.253
Seychelles,SYC,2015,0.253
Seychelles,SYC,2016,0.533
Seychelles,SYC,2017,0.533
Seychelles,SYC,2018,0.533
Seychelles,SYC,2019,0.533
Seychelles,SYC,2020,0.288
Seychelles,SYC,2021,0.288
Seychelles,SYC,2022,0.288
Seychelles,SYC,2023,0.288
Seychelles,SYC,2024,0.422
Seychelles,SYC,2025,0.422
Sierra Leone,SLE,1950,-0.724
Sierra Leone,SLE,1951,-0.724
Sierra Leone,SLE,1952,-0.378
Sierra Leone,SLE,1953,-0.378
Sierra Leone,SLE,1954,-0.378
Sierra Leone,SLE,1955,-0.378
Sierra Leone,SLE,1956,-0.378
Sierra Leone,SLE,1957,-0.378
Sierra Leone,SLE,1958,-0.378
Sierra Leone,SLE,1959,-0.378
Sierra Leone,SLE,1960,-0.378
Sierra Leone,SLE,1961,-0.378
Sierra Leone,SLE,1962,-0.135
Sierra Leone,SLE,1963,-0.135
Sierra Leone,SLE,1964,-0.135
Sierra Leone,SLE,1965,-0.135
Sierra Leone,SLE,1966,-0.135
Sierra Leone,SLE,1967,-0.135
Sierra Leone,SLE,1968,0.246
Sierra Leone,SLE,1969,0.246
Sierra Leone,SLE,1970,0.246
Sierra Leone,SLE,1971,0.246
Sierra Leone,SLE,1972,0.246
Sierra Leone,SLE,1973,0.246
Sierra Leone,SLE,1974,0.246
Sierra Leone,SLE,1975,0.246
Sierra Leone,SLE,1976,0.246
Sierra Leone,SLE,1977,0.246
Sierra Leone,SLE,1978,0.246
Sierra Leone,SLE,1979,0.246
Sierra Leone,SLE,1980,0.246
Sierra Leone,SLE,1981,0.246
Sierra Leone,SLE,1982,0.246
Sierra Leone,SLE,1983,0.246
Sierra Leone,SLE,1984,0.246
Sierra Leone,SLE,1985,0.246
Sierra Leone,SLE,1986,0.246
Sierra Leone,SLE,1987,0.246
Sierra Leone,SLE,1988,0.246
Sierra Leone,SLE,1989,0.246
Sierra Leone,SLE,1990,0.246
Sierra Leone,SLE,1991,0.788
Sierra Leone,SLE,1992,0.788
Sierra Leone,SLE,1993,1.247
Sierra Leone,SLE,1994,1.247
Sierra Leone,SLE,1995,1.247
Sierra Leone,SLE,1996,1.588
Sierra Leone,SLE,1997,1.588
Sierra Leone,SLE,1998,1.588
Sierra Leone,SLE,1999,1.588
Sierra Leone,SLE,2000,1.588
Sierra Leone,SLE,2001,1.588
Sierra Leone,SLE,2002,0.823
Sierra Leone,SLE,2003,0.219
Sierra Leone,SLE,2004,0.219
Sierra Leone,SLE,2005,0.219
Sierra Leone,SLE,2006,0.219
Sierra Leone,SLE,2007,0.219
Sierra Leone,SLE,2008,0.219
Sierra Leone,SLE,2009,0.219
Sierra Leone,SLE,2010,0.219
Sierra Leone,SLE,2011,0.219
Sierra Leone,SLE,2012,0.219
Sierra Leone,SLE,2013,0.219
Sierra Leone,SLE,2014,0.219
Sierra Leone,SLE,2015,0.219
Sierra Leone,SLE,2016,0.219
Sierra Leone,SLE,2017,0.219
Sierra Leone,SLE,2018,0.219
Sierra Leone,SLE,2019,0.219
Sierra Leone,SLE,2020,0.143
Sierra Leone,SLE,2021,-0.175
Sierra Leone,SLE,2022,0.84
Sierra Leone,SLE,2023,0.639
Sierra Leone,SLE,2024,0.639
Sierra Leone,SLE,2025,0.639
Singapore,SGP,1950,-1.089
Singapore,SGP,1951,-1.089
Singapore,SGP,1952,-1.089
Singapore,SGP,1953,-1.089
Singapore,SGP,1954,-1.089
Singapore,SGP,1955,-1.089
Singapore,SGP,1956,-1.089
Singapore,SGP,1957,-1.089
Singapore,SGP,1958,-1.089
Singapore,SGP,1959,-0.482
Singapore,SGP,1960,-0.482
Singapore,SGP,1961,-0.482
Singapore,SGP,1962,-0.482
Singapore,SGP,1963,0.285
Singapore,SGP,1964,0.285
Singapore,SGP,1965,0.285
Singapore,SGP,1966,-0.21
Singapore,SGP,1967,-0.21
Singapore,SGP,1968,-0.21
Singapore,SGP,1969,-0.21
Singapore,SGP,1970,-0.21
Singapore,SGP,1971,-0.21
Singapore,SGP,1972,-0.21
Singapore,SGP,1973,-0.21
Singapore,SGP,1974,-0.21
Singapore,SGP,1975,-0.21
Singapore,SGP,1976,-0.21
Singapore,SGP,1977,-0.21
Singapore,SGP,1978,-0.21
Singapore,SGP,1979,-0.21
Singapore,SGP,1980,-0.73
Singapore,SGP,1981,-0.73
Singapore,SGP,1982,-0.73
Singapore,SGP,1983,-0.73
Singapore,SGP,1984,-0.73
Singapore,SGP,1985,-0.73
Singapore,SGP,1986,-0.73
Singapore,SGP,1987,-0.73
Singapore,SGP,1988,-0.73
Singapore,SGP,1989,-0.73
Singapore,SGP,1990,-0.96
Singapore,SGP,1991,-0.96
Singapore,SGP,1992,-0.96
Singapore,SGP,1993,-0.96
Singapore,SGP,1994,-0.96
Singapore,SGP,1995,-0.96
Singapore,SGP,1996,-0.96
Singapore,SGP,1997,-0.96
Singapore,SGP,1998,-0.96
Singapore,SGP,1999,-0.96
Singapore,SGP,2000,-0.96
Singapore,SGP,2001,-0.96
Singapore,SGP,2002,-0.96
Singapore,SGP,2003,-0.96
Singapore,SGP,2004,-0.96
Singapore,SGP,2005,-0.96
Singapore,SGP,2006,-0.96
Singapore,SGP,2007,-0.96
Singapore,SGP,2008,-0.96
Singapore,SGP,2009,-0.799
Singapore,SGP,2010,-0.799
Singapore,SGP,2011,-0.799
Singapore,SGP,2012,-1.016
Singapore,SGP,2013,-1.016
Singapore,SGP,2014,-1.016
Singapore,SGP,2015,-1.132
Singapore,SGP,2016,-1.132
Singapore,SGP,2017,-1.132
Singapore,SGP,2018,-1.132
Singapore,SGP,2019,-1.132
Singapore,SGP,2020,-0.786
Singapore,SGP,2021,-1.065
Singapore,SGP,2022,-0.963
Singapore,SGP,2023,-0.794
Singapore,SGP,2024,-1.203
Singapore,SGP,2025,-0.532
Slovakia,SVK,1950,2.445
Slovakia,SVK,1951,2.445
Slovakia,SVK,1952,2.092
Slovakia,SVK,1953,2.092
Slovakia,SVK,1954,2.092
Slovakia,SVK,1955,1.815
Slovakia,SVK,1956,1.815
Slovakia,SVK,1957,1.554
Slovakia,SVK,1958,1.554
Slovakia,SVK,1959,1.554
Slovakia,SVK,1960,1.554
Slovakia,SVK,1961,1.554
Slovakia,SVK,1962,1.554
Slovakia,SVK,1963,1.372
Slovakia,SVK,1964,1.372
Slovakia,SVK,1965,1.372
Slovakia,SVK,1966,1.372
Slovakia,SVK,1967,1.372
Slovakia,SVK,1968,1.573
Slovakia,SVK,1969,2.094
Slovakia,SVK,1970,1.48
Slovakia,SVK,1971,1.48
Slovakia,SVK,1972,1.48
Slovakia,SVK,1973,1.48
Slovakia,SVK,1974,1.48
Slovakia,SVK,1975,1.48
Slovakia,SVK,1976,1.48
Slovakia,SVK,1977,1.48
Slovakia,SVK,1978,1.48
Slovakia,SVK,1979,1.48
Slovakia,SVK,1980,1.48
Slovakia,SVK,1981,1.48
Slovakia,SVK,1982,1.48
Slovakia,SVK,1983,1.48
Slovakia,SVK,1984,1.48
Slovakia,SVK,1985,1.48
Slovakia,SVK,1986,1.48
Slovakia,SVK,1987,1.48
Slovakia,SVK,1988,1.48
Slovakia,SVK,1989,1.48
Slovakia,SVK,1990,-2.03
Slovakia,SVK,1991,-2.03
Slovakia,SVK,1992,-2.03
Slovakia,SVK,1993,-0.147
Slovakia,SVK,1994,0.143
Slovakia,SVK,1995,0.569
Slovakia,SVK,1996,0.569
Slovakia,SVK,1997,0.569
Slovakia,SVK,1998,-0.044
Slovakia,SVK,1999,-0.839
Slovakia,SVK,2000,-0.947
Slovakia,SVK,2001,-0.947
Slovakia,SVK,2002,-0.947
Slovakia,SVK,2003,-1.131
Slovakia,SVK,2004,-1.131
Slovakia,SVK,2005,-1.131
Slovakia,SVK,2006,-1.131
Slovakia,SVK,2007,-0.783
Slovakia,SVK,2008,-0.783
Slovakia,SVK,2009,-0.783
Slovakia,SVK,2010,-1.13
Slovakia,SVK,2011,-0.931
Slovakia,SVK,2012,-0.602
Slovakia,SVK,2013,-0.602
Slovakia,SVK,2014,-0.602
Slovakia,SVK,2015,-0.602
Slovakia,SVK,2016,-0.602
Slovakia,SVK,2017,-0.602
Slovakia,SVK,2018,-0.312
Slovakia,SVK,2019,-0.312
Slovakia,SVK,2020,-0.36
Slovakia,SVK,2021,-0.179
Slovakia,SVK,2022,0.17
Slovakia,SVK,2023,0.551
Slovakia,SVK,2024,1.061
Slovakia,SVK,2025,1.417
Slovenia,SVN,1950,-0.412
Slovenia,SVN,1951,-0.412
Slovenia,SVN,1952,-0.412
Slovenia,SVN,1953,-0.412
Slovenia,SVN,1954,-0.412
Slovenia,SVN,1955,-0.412
Slovenia,SVN,1956,-0.412
Slovenia,SVN,1957,-0.412
Slovenia,SVN,1958,-0.412
Slovenia,SVN,1959,-0.412
Slovenia,SVN,1960,-0.519
Slovenia,SVN,1961,-0.519
Slovenia,SVN,1962,-0.519
Slovenia,SVN,1963,-0.519
Slovenia,SVN,1964,-0.519
Slovenia,SVN,1965,-0.519
Slovenia,SVN,1966,-0.519
Slovenia,SVN,1967,-0.519
Slovenia,SVN,1968,-0.519
Slovenia,SVN,1969,-0.519
Slovenia,SVN,1970,-0.101
Slovenia,SVN,1971,-0.101
Slovenia,SVN,1972,-0.101
Slovenia,SVN,1973,-0.101
Slovenia,SVN,1974,-0.101
Slovenia,SVN,1975,-0.101
Slovenia,SVN,1976,-0.101
Slovenia,SVN,1977,-0.101
Slovenia,SVN,1978,-0.101
Slovenia,SVN,1979,-0.101
Slovenia,SVN,1980,-0.101
Slovenia,SVN,1981,-0.101
Slovenia,SVN,1982,-0.101
Slovenia,SVN,1983,-0.101
Slovenia,SVN,1984,-0.101
Slovenia,SVN,1985,-0.101
Slovenia,SVN,1986,-0.101
Slovenia,SVN,1987,-0.101
Slovenia,SVN,1988,-0.101
Slovenia,SVN,1989,0.237
Slovenia,SVN,1990,0.179
Slovenia,SVN,1991,0.128
Slovenia,SVN,1992,0.353
Slovenia,SVN,1993,0.386
Slovenia,SVN,1994,0.386
Slovenia,SVN,1995,0.211
Slovenia,SVN,1996,0.211
Slovenia,SVN,1997,0.032
Slovenia,SVN,1998,0.032
Slovenia,SVN,1999,0.032
Slovenia,SVN,2000,0.282
Slovenia,SVN,2001,0.128
Slovenia,SVN,2002,0.128
Slovenia,SVN,2003,0.128
Slovenia,SVN,2004,0.128
Slovenia,SVN,2005,0.555
Slovenia,SVN,2006,0.555
Slovenia,SVN,2007,0.555
Slovenia,SVN,2008,0.555
Slovenia,SVN,2009,0.281
Slovenia,SVN,2010,0.281
Slovenia,SVN,2011,0.281
Slovenia,SVN,2012,0.557
Slovenia,SVN,2013,0.392
Slovenia,SVN,2014,0.392
Slovenia,SVN,2015,0.392
Slovenia,SVN,2016,0.313
Slovenia,SVN,2017,0.477
Slovenia,SVN,2018,0.504
Slovenia,SVN,2019,0.504
Slovenia,SVN,2020,2.215
Slovenia,SVN,2021,2.635
Slovenia,SVN,2022,2.044
Slovenia,SVN,2023,1.958
Slovenia,SVN,2024,2.45
Slovenia,SVN,2025,2.044
Solomon Islands,SLB,1950,-1.29
Solomon Islands,SLB,1951,-1.952
Solomon Islands,SLB,1952,-1.952
Solomon Islands,SLB,1953,-1.952
Solomon Islands,SLB,1954,-1.952
Solomon Islands,SLB,1955,-1.952
Solomon Islands,SLB,1956,-1.952
Solomon Islands,SLB,1957,-1.952
Solomon Islands,SLB,1958,-1.952
Solomon Islands,SLB,1959,-1.952
Solomon Islands,SLB,1960,-1.952
Solomon Islands,SLB,1961,-1.952
Solomon Islands,SLB,1962,-1.952
Solomon Islands,SLB,1963,-1.952
Solomon Islands,SLB,1964,-1.952
Solomon Islands,SLB,1965,-1.952
Solomon Islands,SLB,1966,-1.952
Solomon Islands,SLB,1967,-1.952
Solomon Islands,SLB,1968,-1.952
Solomon Islands,SLB,1969,-1.952
Solomon Islands,SLB,1970,-2.67
Solomon Islands,SLB,1971,-2.67
Solomon Islands,SLB,1972,-2.67
Solomon Islands,SLB,1973,-2.67
Solomon Islands,SLB,1974,-2.67
Solomon Islands,SLB,1975,-2.67
Solomon Islands,SLB,1976,-2.67
Solomon Islands,SLB,1977,-2.67
Solomon Islands,SLB,1978,-2.67
Solomon Islands,SLB,1979,-2.67
Solomon Islands,SLB,1980,-2.372
Solomon Islands,SLB,1981,-2.372
Solomon Islands,SLB,1982,-2.372
Solomon Islands,SLB,1983,-2.372
Solomon Islands,SLB,1984,-2.372
Solomon Islands,SLB,1985,-2.372
Solomon Islands,SLB,1986,-2.372
Solomon Islands,SLB,1987,-2.372
Solomon Islands,SLB,1988,-2.372
Solomon Islands,SLB,1989,-2.372
Solomon Islands,SLB,1990,-2.372
Solomon Islands,SLB,1991,-2.372
Solomon Islands,SLB,1992,-2.372
Solomon Islands,SLB,1993,-2.372
Solomon Islands,SLB,1994,-2.372
Solomon Islands,SLB,1995,-1.158
Solomon Islands,SLB,1996,-1.158
Solomon Islands,SLB,1997,-1.158
Solomon Islands,SLB,1998,-0.846
Solomon Islands,SLB,1999,-0.703
Solomon Islands,SLB,2000,-0.611
Solomon Islands,SLB,2001,-0.661
Solomon Islands,SLB,2002,-0.839
Solomon Islands,SLB,2003,-0.839
Solomon Islands,SLB,2004,-0.839
Solomon Islands,SLB,2005,-0.839
Solomon Islands,SLB,2006,-1.034
Solomon Islands,SLB,2007,-1.389
Solomon Islands,SLB,2008,-1.389
Solomon Islands,SLB,2009,-1.389
Solomon Islands,SLB,2010,-1.389
Solomon Islands,SLB,2011,-1.389
Solomon Islands,SLB,2012,-1.389
Solomon Islands,SLB,2013,-1.389
Solomon Islands,SLB,2014,-1.389
Solomon Islands,SLB,2015,-1.389
Solomon Islands,SLB,2016,-1.389
Solomon Islands,SLB,2017,-1.389
Solomon Islands,SLB,2018,-1.389
Solomon Islands,SLB,2019,-1.389
Solomon Islands,SLB,2020,-1.038
Solomon Islands,SLB,2021,-0.875
Solomon Islands,SLB,2022,-0.897
Solomon Islands,SLB,2023,-0.897
Solomon Islands,SLB,2024,-0.897
Solomon Islands,SLB,2025,-1.17
Somalia,SOM,1950,0.28
Somalia,SOM,1951,0.28
Somalia,SOM,1952,0.28
Somalia,SOM,1953,0.28
Somalia,SOM,1954,0.28
Somalia,SOM,1955,0.28
Somalia,SOM,1956,-0.681
Somalia,SOM,1957,-0.681
Somalia,SOM,1958,-0.681
Somalia,SOM,1959,-0.681
Somalia,SOM,1960,-0.259
Somalia,SOM,1961,-0.259
Somalia,SOM,1962,-0.259
Somalia,SOM,1963,-0.259
Somalia,SOM,1964,-0.259
Somalia,SOM,1965,-0.259
Somalia,SOM,1966,-0.259
Somalia,SOM,1967,-0.259
Somalia,SOM,1968,-0.259
Somalia,SOM,1969,0.195
Somalia,SOM,1970,0.247
Somalia,SOM,1971,0.247
Somalia,SOM,1972,0.247
Somalia,SOM,1973,0.247
Somalia,SOM,1974,0.247
Somalia,SOM,1975,0.247
Somalia,SOM,1976,0.247
Somalia,SOM,1977,0.247
Somalia,SOM,1978,0.716
Somalia,SOM,1979,0.716
Somalia,SOM,1980,0.716
Somalia,SOM,1981,0.716
Somalia,SOM,1982,0.716
Somalia,SOM,1983,0.716
Somalia,SOM,1984,0.716
Somalia,SOM,1985,0.716
Somalia,SOM,1986,0.716
Somalia,SOM,1987,0.716
Somalia,SOM,1988,1.259
Somalia,SOM,1989,1.259
Somalia,SOM,1990,2.834
Somalia,SOM,1991,2.834
Somalia,SOM,1992,2.834
Somalia,SOM,1993,2.834
Somalia,SOM,1994,2.834
Somalia,SOM,1995,2.834
Somalia,SOM,1996,2.834
Somalia,SOM,1997,2.834
Somalia,SOM,1998,2.834
Somalia,SOM,1999,2.834
Somalia,SOM,2000,2.834
Somalia,SOM,2001,2.834
Somalia,SOM,2002,2.834
Somalia,SOM,2003,2.834
Somalia,SOM,2004,2.834
Somalia,SOM,2005,2.834
Somalia,SOM,2006,2.782
Somalia,SOM,2007,2.854
Somalia,SOM,2008,2.792
Somalia,SOM,2009,2.792
Somalia,SOM,2010,2.947
Somalia,SOM,2011,2.244
Somalia,SOM,2012,1.437
Somalia,SOM,2013,1.437
Somalia,SOM,2014,1.437
Somalia,SOM,2015,1.548
Somalia,SOM,2016,1.476
Somalia,SOM,2017,1.476
Somalia,SOM,2018,1.544
Somalia,SOM,2019,1.646
Somalia,SOM,2020,1.646
Somalia,SOM,2021,1.251
Somalia,SOM,2022,1.251
Somalia,SOM,2023,1.218
Somalia,SOM,2024,0.857
Somalia,SOM,2025,1.445
Somaliland,OWID_SML,1950,-0.33
Somaliland,OWID_SML,1951,-0.33
Somaliland,OWID_SML,1952,-0.33
Somaliland,OWID_SML,1953,-0.33
Somaliland,OWID_SML,1954,-0.33
Somaliland,OWID_SML,1955,-0.33
Somaliland,OWID_SML,1956,-0.33
Somaliland,OWID_SML,1957,-0.33
Somaliland,OWID_SML,1958,-0.33
Somaliland,OWID_SML,1959,-0.33
Somaliland,OWID_SML,1991,0.993
Somaliland,OWID_SML,1992,0.993
Somaliland,OWID_SML,1993,0.993
Somaliland,OWID_SML,1994,0.993
Somaliland,OWID_SML,1995,0.993
Somaliland,OWID_SML,1996,0.877
Somaliland,OWID_SML,1997,0.877
Somaliland,OWID_SML,1998,0.877
Somaliland,OWID_SML,1999,0.877
Somaliland,OWID_SML,2000,0.877
Somaliland,OWID_SML,2001,0.877
Somaliland,OWID_SML,2002,0.877
Somaliland,OWID_SML,2003,0.877
Somaliland,OWID_SML,2004,0.877
Somaliland,OWID_SML,2005,0.877
Somaliland,OWID_SML,2006,0.877
Somaliland,OWID_SML,2007,0.877
Somaliland,OWID_SML,2008,0.877
Somaliland,OWID_SML,2009,0.877
Somaliland,OWID_SML,2010,0.877
Somaliland,OWID_SML,2011,0.877
Somaliland,OWID_SML,2012,0.877
Somaliland,OWID_SML,2013,0.877
Somaliland,OWID_SML,2014,0.877
Somaliland,OWID_SML,2015,0.877
Somaliland,OWID_SML,2016,0.877
Somaliland,OWID_SML,2017,0.877
Somaliland,OWID_SML,2018,0.877
Somaliland,OWID_SML,2019,0.877
Somaliland,OWID_SML,2020,0.872
Somaliland,OWID_SML,2021,0.394
Somaliland,OWID_SML,2022,0.753
Somaliland,OWID_SML,2023,0.753
Somaliland,OWID_SML,2024,0.614
South Africa,ZAF,1950,2.923
South Africa,ZAF,1951,2.923
South Africa,ZAF,1952,2.923
South Africa,ZAF,1953,2.923
South Africa,ZAF,1954,2.923
South Africa,ZAF,1955,2.923
South Africa,ZAF,1956,2.923
South Africa,ZAF,1957,2.923
South Africa,ZAF,1958,2.923
South Africa,ZAF,1959,2.923
South Africa,ZAF,1960,2.923
South Africa,ZAF,1961,2.923
South Africa,ZAF,1962,2.923
South Africa,ZAF,1963,2.923
South Africa,ZAF,1964,2.923
South Africa,ZAF,1965,2.923
South Africa,ZAF,1966,2.923
South Africa,ZAF,1967,2.923
South Africa,ZAF,1968,2.923
South Africa,ZAF,1969,2.923
South Africa,ZAF,1970,2.923
South Africa,ZAF,1971,2.923
South Africa,ZAF,1972,2.923
South Africa,ZAF,1973,2.923
South Africa,ZAF,1974,2.923
South Africa,ZAF,1975,2.923
South Africa,ZAF,1976,2.923
South Africa,ZAF,1977,2.923
South Africa,ZAF,1978,2.923
South Africa,ZAF,1979,2.923
South Africa,ZAF,1980,2.923
South Africa,ZAF,1981,2.923
South Africa,ZAF,1982,2.923
South Africa,ZAF,1983,2.923
South Africa,ZAF,1984,2.923
South Africa,ZAF,1985,2.923
South Africa,ZAF,1986,2.923
South Africa,ZAF,1987,2.923
South Africa,ZAF,1988,2.923
South Africa,ZAF,1989,2.923
South Africa,ZAF,1990,2.203
South Africa,ZAF,1991,1.474
South Africa,ZAF,1992,1.474
South Africa,ZAF,1993,1.474
South Africa,ZAF,1994,0.604
South Africa,ZAF,1995,-0.404
South Africa,ZAF,1996,-0.404
South Africa,ZAF,1997,-0.404
South Africa,ZAF,1998,-0.404
South Africa,ZAF,1999,-0.404
South Africa,ZAF,2000,0.006
South Africa,ZAF,2001,0.006
South Africa,ZAF,2002,0.006
South Africa,ZAF,2003,0.006
South Africa,ZAF,2004,0.006
South Africa,ZAF,2005,0.006
South Africa,ZAF,2006,0.006
South Africa,ZAF,2007,0.006
South Africa,ZAF,2008,0.006
South Africa,ZAF,2009,0.006
South Africa,ZAF,2010,0.006
South Africa,ZAF,2011,0.006
South Africa,ZAF,2012,0.145
South Africa,ZAF,2013,0.145
South Africa,ZAF,2014,0.145
South Africa,ZAF,2015,0.145
South Africa,ZAF,2016,0.145
South Africa,ZAF,2017,0.145
South Africa,ZAF,2018,0.145
South Africa,ZAF,2019,0.145
South Africa,ZAF,2020,0.319
South Africa,ZAF,2021,0.319
South Africa,ZAF,2022,0.319
South Africa,ZAF,2023,0.298
South Africa,ZAF,2024,-0.126
South Africa,ZAF,2025,-0.126
South America,OWID_SAM,1950,0.34733334
South America,OWID_SAM,1951,0.38816667
South America,OWID_SAM,1952,0.43016666
South America,OWID_SAM,1953,0.58958334
South America,OWID_SAM,1954,0.56708336
South America,OWID_SAM,1955,0.47008333
South America,OWID_SAM,1956,0.47008333
South America,OWID_SAM,1957,0.44716668
South America,OWID_SAM,1958,0.24016666
South America,OWID_SAM,1959,0.24599999
South America,OWID_SAM,1960,0.4015833
South America,OWID_SAM,1961,0.45825
South America,OWID_SAM,1962,0.48825
South America,OWID_SAM,1963,0.48825
South America,OWID_SAM,1964,0.60366666
South America,OWID_SAM,1965,0.55625
South America,OWID_SAM,1966,0.69425
South America,OWID_SAM,1967,0.69425
South America,OWID_SAM,1968,0.61550003
South America,OWID_SAM,1969,0.55658334
South America,OWID_SAM,1970,0.71275
South America,OWID_SAM,1971,0.7615
South America,OWID_SAM,1972,0.7615
South America,OWID_SAM,1973,0.7980833
South America,OWID_SAM,1974,0.82825
South America,OWID_SAM,1975,0.80700004
South America,OWID_SAM,1976,0.89358336
South America,OWID_SAM,1977,0.89358336
South America,OWID_SAM,1978,0.9254167
South America,OWID_SAM,1979,0.8660833
South America,OWID_SAM,1980,0.69475
South America,OWID_SAM,1981,0.6103333
South America,OWID_SAM,1982,0.57275
South America,OWID_SAM,1983,0.5020833
South America,OWID_SAM,1984,0.13433333
South America,OWID_SAM,1985,-0.13558334
South America,OWID_SAM,1986,-0.12525
South America,OWID_SAM,1987,-0.20799999
South America,OWID_SAM,1988,-0.38058335
South America,OWID_SAM,1989,-0.24483334
South America,OWID_SAM,1990,-0.5474167
South America,OWID_SAM,1991,-0.5420833
South America,OWID_SAM,1992,-0.48016667
South America,OWID_SAM,1993,-0.6878333
South America,OWID_SAM,1994,-0.68083334
South America,OWID_SAM,1995,-0.5786667
South America,OWID_SAM,1996,-0.66625
South America,OWID_SAM,1997,-0.6713334
South America,OWID_SAM,1998,-0.66925
South America,OWID_SAM,1999,-0.56416667
South America,OWID_SAM,2000,-0.47375003
South America,OWID_SAM,2001,-0.57025003
South America,OWID_SAM,2002,-0.47833335
South America,OWID_SAM,2003,-0.40325
South America,OWID_SAM,2004,-0.45716667
South America,OWID_SAM,2005,-0.40825
South America,OWID_SAM,2006,-0.33708334
South America,OWID_SAM,2007,-0.23291667
South America,OWID_SAM,2008,-0.20308335
South America,OWID_SAM,2009,-0.2175
South America,OWID_SAM,2010,-0.058666665
South America,OWID_SAM,2011,-0.04616667
South America,OWID_SAM,2012,-0.06041667
South America,OWID_SAM,2013,0.108249985
South America,OWID_SAM,2014,0.14258333
South America,OWID_SAM,2015,0.15983333
South America,OWID_SAM,2016,0.37208334
South America,OWID_SAM,2017,0.395
South America,OWID_SAM,2018,0.5416667
South America,OWID_SAM,2019,0.7255
South America,OWID_SAM,2020,0.9325
South America,OWID_SAM,2021,0.85216665
South America,OWID_SAM,2022,0.8178333
South America,OWID_SAM,2023,0.7751667
South America,OWID_SAM,2024,0.88916665
South America,OWID_SAM,2025,0.7959167
South America (population-weighted),,1950,0.9706256
South America (population-weighted),,1951,0.9850281
South America (population-weighted),,1952,0.99611104
South America (population-weighted),,1953,1.1994616
South America (population-weighted),,1954,1.4839458
South America (population-weighted),,1955,1.0808393
South America (population-weighted),,1956,1.0801924
South America (population-weighted),,1957,1.0724725
South America (population-weighted),,1958,0.8471944
South America (population-weighted),,1959,0.84330773
South America (population-weighted),,1960,1.1003559
South America (population-weighted),,1961,1.3024288
South America (population-weighted),,1962,1.3213853
South America (population-weighted),,1963,1.3203267
South America (population-weighted),,1964,1.959151
South America (population-weighted),,1965,1.9371673
South America (population-weighted),,1966,1.9915823
South America (population-weighted),,1967,1.9909092
South America (population-weighted),,1968,1.938662
South America (population-weighted),,1969,1.881778
South America (population-weighted),,1970,1.9881406
South America (population-weighted),,1971,2.0007627
South America (population-weighted),,1972,1.9993695
South America (population-weighted),,1973,1.9584535
South America (population-weighted),,1974,1.9723138
South America (population-weighted),,1975,1.9426157
South America (population-weighted),,1976,2.0314126
South America (population-weighted),,1977,2.029763
South America (population-weighted),,1978,2.0520024
South America (population-weighted),,1979,2.0175939
South America (population-weighted),,1980,1.5331182
South America (population-weighted),,1981,1.5161223
South America (population-weighted),,1982,1.5027056
South America (population-weighted),,1983,1.4848853
South America (population-weighted),,1984,0.5739947
South America (population-weighted),,1985,0.30974126
South America (population-weighted),,1986,0.3116654
South America (population-weighted),,1987,0.29961488
South America (population-weighted),,1988,-0.2868844
South America (population-weighted),,1989,0.34113353
South America (population-weighted),,1990,-0.019042574
South America (population-weighted),,1991,-0.028832305
South America (population-weighted),,1992,0.15310515
South America (population-weighted),,1993,-0.37478104
South America (population-weighted),,1994,-0.37809008
South America (population-weighted),,1995,-0.2503428
South America (population-weighted),,1996,-0.272527
South America (population-weighted),,1997,-0.27696133
South America (population-weighted),,1998,-0.24879223
South America (population-weighted),,1999,-0.16450244
South America (population-weighted),,2000,-0.12577245
South America (population-weighted),,2001,-0.24821992
South America (population-weighted),,2002,-0.3641699
South America (population-weighted),,2003,-0.300546
South America (population-weighted),,2004,-0.3048214
South America (population-weighted),,2005,-0.2388801
South America (population-weighted),,2006,-0.23952304
South America (population-weighted),,2007,-0.1769401
South America (population-weighted),,2008,-0.16421501
South America (population-weighted),,2009,-0.13298158
South America (population-weighted),,2010,-0.018544242
South America (population-weighted),,2011,-0.018210975
South America (population-weighted),,2012,-0.016438536
South America (population-weighted),,2013,0.52845925
South America (population-weighted),,2014,0.6589752
South America (population-weighted),,2015,0.70049256
South America (population-weighted),,2016,1.1050566
South America (population-weighted),,2017,1.0842649
South America (population-weighted),,2018,1.5639132
South America (population-weighted),,2019,1.6140583
South America (population-weighted),,2020,1.8075701
South America (population-weighted),,2021,1.8679416
South America (population-weighted),,2022,1.9146266
South America (population-weighted),,2023,1.509895
South America (population-weighted),,2024,1.6415601
South America (population-weighted),,2025,2.3301058
South Korea,KOR,1950,1.923
South Korea,KOR,1951,1.923
South Korea,KOR,1952,1.923
South Korea,KOR,1953,1.562
South Korea,KOR,1954,0.772
South Korea,KOR,1955,0.736
South Korea,KOR,1956,0.736
South Korea,KOR,1957,0.736
South Korea,KOR,1958,0.736
South Korea,KOR,1959,0.736
South Korea,KOR,1960,0.736
South Korea,KOR,1961,0.527
South Korea,KOR,1962,0.527
South Korea,KOR,1963,0.527
South Korea,KOR,1964,0.527
South Korea,KOR,1965,0.527
South Korea,KOR,1966,0.527
South Korea,KOR,1967,0.527
South Korea,KOR,1968,0.527
South Korea,KOR,1969,0.527
South Korea,KOR,1970,0.527
South Korea,KOR,1971,0.527
South Korea,KOR,1972,0.527
South Korea,KOR,1973,0.527
South Korea,KOR,1974,0.527
South Korea,KOR,1975,0.527
South Korea,KOR,1976,0.527
South Korea,KOR,1977,0.527
South Korea,KOR,1978,0.527
South Korea,KOR,1979,0.527
South Korea,KOR,1980,0.776
South Korea,KOR,1981,0.776
South Korea,KOR,1982,0.776
South Korea,KOR,1983,0.776
South Korea,KOR,1984,0.776
South Korea,KOR,1985,0.776
South Korea,KOR,1986,0.776
South Korea,KOR,1987,0.646
South Korea,KOR,1988,0.29
South Korea,KOR,1989,-0.033
South Korea,KOR,1990,-0.043
South Korea,KOR,1991,-0.043
South Korea,KOR,1992,-0.043
South Korea,KOR,1993,-0.043
South Korea,KOR,1994,-0.043
South Korea,KOR,1995,-0.043
South Korea,KOR,1996,-0.043
South Korea,KOR,1997,-0.043
South Korea,KOR,1998,-0.043
South Korea,KOR,1999,-0.043
South Korea,KOR,2000,-0.043
South Korea,KOR,2001,-0.043
South Korea,KOR,2002,-0.043
South Korea,KOR,2003,0.071
South Korea,KOR,2004,0.071
South Korea,KOR,2005,0.071
South Korea,KOR,2006,0.071
South Korea,KOR,2007,0.071
South Korea,KOR,2008,0.071
South Korea,KOR,2009,0.071
South Korea,KOR,2010,0.071
South Korea,KOR,2011,0.071
South Korea,KOR,2012,0.071
South Korea,KOR,2013,0.071
South Korea,KOR,2014,0.178
South Korea,KOR,2015,0.178
South Korea,KOR,2016,0.637
South Korea,KOR,2017,0.637
South Korea,KOR,2018,0.637
South Korea,KOR,2019,0.637
South Korea,KOR,2020,0.637
South Korea,KOR,2021,0.637
South Korea,KOR,2022,0.829
South Korea,KOR,2023,0.855
South Korea,KOR,2024,1.438
South Korea,KOR,2025,1.438
South Sudan,SSD,1950,-0.424
South Sudan,SSD,1951,-0.424
South Sudan,SSD,1952,-0.424
South Sudan,SSD,1953,-0.424
South Sudan,SSD,1954,-0.424
South Sudan,SSD,1955,-0.424
South Sudan,SSD,1956,-0.6
South Sudan,SSD,1957,-0.428
South Sudan,SSD,1958,-0.428
South Sudan,SSD,1959,-0.428
South Sudan,SSD,1960,-0.178
South Sudan,SSD,1961,-0.178
South Sudan,SSD,1962,-0.178
South Sudan,SSD,1963,-0.178
South Sudan,SSD,1964,-0.178
South Sudan,SSD,1965,-0.178
South Sudan,SSD,1966,-0.178
South Sudan,SSD,1967,-0.178
South Sudan,SSD,1968,-0.178
South Sudan,SSD,1969,-0.178
South Sudan,SSD,1970,-0.025
South Sudan,SSD,1971,-0.025
South Sudan,SSD,1972,-0.025
South Sudan,SSD,1973,-0.025
South Sudan,SSD,1974,-0.025
South Sudan,SSD,1975,-0.025
South Sudan,SSD,1976,-0.025
South Sudan,SSD,1977,-0.025
South Sudan,SSD,1978,-0.025
South Sudan,SSD,1979,-0.025
South Sudan,SSD,1980,-0.025
South Sudan,SSD,1981,-0.025
South Sudan,SSD,1982,-0.025
South Sudan,SSD,1983,-0.025
South Sudan,SSD,1984,-0.025
South Sudan,SSD,1985,-0.025
South Sudan,SSD,1986,-0.025
South Sudan,SSD,1987,-0.025
South Sudan,SSD,1988,-0.025
South Sudan,SSD,1989,-0.025
South Sudan,SSD,1990,0.57
South Sudan,SSD,1991,0.57
South Sudan,SSD,1992,0.57
South Sudan,SSD,1993,0.57
South Sudan,SSD,1994,0.57
South Sudan,SSD,1995,0.57
South Sudan,SSD,1996,0.57
South Sudan,SSD,1997,0.57
South Sudan,SSD,1998,0.57
South Sudan,SSD,1999,0.57
South Sudan,SSD,2000,0.905
South Sudan,SSD,2001,0.905
South Sudan,SSD,2002,0.905
South Sudan,SSD,2003,0.905
South Sudan,SSD,2004,0.905
South Sudan,SSD,2005,0.905
South Sudan,SSD,2006,0.905
South Sudan,SSD,2007,0.905
South Sudan,SSD,2008,0.905
South Sudan,SSD,2009,0.905
South Sudan,SSD,2010,0.905
South Sudan,SSD,2011,0.569
South Sudan,SSD,2012,0.569
South Sudan,SSD,2013,0.569
South Sudan,SSD,2014,0.569
South Sudan,SSD,2015,0.569
South Sudan,SSD,2016,0.569
South Sudan,SSD,2017,0.569
South Sudan,SSD,2018,0.569
South Sudan,SSD,2019,0.569
South Sudan,SSD,2020,0.569
South Sudan,SSD,2021,1.166
South Sudan,SSD,2022,1.166
South Sudan,SSD,2023,2.219
South Sudan,SSD,2024,1.656
South Sudan,SSD,2025,2.228
Spain,ESP,1950,2.518
Spain,ESP,1951,2.163
Spain,ESP,1952,2.163
Spain,ESP,1953,2.163
Spain,ESP,1954,2.163
Spain,ESP,1955,2.163
Spain,ESP,1956,2.163
Spain,ESP,1957,2.163
Spain,ESP,1958,2.163
Spain,ESP,1959,2.163
Spain,ESP,1960,2.163
Spain,ESP,1961,2.163
Spain,ESP,1962,2.163
Spain,ESP,1963,2.163
Spain,ESP,1964,2.163
Spain,ESP,1965,2.163
Spain,ESP,1966,2.163
Spain,ESP,1967,2.163
Spain,ESP,1968,2.163
Spain,ESP,1969,2.163
Spain,ESP,1970,1.663
Spain,ESP,1971,1.663
Spain,ESP,1972,1.663
Spain,ESP,1973,1.501
Spain,ESP,1974,1.342
Spain,ESP,1975,0.872
Spain,ESP,1976,0.285
Spain,ESP,1977,-0.095
Spain,ESP,1978,-0.095
Spain,ESP,1979,-0.095
Spain,ESP,1980,-1.722
Spain,ESP,1981,-1.722
Spain,ESP,1982,-1.722
Spain,ESP,1983,-1.946
Spain,ESP,1984,-1.946
Spain,ESP,1985,-1.946
Spain,ESP,1986,-1.946
Spain,ESP,1987,-1.946
Spain,ESP,1988,-1.946
Spain,ESP,1989,-1.946
Spain,ESP,1990,-1.946
Spain,ESP,1991,-1.946
Spain,ESP,1992,-1.946
Spain,ESP,1993,-1.946
Spain,ESP,1994,-1.754
Spain,ESP,1995,-1.754
Spain,ESP,1996,-1.754
Spain,ESP,1997,-1.754
Spain,ESP,1998,-1.754
Spain,ESP,1999,-1.754
Spain,ESP,2000,-1.754
Spain,ESP,2001,-1.754
Spain,ESP,2002,-1.754
Spain,ESP,2003,-1.754
Spain,ESP,2004,-1.754
Spain,ESP,2005,-1.754
Spain,ESP,2006,-1.754
Spain,ESP,2007,-1.754
Spain,ESP,2008,-1.683
Spain,ESP,2009,-1.472
Spain,ESP,2010,-1.258
Spain,ESP,2011,-1.258
Spain,ESP,2012,-0.653
Spain,ESP,2013,-0.653
Spain,ESP,2014,-0.653
Spain,ESP,2015,-0.579
Spain,ESP,2016,-0.579
Spain,ESP,2017,-0.579
Spain,ESP,2018,-0.579
Spain,ESP,2019,-0.579
Spain,ESP,2020,-0.386
Spain,ESP,2021,-0.011
Spain,ESP,2022,-0.011
Spain,ESP,2023,0.178
Spain,ESP,2024,0.178
Spain,ESP,2025,-0.092
Sri Lanka,LKA,1950,-1.569
Sri Lanka,LKA,1951,-1.569
Sri Lanka,LKA,1952,-1.077
Sri Lanka,LKA,1953,-1.077
Sri Lanka,LKA,1954,-1.077
Sri Lanka,LKA,1955,-1.077
Sri Lanka,LKA,1956,-0.598
Sri Lanka,LKA,1957,-0.638
Sri Lanka,LKA,1958,-0.638
Sri Lanka,LKA,1959,-0.638
Sri Lanka,LKA,1960,-0.638
Sri Lanka,LKA,1961,-0.638
Sri Lanka,LKA,1962,-0.638
Sri Lanka,LKA,1963,-0.638
Sri Lanka,LKA,1964,-0.638
Sri Lanka,LKA,1965,-0.638
Sri Lanka,LKA,1966,-0.638
Sri Lanka,LKA,1967,-0.638
Sri Lanka,LKA,1968,-0.638
Sri Lanka,LKA,1969,-0.638
Sri Lanka,LKA,1970,-0.638
Sri Lanka,LKA,1971,-0.474
Sri Lanka,LKA,1972,-0.635
Sri Lanka,LKA,1973,-0.635
Sri Lanka,LKA,1974,-0.635
Sri Lanka,LKA,1975,-0.635
Sri Lanka,LKA,1976,-0.635
Sri Lanka,LKA,1977,-0.635
Sri Lanka,LKA,1978,-0.558
Sri Lanka,LKA,1979,-0.558
Sri Lanka,LKA,1980,-0.558
Sri Lanka,LKA,1981,-0.558
Sri Lanka,LKA,1982,-0.558
Sri Lanka,LKA,1983,-0.558
Sri Lanka,LKA,1984,-0.558
Sri Lanka,LKA,1985,-0.558
Sri Lanka,LKA,1986,-0.558
Sri Lanka,LKA,1987,-0.558
Sri Lanka,LKA,1988,-0.558
Sri Lanka,LKA,1989,-0.558
Sri Lanka,LKA,1990,-0.558
Sri Lanka,LKA,1991,-0.558
Sri Lanka,LKA,1992,-0.558
Sri Lanka,LKA,1993,-0.558
Sri Lanka,LKA,1994,-0.558
Sri Lanka,LKA,1995,-0.558
Sri Lanka,LKA,1996,-0.558
Sri Lanka,LKA,1997,-0.558
Sri Lanka,LKA,1998,-0.558
Sri Lanka,LKA,1999,-0.558
Sri Lanka,LKA,2000,-0.558
Sri Lanka,LKA,2001,-0.558
Sri Lanka,LKA,2002,-0.558
Sri Lanka,LKA,2003,-0.558
Sri Lanka,LKA,2004,-0.349
Sri Lanka,LKA,2005,-0.349
Sri Lanka,LKA,2006,-0.349
Sri Lanka,LKA,2007,-0.349
Sri Lanka,LKA,2008,-0.349
Sri Lanka,LKA,2009,-0.349
Sri Lanka,LKA,2010,-0.349
Sri Lanka,LKA,2011,-0.349
Sri Lanka,LKA,2012,-0.349
Sri Lanka,LKA,2013,-0.349
Sri Lanka,LKA,2014,-0.349
Sri Lanka,LKA,2015,-0.349
Sri Lanka,LKA,2016,-0.349
Sri Lanka,LKA,2017,-0.349
Sri Lanka,LKA,2018,-0.349
Sri Lanka,LKA,2019,-0.426
Sri Lanka,LKA,2020,-0.404
Sri Lanka,LKA,2021,-0.613
Sri Lanka,LKA,2022,-0.613
Sri Lanka,LKA,2023,-0.613
Sri Lanka,LKA,2024,-0.673
Sri Lanka,LKA,2025,-1.123
Sudan,SDN,1950,-0.424
Sudan,SDN,1951,-0.424
Sudan,SDN,1952,-0.424
Sudan,SDN,1953,-0.424
Sudan,SDN,1954,-0.424
Sudan,SDN,1955,-0.424
Sudan,SDN,1956,-0.6
Sudan,SDN,1957,-0.428
Sudan,SDN,1958,-0.428
Sudan,SDN,1959,-0.428
Sudan,SDN,1960,-0.178
Sudan,SDN,1961,-0.178
Sudan,SDN,1962,-0.178
Sudan,SDN,1963,-0.178
Sudan,SDN,1964,-0.178
Sudan,SDN,1965,-0.178
Sudan,SDN,1966,-0.178
Sudan,SDN,1967,-0.178
Sudan,SDN,1968,-0.178
Sudan,SDN,1969,-0.178
Sudan,SDN,1970,-0.025
Sudan,SDN,1971,-0.025
Sudan,SDN,1972,-0.025
Sudan,SDN,1973,-0.025
Sudan,SDN,1974,-0.025
Sudan,SDN,1975,-0.025
Sudan,SDN,1976,-0.025
Sudan,SDN,1977,-0.025
Sudan,SDN,1978,-0.025
Sudan,SDN,1979,-0.025
Sudan,SDN,1980,-0.025
Sudan,SDN,1981,-0.025
Sudan,SDN,1982,-0.025
Sudan,SDN,1983,-0.025
Sudan,SDN,1984,-0.025
Sudan,SDN,1985,-0.025
Sudan,SDN,1986,-0.025
Sudan,SDN,1987,-0.025
Sudan,SDN,1988,-0.025
Sudan,SDN,1989,-0.025
Sudan,SDN,1990,0.57
Sudan,SDN,1991,0.57
Sudan,SDN,1992,0.57
Sudan,SDN,1993,0.57
Sudan,SDN,1994,0.57
Sudan,SDN,1995,0.57
Sudan,SDN,1996,0.57
Sudan,SDN,1997,0.57
Sudan,SDN,1998,0.57
Sudan,SDN,1999,0.57
Sudan,SDN,2000,0.905
Sudan,SDN,2001,0.905
Sudan,SDN,2002,0.905
Sudan,SDN,2003,0.905
Sudan,SDN,2004,0.905
Sudan,SDN,2005,0.905
Sudan,SDN,2006,0.905
Sudan,SDN,2007,0.905
Sudan,SDN,2008,0.905
Sudan,SDN,2009,0.905
Sudan,SDN,2010,0.905
Sudan,SDN,2011,0.905
Sudan,SDN,2012,0.905
Sudan,SDN,2013,0.905
Sudan,SDN,2014,0.905
Sudan,SDN,2015,0.905
Sudan,SDN,2016,0.905
Sudan,SDN,2017,0.905
Sudan,SDN,2018,0.905
Sudan,SDN,2019,0.808
Sudan,SDN,2020,0.701
Sudan,SDN,2021,0.544
Sudan,SDN,2022,0.544
Sudan,SDN,2023,0.817
Sudan,SDN,2024,0.981
Sudan,SDN,2025,0.987
Suriname,SUR,1950,-1.856
Suriname,SUR,1951,-1.856
Suriname,SUR,1952,-1.856
Suriname,SUR,1953,-1.856
Suriname,SUR,1954,-1.856
Suriname,SUR,1955,-1.856
Suriname,SUR,1956,-1.856
Suriname,SUR,1957,-1.856
Suriname,SUR,1958,-1.856
Suriname,SUR,1959,-1.856
Suriname,SUR,1960,-1.856
Suriname,SUR,1961,-1.856
Suriname,SUR,1962,-1.856
Suriname,SUR,1963,-1.856
Suriname,SUR,1964,-1.856
Suriname,SUR,1965,-1.856
Suriname,SUR,1966,-1.856
Suriname,SUR,1967,-1.856
Suriname,SUR,1968,-1.856
Suriname,SUR,1969,-1.716
Suriname,SUR,1970,-1.716
Suriname,SUR,1971,-1.716
Suriname,SUR,1972,-1.716
Suriname,SUR,1973,-1.716
Suriname,SUR,1974,-1.716
Suriname,SUR,1975,-1.716
Suriname,SUR,1976,-1.951
Suriname,SUR,1977,-1.951
Suriname,SUR,1978,-1.951
Suriname,SUR,1979,-1.951
Suriname,SUR,1980,-1.577
Suriname,SUR,1981,-1.577
Suriname,SUR,1982,-1.577
Suriname,SUR,1983,-1.577
Suriname,SUR,1984,-1.577
Suriname,SUR,1985,-1.577
Suriname,SUR,1986,-1.497
Suriname,SUR,1987,-1.497
Suriname,SUR,1988,-1.497
Suriname,SUR,1989,-1.497
Suriname,SUR,1990,-1.497
Suriname,SUR,1991,-1.497
Suriname,SUR,1992,-1.497
Suriname,SUR,1993,-1.586
Suriname,SUR,1994,-1.586
Suriname,SUR,1995,-1.586
Suriname,SUR,1996,-1.586
Suriname,SUR,1997,-1.815
Suriname,SUR,1998,-1.815
Suriname,SUR,1999,-1.815
Suriname,SUR,2000,-1.815
Suriname,SUR,2001,-1.815
Suriname,SUR,2002,-1.815
Suriname,SUR,2003,-1.815
Suriname,SUR,2004,-1.815
Suriname,SUR,2005,-1.815
Suriname,SUR,2006,-1.815
Suriname,SUR,2007,-1.815
Suriname,SUR,2008,-1.815
Suriname,SUR,2009,-1.815
Suriname,SUR,2010,-0.642
Suriname,SUR,2011,-0.642
Suriname,SUR,2012,-0.642
Suriname,SUR,2013,-0.642
Suriname,SUR,2014,-0.642
Suriname,SUR,2015,-0.642
Suriname,SUR,2016,-0.642
Suriname,SUR,2017,-0.642
Suriname,SUR,2018,-0.642
Suriname,SUR,2019,-0.642
Suriname,SUR,2020,-0.642
Suriname,SUR,2021,-0.276
Suriname,SUR,2022,-0.638
Suriname,SUR,2023,-0.288
Suriname,SUR,2024,-0.288
Suriname,SUR,2025,-0.73
Sweden,SWE,1950,-2.325
Sweden,SWE,1951,-2.325
Sweden,SWE,1952,-2.325
Sweden,SWE,1953,-2.325
Sweden,SWE,1954,-2.325
Sweden,SWE,1955,-2.325
Sweden,SWE,1956,-2.325
Sweden,SWE,1957,-2.325
Sweden,SWE,1958,-2.325
Sweden,SWE,1959,-2.325
Sweden,SWE,1960,-2.325
Sweden,SWE,1961,-2.325
Sweden,SWE,1962,-2.325
Sweden,SWE,1963,-2.325
Sweden,SWE,1964,-2.325
Sweden,SWE,1965,-2.325
Sweden,SWE,1966,-2.325
Sweden,SWE,1967,-2.155
Sweden,SWE,1968,-2.155
Sweden,SWE,1969,-2.155
Sweden,SWE,1970,-2.33
Sweden,SWE,1971,-2.33
Sweden,SWE,1972,-2.33
Sweden,SWE,1973,-2.33
Sweden,SWE,1974,-2.33
Sweden,SWE,1975,-2.33
Sweden,SWE,1976,-2.33
Sweden,SWE,1977,-2.33
Sweden,SWE,1978,-2.33
Sweden,SWE,1979,-2.33
Sweden,SWE,1980,-2.33
Sweden,SWE,1981,-2.33
Sweden,SWE,1982,-2.33
Sweden,SWE,1983,-2.15
Sweden,SWE,1984,-2.15
Sweden,SWE,1985,-2.15
Sweden,SWE,1986,-2.15
Sweden,SWE,1987,-2.283
Sweden,SWE,1988,-2.283
Sweden,SWE,1989,-2.283
Sweden,SWE,1990,-2.283
Sweden,SWE,1991,-2.283
Sweden,SWE,1992,-2.283
Sweden,SWE,1993,-2.283
Sweden,SWE,1994,-2.283
Sweden,SWE,1995,-2.283
Sweden,SWE,1996,-2.283
Sweden,SWE,1997,-2.283
Sweden,SWE,1998,-2.283
Sweden,SWE,1999,-2.283
Sweden,SWE,2000,-2.283
Sweden,SWE,2001,-2.283
Sweden,SWE,2002,-2.283
Sweden,SWE,2003,-2.283
Sweden,SWE,2004,-2.283
Sweden,SWE,2005,-2.283
Sweden,SWE,2006,-2.283
Sweden,SWE,2007,-2.283
Sweden,SWE,2008,-2.283
Sweden,SWE,2009,-2.283
Sweden,SWE,2010,-2.077
Sweden,SWE,2011,-2.077
Sweden,SWE,2012,-2.077
Sweden,SWE,2013,-2.077
Sweden,SWE,2014,-2.077
Sweden,SWE,2015,-1.793
Sweden,SWE,2016,-1.757
Sweden,SWE,2017,-1.774
Sweden,SWE,2018,-1.774
Sweden,SWE,2019,-1.774
Sweden,SWE,2020,-1.919
Sweden,SWE,2021,-1.511
Sweden,SWE,2022,-1.511
Sweden,SWE,2023,-1.148
Sweden,SWE,2024,-0.668
Sweden,SWE,2025,-0.668
Switzerland,CHE,1950,-2.242
Switzerland,CHE,1951,-2.242
Switzerland,CHE,1952,-2.242
Switzerland,CHE,1953,-2.242
Switzerland,CHE,1954,-2.242
Switzerland,CHE,1955,-2.242
Switzerland,CHE,1956,-2.242
Switzerland,CHE,1957,-3.316
Switzerland,CHE,1958,-3.316
Switzerland,CHE,1959,-3.316
Switzerland,CHE,1960,-3.316
Switzerland,CHE,1961,-3.316
Switzerland,CHE,1962,-3.316
Switzerland,CHE,1963,-3.316
Switzerland,CHE,1964,-3.316
Switzerland,CHE,1965,-3.316
Switzerland,CHE,1966,-3.316
Switzerland,CHE,1967,-3.316
Switzerland,CHE,1968,-2.08
Switzerland,CHE,1969,-2.08
Switzerland,CHE,1970,-2.08
Switzerland,CHE,1971,-2.08
Switzerland,CHE,1972,-2.08
Switzerland,CHE,1973,-2.08
Switzerland,CHE,1974,-2.08
Switzerland,CHE,1975,-2.08
Switzerland,CHE,1976,-2.08
Switzerland,CHE,1977,-2.08
Switzerland,CHE,1978,-2.08
Switzerland,CHE,1979,-2.08
Switzerland,CHE,1980,-2.351
Switzerland,CHE,1981,-2.351
Switzerland,CHE,1982,-2.351
Switzerland,CHE,1983,-2.351
Switzerland,CHE,1984,-2.351
Switzerland,CHE,1985,-2.351
Switzerland,CHE,1986,-2.351
Switzerland,CHE,1987,-2.351
Switzerland,CHE,1988,-2.351
Switzerland,CHE,1989,-2.351
Switzerland,CHE,1990,-2.351
Switzerland,CHE,1991,-2.351
Switzerland,CHE,1992,-1.744
Switzerland,CHE,1993,-1.744
Switzerland,CHE,1994,-1.744
Switzerland,CHE,1995,-1.744
Switzerland,CHE,1996,-1.744
Switzerland,CHE,1997,-1.744
Switzerland,CHE,1998,-1.744
Switzerland,CHE,1999,-1.744
Switzerland,CHE,2000,-1.767
Switzerland,CHE,2001,-1.767
Switzerland,CHE,2002,-1.767
Switzerland,CHE,2003,-1.767
Switzerland,CHE,2004,-1.767
Switzerland,CHE,2005,-1.767
Switzerland,CHE,2006,-1.767
Switzerland,CHE,2007,-1.767
Switzerland,CHE,2008,-1.767
Switzerland,CHE,2009,-1.767
Switzerland,CHE,2010,-1.767
Switzerland,CHE,2011,-1.767
Switzerland,CHE,2012,-1.767
Switzerland,CHE,2013,-1.767
Switzerland,CHE,2014,-1.767
Switzerland,CHE,2015,-1.767
Switzerland,CHE,2016,-1.767
Switzerland,CHE,2017,-1.767
Switzerland,CHE,2018,-1.767
Switzerland,CHE,2019,-1.592
Switzerland,CHE,2020,-1.592
Switzerland,CHE,2021,-1.592
Switzerland,CHE,2022,-1.314
Switzerland,CHE,2023,-1.314
Switzerland,CHE,2024,-1.518
Switzerland,CHE,2025,-1.518
Syria,SYR,1950,0.734
Syria,SYR,1951,1.05
Syria,SYR,1952,0.74
Syria,SYR,1953,0.74
Syria,SYR,1954,1.095
Syria,SYR,1955,1.01
Syria,SYR,1956,1.01
Syria,SYR,1957,1.01
Syria,SYR,1958,1.01
Syria,SYR,1959,1.336
Syria,SYR,1960,1.336
Syria,SYR,1961,1.336
Syria,SYR,1962,0.747
Syria,SYR,1963,1.396
Syria,SYR,1964,0.95
Syria,SYR,1965,0.95
Syria,SYR,1966,1.372
Syria,SYR,1967,0.943
Syria,SYR,1968,0.943
Syria,SYR,1969,1.374
Syria,SYR,1970,1.374
Syria,SYR,1971,1.093
Syria,SYR,1972,1.093
Syria,SYR,1973,1.433
Syria,SYR,1974,1.115
Syria,SYR,1975,1.115
Syria,SYR,1976,1.115
Syria,SYR,1977,1.115
Syria,SYR,1978,1.115
Syria,SYR,1979,1.115
Syria,SYR,1980,2.169
Syria,SYR,1981,1.333
Syria,SYR,1982,2.183
Syria,SYR,1983,1.604
Syria,SYR,1984,1.604
Syria,SYR,1985,1.604
Syria,SYR,1986,1.604
Syria,SYR,1987,1.604
Syria,SYR,1988,1.604
Syria,SYR,1989,1.604
Syria,SYR,1990,1.1
Syria,SYR,1991,1.1
Syria,SYR,1992,1.1
Syria,SYR,1993,1.1
Syria,SYR,1994,1.1
Syria,SYR,1995,1.1
Syria,SYR,1996,1.1
Syria,SYR,1997,1.1
Syria,SYR,1998,1.1
Syria,SYR,1999,1.1
Syria,SYR,2000,0.701
Syria,SYR,2001,1.279
Syria,SYR,2002,1.279
Syria,SYR,2003,1.279
Syria,SYR,2004,1.279
Syria,SYR,2005,1.279
Syria,SYR,2006,1.279
Syria,SYR,2007,1.279
Syria,SYR,2008,1.279
Syria,SYR,2009,1.279
Syria,SYR,2010,1.279
Syria,SYR,2011,3.1
Syria,SYR,2012,3.1
Syria,SYR,2013,3.1
Syria,SYR,2014,3.1
Syria,SYR,2015,3.1
Syria,SYR,2016,3.1
Syria,SYR,2017,3.1
Syria,SYR,2018,3.1
Syria,SYR,2019,3.1
Syria,SYR,2020,3.1
Syria,SYR,2021,3.1
Syria,SYR,2022,3.1
Syria,SYR,2023,3.1
Syria,SYR,2024,0.476
Syria,SYR,2025,0.476
Taiwan,TWN,1950,0.508
Taiwan,TWN,1951,0.7
Taiwan,TWN,1952,0.7
Taiwan,TWN,1953,0.7
Taiwan,TWN,1954,0.7
Taiwan,TWN,1955,0.7
Taiwan,TWN,1956,0.7
Taiwan,TWN,1957,0.7
Taiwan,TWN,1958,0.7
Taiwan,TWN,1959,0.7
Taiwan,TWN,1960,0.7
Taiwan,TWN,1961,0.7
Taiwan,TWN,1962,0.7
Taiwan,TWN,1963,0.7
Taiwan,TWN,1964,0.7
Taiwan,TWN,1965,0.7
Taiwan,TWN,1966,0.7
Taiwan,TWN,1967,0.7
Taiwan,TWN,1968,0.7
Taiwan,TWN,1969,0.7
Taiwan,TWN,1970,0.7
Taiwan,TWN,1971,0.7
Taiwan,TWN,1972,0.7
Taiwan,TWN,1973,0.7
Taiwan,TWN,1974,0.7
Taiwan,TWN,1975,0.641
Taiwan,TWN,1976,0.641
Taiwan,TWN,1977,0.641
Taiwan,TWN,1978,0.641
Taiwan,TWN,1979,0.641
Taiwan,TWN,1980,0.658
Taiwan,TWN,1981,0.658
Taiwan,TWN,1982,0.658
Taiwan,TWN,1983,0.658
Taiwan,TWN,1984,0.658
Taiwan,TWN,1985,0.658
Taiwan,TWN,1986,0.461
Taiwan,TWN,1987,0.146
Taiwan,TWN,1988,0.061
Taiwan,TWN,1989,-0.074
Taiwan,TWN,1990,-0.348
Taiwan,TWN,1991,-0.751
Taiwan,TWN,1992,-0.751
Taiwan,TWN,1993,-0.751
Taiwan,TWN,1994,-0.751
Taiwan,TWN,1995,-0.751
Taiwan,TWN,1996,-1.469
Taiwan,TWN,1997,-1.469
Taiwan,TWN,1998,-1.469
Taiwan,TWN,1999,-1.469
Taiwan,TWN,2000,-1.386
Taiwan,TWN,2001,-1.73
Taiwan,TWN,2002,-1.73
Taiwan,TWN,2003,-1.73
Taiwan,TWN,2004,-1.517
Taiwan,TWN,2005,-1.601
Taiwan,TWN,2006,-1.601
Taiwan,TWN,2007,-1.669
Taiwan,TWN,2008,-1.626
Taiwan,TWN,2009,-2.175
Taiwan,TWN,2010,-2.286
Taiwan,TWN,2011,-2.286
Taiwan,TWN,2012,-2.286
Taiwan,TWN,2013,-2.286
Taiwan,TWN,2014,-2.008
Taiwan,TWN,2015,-2.13
Taiwan,TWN,2016,-1.695
Taiwan,TWN,2017,-1.695
Taiwan,TWN,2018,-1.377
Taiwan,TWN,2019,-1.377
Taiwan,TWN,2020,-0.883
Taiwan,TWN,2021,-1.085
Taiwan,TWN,2022,-1.379
Taiwan,TWN,2023,-1.379
Taiwan,TWN,2024,-0.816
Taiwan,TWN,2025,-1.156
Tajikistan,TJK,1950,0.978
Tajikistan,TJK,1951,0.978
Tajikistan,TJK,1952,0.978
Tajikistan,TJK,1953,0.978
Tajikistan,TJK,1954,0.978
Tajikistan,TJK,1955,0.88
Tajikistan,TJK,1956,0.88
Tajikistan,TJK,1957,0.88
Tajikistan,TJK,1958,0.88
Tajikistan,TJK,1959,0.88
Tajikistan,TJK,1960,0.429
Tajikistan,TJK,1961,0.429
Tajikistan,TJK,1962,0.429
Tajikistan,TJK,1963,0.429
Tajikistan,TJK,1964,0.429
Tajikistan,TJK,1965,0.429
Tajikistan,TJK,1966,0.429
Tajikistan,TJK,1967,0.429
Tajikistan,TJK,1968,0.429
Tajikistan,TJK,1969,0.37
Tajikistan,TJK,1970,0.37
Tajikistan,TJK,1971,0.37
Tajikistan,TJK,1972,0.37
Tajikistan,TJK,1973,0.37
Tajikistan,TJK,1974,0.37
Tajikistan,TJK,1975,0.37
Tajikistan,TJK,1976,0.37
Tajikistan,TJK,1977,0.37
Tajikistan,TJK,1978,0.37
Tajikistan,TJK,1979,0.37
Tajikistan,TJK,1980,0.37
Tajikistan,TJK,1981,0.37
Tajikistan,TJK,1982,0.37
Tajikistan,TJK,1983,0.37
Tajikistan,TJK,1984,0.199
Tajikistan,TJK,1985,0.159
Tajikistan,TJK,1986,0.159
Tajikistan,TJK,1987,0.233
Tajikistan,TJK,1988,0.058
Tajikistan,TJK,1989,0.122
Tajikistan,TJK,1990,-0.249
Tajikistan,TJK,1991,-0.03
Tajikistan,TJK,1992,0.768
Tajikistan,TJK,1993,0.768
Tajikistan,TJK,1994,0.768
Tajikistan,TJK,1995,0.768
Tajikistan,TJK,1996,0.678
Tajikistan,TJK,1997,0.678
Tajikistan,TJK,1998,-0.157
Tajikistan,TJK,1999,-0.385
Tajikistan,TJK,2000,-0.671
Tajikistan,TJK,2001,-0.671
Tajikistan,TJK,2002,-0.671
Tajikistan,TJK,2003,-0.954
Tajikistan,TJK,2004,-0.954
Tajikistan,TJK,2005,-0.954
Tajikistan,TJK,2006,-0.954
Tajikistan,TJK,2007,-0.954
Tajikistan,TJK,2008,-0.954
Tajikistan,TJK,2009,-0.954
Tajikistan,TJK,2010,-0.942
Tajikistan,TJK,2011,-1.278
Tajikistan,TJK,2012,-1.278
Tajikistan,TJK,2013,-1.278
Tajikistan,TJK,2014,-1.251
Tajikistan,TJK,2015,-1.251
Tajikistan,TJK,2016,-1.251
Tajikistan,TJK,2017,-1.251
Tajikistan,TJK,2018,-1.251
Tajikistan,TJK,2019,-1.251
Tajikistan,TJK,2020,-1.251
Tajikistan,TJK,2021,-1.251
Tajikistan,TJK,2022,-1.125
Tajikistan,TJK,2023,-1.454
Tajikistan,TJK,2024,-1.454
Tajikistan,TJK,2025,-1.479
Tanzania,TZA,1950,-0.513
Tanzania,TZA,1951,-0.513
Tanzania,TZA,1952,-0.513
Tanzania,TZA,1953,-0.513
Tanzania,TZA,1954,-0.513
Tanzania,TZA,1955,-0.513
Tanzania,TZA,1956,-0.513
Tanzania,TZA,1957,-0.513
Tanzania,TZA,1958,-0.513
Tanzania,TZA,1959,-0.513
Tanzania,TZA,1960,-1.332
Tanzania,TZA,1961,-2.179
Tanzania,TZA,1962,-2.179
Tanzania,TZA,1963,-2.179
Tanzania,TZA,1964,-1.728
Tanzania,TZA,1965,-2.187
Tanzania,TZA,1966,-2.364
Tanzania,TZA,1967,-1.915
Tanzania,TZA,1968,-1.915
Tanzania,TZA,1969,-1.915
Tanzania,TZA,1970,-1.915
Tanzania,TZA,1971,-1.915
Tanzania,TZA,1972,-1.915
Tanzania,TZA,1973,-1.915
Tanzania,TZA,1974,-1.915
Tanzania,TZA,1975,-1.915
Tanzania,TZA,1976,-1.915
Tanzania,TZA,1977,-1.915
Tanzania,TZA,1978,-1.915
Tanzania,TZA,1979,-1.915
Tanzania,TZA,1980,-1.915
Tanzania,TZA,1981,-1.915
Tanzania,TZA,1982,-1.915
Tanzania,TZA,1983,-1.915
Tanzania,TZA,1984,-1.915
Tanzania,TZA,1985,-1.915
Tanzania,TZA,1986,-1.529
Tanzania,TZA,1987,-1.529
Tanzania,TZA,1988,-1.529
Tanzania,TZA,1989,-1.529
Tanzania,TZA,1990,-1.529
Tanzania,TZA,1991,-1.529
Tanzania,TZA,1992,-1.939
Tanzania,TZA,1993,-1.939
Tanzania,TZA,1994,-1.539
Tanzania,TZA,1995,-1.539
Tanzania,TZA,1996,-1.539
Tanzania,TZA,1997,-1.539
Tanzania,TZA,1998,-1.539
Tanzania,TZA,1999,-1.539
Tanzania,TZA,2000,-1.539
Tanzania,TZA,2001,-1.539
Tanzania,TZA,2002,-1.539
Tanzania,TZA,2003,-1.539
Tanzania,TZA,2004,-1.539
Tanzania,TZA,2005,-1.539
Tanzania,TZA,2006,-1.539
Tanzania,TZA,2007,-1.539
Tanzania,TZA,2008,-1.539
Tanzania,TZA,2009,-1.539
Tanzania,TZA,2010,-1.476
Tanzania,TZA,2011,-1.476
Tanzania,TZA,2012,-1.476
Tanzania,TZA,2013,-1.476
Tanzania,TZA,2014,-1.476
Tanzania,TZA,2015,-1.05
Tanzania,TZA,2016,-0.678
Tanzania,TZA,2017,-0.678
Tanzania,TZA,2018,-0.678
Tanzania,TZA,2019,-0.678
Tanzania,TZA,2020,-0.656
Tanzania,TZA,2021,-0.685
Tanzania,TZA,2022,-0.948
Tanzania,TZA,2023,-0.833
Tanzania,TZA,2024,-0.786
Tanzania,TZA,2025,-0.095
Thailand,THA,1950,-0.552
Thailand,THA,1951,-0.552
Thailand,THA,1952,-0.552
Thailand,THA,1953,-0.552
Thailand,THA,1954,-0.552
Thailand,THA,1955,-0.552
Thailand,THA,1956,-0.552
Thailand,THA,1957,-0.552
Thailand,THA,1958,-0.552
Thailand,THA,1959,-0.552
Thailand,THA,1960,0.085
Thailand,THA,1961,0.085
Thailand,THA,1962,0.085
Thailand,THA,1963,0.085
Thailand,THA,1964,0.085
Thailand,THA,1965,0.085
Thailand,THA,1966,0.085
Thailand,THA,1967,0.085
Thailand,THA,1968,0.085
Thailand,THA,1969,0.085
Thailand,THA,1970,0.085
Thailand,THA,1971,0.085
Thailand,THA,1972,0.257
Thailand,THA,1973,0.385
Thailand,THA,1974,0.385
Thailand,THA,1975,0.385
Thailand,THA,1976,0.659
Thailand,THA,1977,0.532
Thailand,THA,1978,0.532
Thailand,THA,1979,0.532
Thailand,THA,1980,0.134
Thailand,THA,1981,0.134
Thailand,THA,1982,0.134
Thailand,THA,1983,0.134
Thailand,THA,1984,0.134
Thailand,THA,1985,0.134
Thailand,THA,1986,0.134
Thailand,THA,1987,0.134
Thailand,THA,1988,0.134
Thailand,THA,1989,0.134
Thailand,THA,1990,0.134
Thailand,THA,1991,0.134
Thailand,THA,1992,-0.11
Thailand,THA,1993,-0.307
Thailand,THA,1994,-0.307
Thailand,THA,1995,-0.307
Thailand,THA,1996,-0.307
Thailand,THA,1997,-0.307
Thailand,THA,1998,-0.307
Thailand,THA,1999,-0.307
Thailand,THA,2000,-0.202
Thailand,THA,2001,-0.225
Thailand,THA,2002,-0.372
Thailand,THA,2003,-0.794
Thailand,THA,2004,0.645
Thailand,THA,2005,1.742
Thailand,THA,2006,2.802
Thailand,THA,2007,2.061
Thailand,THA,2008,2.737
Thailand,THA,2009,2.737
Thailand,THA,2010,2.737
Thailand,THA,2011,2.737
Thailand,THA,2012,2.737
Thailand,THA,2013,2.402
Thailand,THA,2014,2.54
Thailand,THA,2015,1.863
Thailand,THA,2016,1.319
Thailand,THA,2017,1.304
Thailand,THA,2018,1.79
Thailand,THA,2019,2.002
Thailand,THA,2020,2.272
Thailand,THA,2021,2.468
Thailand,THA,2022,0.887
Thailand,THA,2023,0.949
Thailand,THA,2024,0.958
Thailand,THA,2025,1.561
Togo,TGO,1950,-1.662
Togo,TGO,1951,-1.351
Togo,TGO,1952,-1.351
Togo,TGO,1953,-1.351
Togo,TGO,1954,-1.351
Togo,TGO,1955,-1.351
Togo,TGO,1956,-0.636
Togo,TGO,1957,0.769
Togo,TGO,1958,0.383
Togo,TGO,1959,0.383
Togo,TGO,1960,0.383
Togo,TGO,1961,1.112
Togo,TGO,1962,1.112
Togo,TGO,1963,0.651
Togo,TGO,1964,0.651
Togo,TGO,1965,0.651
Togo,TGO,1966,0.651
Togo,TGO,1967,0.651
Togo,TGO,1968,0.332
Togo,TGO,1969,0.332
Togo,TGO,1970,0.332
Togo,TGO,1971,0.332
Togo,TGO,1972,0.332
Togo,TGO,1973,0.332
Togo,TGO,1974,0.332
Togo,TGO,1975,0.332
Togo,TGO,1976,0.332
Togo,TGO,1977,0.332
Togo,TGO,1978,0.332
Togo,TGO,1979,0.332
Togo,TGO,1980,-0.539
Togo,TGO,1981,-0.539
Togo,TGO,1982,-0.539
Togo,TGO,1983,-0.539
Togo,TGO,1984,-0.539
Togo,TGO,1985,-0.539
Togo,TGO,1986,-0.539
Togo,TGO,1987,-0.539
Togo,TGO,1988,-0.539
Togo,TGO,1989,-0.539
Togo,TGO,1990,1.536
Togo,TGO,1991,1.536
Togo,TGO,1992,2.427
Togo,TGO,1993,2.427
Togo,TGO,1994,2.427
Togo,TGO,1995,2.427
Togo,TGO,1996,2.427
Togo,TGO,1997,2.427
Togo,TGO,1998,2.427
Togo,TGO,1999,2.427
Togo,TGO,2000,2.427
Togo,TGO,2001,2.427
Togo,TGO,2002,2.427
Togo,TGO,2003,2.427
Togo,TGO,2004,2.427
Togo,TGO,2005,1.983
Togo,TGO,2006,1.234
Togo,TGO,2007,1.234
Togo,TGO,2008,1.234
Togo,TGO,2009,1.234
Togo,TGO,2010,1.455
Togo,TGO,2011,1.282
Togo,TGO,2012,1.282
Togo,TGO,2013,1.282
Togo,TGO,2014,1.282
Togo,TGO,2015,1.282
Togo,TGO,2016,1.282
Togo,TGO,2017,1.736
Togo,TGO,2018,1.736
Togo,TGO,2019,1.736
Togo,TGO,2020,1.736
Togo,TGO,2021,1.245
Togo,TGO,2022,-0.03
Togo,TGO,2023,-0.194
Togo,TGO,2024,0.563
Togo,TGO,2025,0.528
Trinidad and Tobago,TTO,1950,-0.682
Trinidad and Tobago,TTO,1951,-0.682
Trinidad and Tobago,TTO,1952,-0.682
Trinidad and Tobago,TTO,1953,-0.682
Trinidad and Tobago,TTO,1954,-0.682
Trinidad and Tobago,TTO,1955,-0.682
Trinidad and Tobago,TTO,1956,-0.682
Trinidad and Tobago,TTO,1957,-0.682
Trinidad and Tobago,TTO,1958,-0.682
Trinidad and Tobago,TTO,1959,-0.682
Trinidad and Tobago,TTO,1960,-1.426
Trinidad and Tobago,TTO,1961,-1.426
Trinidad and Tobago,TTO,1962,-1.426
Trinidad and Tobago,TTO,1963,-1.426
Trinidad and Tobago,TTO,1964,-1.426
Trinidad and Tobago,TTO,1965,-1.426
Trinidad and Tobago,TTO,1966,-1.426
Trinidad and Tobago,TTO,1967,-1.426
Trinidad and Tobago,TTO,1968,-1.426
Trinidad and Tobago,TTO,1969,-1.426
Trinidad and Tobago,TTO,1970,-1.426
Trinidad and Tobago,TTO,1971,-1.426
Trinidad and Tobago,TTO,1972,-1.426
Trinidad and Tobago,TTO,1973,-1.426
Trinidad and Tobago,TTO,1974,-1.426
Trinidad and Tobago,TTO,1975,-1.426
Trinidad and Tobago,TTO,1976,-1.804
Trinidad and Tobago,TTO,1977,-1.804
Trinidad and Tobago,TTO,1978,-1.804
Trinidad and Tobago,TTO,1979,-1.804
Trinidad and Tobago,TTO,1980,-2.168
Trinidad and Tobago,TTO,1981,-2.168
Trinidad and Tobago,TTO,1982,-2.168
Trinidad and Tobago,TTO,1983,-2.168
Trinidad and Tobago,TTO,1984,-2.168
Trinidad and Tobago,TTO,1985,-2.168
Trinidad and Tobago,TTO,1986,-2.168
Trinidad and Tobago,TTO,1987,-2.168
Trinidad and Tobago,TTO,1988,-2.168
Trinidad and Tobago,TTO,1989,-2.168
Trinidad and Tobago,TTO,1990,-2.168
Trinidad and Tobago,TTO,1991,-2.168
Trinidad and Tobago,TTO,1992,-2.168
Trinidad and Tobago,TTO,1993,-2.168
Trinidad and Tobago,TTO,1994,-2.168
Trinidad and Tobago,TTO,1995,-2.168
Trinidad and Tobago,TTO,1996,-2.168
Trinidad and Tobago,TTO,1997,-2.168
Trinidad and Tobago,TTO,1998,-2.168
Trinidad and Tobago,TTO,1999,-2.168
Trinidad and Tobago,TTO,2000,-2.168
Trinidad and Tobago,TTO,2001,-2.168
Trinidad and Tobago,TTO,2002,-2.168
Trinidad and Tobago,TTO,2003,-2.168
Trinidad and Tobago,TTO,2004,-2.168
Trinidad and Tobago,TTO,2005,-2.168
Trinidad and Tobago,TTO,2006,-2.168
Trinidad and Tobago,TTO,2007,-2.168
Trinidad and Tobago,TTO,2008,-2.168
Trinidad and Tobago,TTO,2009,-2.168
Trinidad and Tobago,TTO,2010,-2.168
Trinidad and Tobago,TTO,2011,-2.168
Trinidad and Tobago,TTO,2012,-2.168
Trinidad and Tobago,TTO,2013,-2.168
Trinidad and Tobago,TTO,2014,-2.168
Trinidad and Tobago,TTO,2015,-2.168
Trinidad and Tobago,TTO,2016,-2.168
Trinidad and Tobago,TTO,2017,-2.168
Trinidad and Tobago,TTO,2018,-2.168
Trinidad and Tobago,TTO,2019,-2.168
Trinidad and Tobago,TTO,2020,-2.168
Trinidad and Tobago,TTO,2021,-2.168
Trinidad and Tobago,TTO,2022,-2.136
Trinidad and Tobago,TTO,2023,-2.136
Trinidad and Tobago,TTO,2024,-2.136
Trinidad and Tobago,TTO,2025,-1.993
Tunisia,TUN,1950,1.644
Tunisia,TUN,1951,1.644
Tunisia,TUN,1952,1.644
Tunisia,TUN,1953,1.644
Tunisia,TUN,1954,1.644
Tunisia,TUN,1955,1.644
Tunisia,TUN,1956,1.127
Tunisia,TUN,1957,0.922
Tunisia,TUN,1958,0.922
Tunisia,TUN,1959,0.922
Tunisia,TUN,1960,0.922
Tunisia,TUN,1961,0.922
Tunisia,TUN,1962,1.271
Tunisia,TUN,1963,1.043
Tunisia,TUN,1964,1.043
Tunisia,TUN,1965,1.043
Tunisia,TUN,1966,1.043
Tunisia,TUN,1967,1.043
Tunisia,TUN,1968,1.043
Tunisia,TUN,1969,1.043
Tunisia,TUN,1970,1.043
Tunisia,TUN,1971,1.043
Tunisia,TUN,1972,1.043
Tunisia,TUN,1973,1.043
Tunisia,TUN,1974,1.043
Tunisia,TUN,1975,1.043
Tunisia,TUN,1976,1.043
Tunisia,TUN,1977,1.043
Tunisia,TUN,1978,1.272
Tunisia,TUN,1979,1.068
Tunisia,TUN,1980,1.068
Tunisia,TUN,1981,1.068
Tunisia,TUN,1982,1.068
Tunisia,TUN,1983,1.277
Tunisia,TUN,1984,1.277
Tunisia,TUN,1985,1.069
Tunisia,TUN,1986,1.069
Tunisia,TUN,1987,1.069
Tunisia,TUN,1988,0.841
Tunisia,TUN,1989,0.841
Tunisia,TUN,1990,0.841
Tunisia,TUN,1991,0.841
Tunisia,TUN,1992,0.841
Tunisia,TUN,1993,0.841
Tunisia,TUN,1994,0.841
Tunisia,TUN,1995,0.841
Tunisia,TUN,1996,0.841
Tunisia,TUN,1997,0.841
Tunisia,TUN,1998,0.841
Tunisia,TUN,1999,0.841
Tunisia,TUN,2000,0.841
Tunisia,TUN,2001,0.841
Tunisia,TUN,2002,0.841
Tunisia,TUN,2003,0.841
Tunisia,TUN,2004,0.841
Tunisia,TUN,2005,0.841
Tunisia,TUN,2006,0.841
Tunisia,TUN,2007,0.841
Tunisia,TUN,2008,0.924
Tunisia,TUN,2009,0.843
Tunisia,TUN,2010,0.788
Tunisia,TUN,2011,0.603
Tunisia,TUN,2012,0.603
Tunisia,TUN,2013,0.603
Tunisia,TUN,2014,0.603
Tunisia,TUN,2015,0.368
Tunisia,TUN,2016,0.368
Tunisia,TUN,2017,0.368
Tunisia,TUN,2018,0.368
Tunisia,TUN,2019,0.433
Tunisia,TUN,2020,0.657
Tunisia,TUN,2021,2.522
Tunisia,TUN,2022,1.389
Tunisia,TUN,2023,1.233
Tunisia,TUN,2024,0.945
Tunisia,TUN,2025,0.945
Turkey,TUR,1950,-0.097
Turkey,TUR,1951,-0.097
Turkey,TUR,1952,-0.097
Turkey,TUR,1953,0.152
Turkey,TUR,1954,0.152
Turkey,TUR,1955,0.152
Turkey,TUR,1956,0.358
Turkey,TUR,1957,0.358
Turkey,TUR,1958,0.544
Turkey,TUR,1959,0.544
Turkey,TUR,1960,0.215
Turkey,TUR,1961,0.215
Turkey,TUR,1962,0.215
Turkey,TUR,1963,0.215
Turkey,TUR,1964,0.215
Turkey,TUR,1965,0.215
Turkey,TUR,1966,0.623
Turkey,TUR,1967,0.623
Turkey,TUR,1968,0.838
Turkey,TUR,1969,0.838
Turkey,TUR,1970,1.241
Turkey,TUR,1971,1.241
Turkey,TUR,1972,1.423
Turkey,TUR,1973,1.639
Turkey,TUR,1974,1.639
Turkey,TUR,1975,1.953
Turkey,TUR,1976,1.953
Turkey,TUR,1977,2.19
Turkey,TUR,1978,2.19
Turkey,TUR,1979,2.19
Turkey,TUR,1980,1.2
Turkey,TUR,1981,0.498
Turkey,TUR,1982,0.066
Turkey,TUR,1983,0.066
Turkey,TUR,1984,-0.126
Turkey,TUR,1985,-0.126
Turkey,TUR,1986,-0.126
Turkey,TUR,1987,-0.126
Turkey,TUR,1988,-0.126
Turkey,TUR,1989,-0.126
Turkey,TUR,1990,0.077
Turkey,TUR,1991,0.077
Turkey,TUR,1992,0.077
Turkey,TUR,1993,0.077
Turkey,TUR,1994,0.077
Turkey,TUR,1995,0.077
Turkey,TUR,1996,0.077
Turkey,TUR,1997,0.077
Turkey,TUR,1998,0.077
Turkey,TUR,1999,-0.133
Turkey,TUR,2000,0.044
Turkey,TUR,2001,0.044
Turkey,TUR,2002,0.75
Turkey,TUR,2003,0.75
Turkey,TUR,2004,0.75
Turkey,TUR,2005,0.69
Turkey,TUR,2006,0.69
Turkey,TUR,2007,0.964
Turkey,TUR,2008,1.217
Turkey,TUR,2009,1.292
Turkey,TUR,2010,1.353
Turkey,TUR,2011,1.353
Turkey,TUR,2012,1.523
Turkey,TUR,2013,2.72
Turkey,TUR,2014,2.72
Turkey,TUR,2015,2.923
Turkey,TUR,2016,3.94
Turkey,TUR,2017,3.94
Turkey,TUR,2018,3.75
Turkey,TUR,2019,3.75
Turkey,TUR,2020,3.467
Turkey,TUR,2021,3.467
Turkey,TUR,2022,3.506
Turkey,TUR,2023,3.085
Turkey,TUR,2024,3.362
Turkey,TUR,2025,3.362
Turkmenistan,TKM,1950,0.978
Turkmenistan,TKM,1951,0.978
Turkmenistan,TKM,1952,0.978
Turkmenistan,TKM,1953,0.978
Turkmenistan,TKM,1954,0.978
Turkmenistan,TKM,1955,0.88
Turkmenistan,TKM,1956,0.88
Turkmenistan,TKM,1957,0.88
Turkmenistan,TKM,1958,0.88
Turkmenistan,TKM,1959,0.88
Turkmenistan,TKM,1960,0.429
Turkmenistan,TKM,1961,0.429
Turkmenistan,TKM,1962,0.429
Turkmenistan,TKM,1963,0.429
Turkmenistan,TKM,1964,0.429
Turkmenistan,TKM,1965,0.429
Turkmenistan,TKM,1966,0.429
Turkmenistan,TKM,1967,0.429
Turkmenistan,TKM,1968,0.429
Turkmenistan,TKM,1969,0.37
Turkmenistan,TKM,1970,0.37
Turkmenistan,TKM,1971,0.37
Turkmenistan,TKM,1972,0.37
Turkmenistan,TKM,1973,0.37
Turkmenistan,TKM,1974,0.37
Turkmenistan,TKM,1975,0.37
Turkmenistan,TKM,1976,0.37
Turkmenistan,TKM,1977,0.37
Turkmenistan,TKM,1978,0.37
Turkmenistan,TKM,1979,0.37
Turkmenistan,TKM,1980,0.37
Turkmenistan,TKM,1981,0.37
Turkmenistan,TKM,1982,0.37
Turkmenistan,TKM,1983,0.37
Turkmenistan,TKM,1984,0.199
Turkmenistan,TKM,1985,0.159
Turkmenistan,TKM,1986,0.159
Turkmenistan,TKM,1987,0.233
Turkmenistan,TKM,1988,0.058
Turkmenistan,TKM,1989,0.122
Turkmenistan,TKM,1990,-2.718
Turkmenistan,TKM,1991,-2.718
Turkmenistan,TKM,1992,-2.718
Turkmenistan,TKM,1993,-2.718
Turkmenistan,TKM,1994,-2.973
Turkmenistan,TKM,1995,-2.973
Turkmenistan,TKM,1996,-2.973
Turkmenistan,TKM,1997,-2.717
Turkmenistan,TKM,1998,-2.717
Turkmenistan,TKM,1999,-2.717
Turkmenistan,TKM,2000,-2.507
Turkmenistan,TKM,2001,-2.507
Turkmenistan,TKM,2002,-2.507
Turkmenistan,TKM,2003,-2.507
Turkmenistan,TKM,2004,-2.507
Turkmenistan,TKM,2005,-2.507
Turkmenistan,TKM,2006,-2.507
Turkmenistan,TKM,2007,-2.507
Turkmenistan,TKM,2008,-2.507
Turkmenistan,TKM,2009,-2.507
Turkmenistan,TKM,2010,-2.507
Turkmenistan,TKM,2011,-2.507
Turkmenistan,TKM,2012,-2.507
Turkmenistan,TKM,2013,-2.507
Turkmenistan,TKM,2014,-2.507
Turkmenistan,TKM,2015,-2.507
Turkmenistan,TKM,2016,-2.507
Turkmenistan,TKM,2017,-2.339
Turkmenistan,TKM,2018,-2.339
Turkmenistan,TKM,2019,-2.339
Turkmenistan,TKM,2020,-2.339
Turkmenistan,TKM,2021,-2.339
Turkmenistan,TKM,2022,-2.339
Turkmenistan,TKM,2023,-1.823
Turkmenistan,TKM,2024,-1.823
Turkmenistan,TKM,2025,-2.211
Uganda,UGA,1950,-1.249
Uganda,UGA,1951,-1.373
Uganda,UGA,1952,-1.373
Uganda,UGA,1953,-1.373
Uganda,UGA,1954,-1.373
Uganda,UGA,1955,-1.373
Uganda,UGA,1956,-1.373
Uganda,UGA,1957,-1.373
Uganda,UGA,1958,-1.373
Uganda,UGA,1959,-1.373
Uganda,UGA,1960,-0.473
Uganda,UGA,1961,-0.473
Uganda,UGA,1962,-0.715
Uganda,UGA,1963,-0.715
Uganda,UGA,1964,-0.715
Uganda,UGA,1965,0.176
Uganda,UGA,1966,0.334
Uganda,UGA,1967,0.334
Uganda,UGA,1968,0.334
Uganda,UGA,1969,0.521
Uganda,UGA,1970,1.044
Uganda,UGA,1971,1.992
Uganda,UGA,1972,1.992
Uganda,UGA,1973,1.992
Uganda,UGA,1974,1.992
Uganda,UGA,1975,1.992
Uganda,UGA,1976,1.992
Uganda,UGA,1977,1.992
Uganda,UGA,1978,1.992
Uganda,UGA,1979,1.992
Uganda,UGA,1980,1.712
Uganda,UGA,1981,1.712
Uganda,UGA,1982,1.712
Uganda,UGA,1983,1.712
Uganda,UGA,1984,1.712
Uganda,UGA,1985,1.665
Uganda,UGA,1986,0.172
Uganda,UGA,1987,-0.788
Uganda,UGA,1988,-0.788
Uganda,UGA,1989,-0.788
Uganda,UGA,1990,-0.992
Uganda,UGA,1991,-0.992
Uganda,UGA,1992,-0.992
Uganda,UGA,1993,-0.992
Uganda,UGA,1994,-0.992
Uganda,UGA,1995,-0.992
Uganda,UGA,1996,-0.783
Uganda,UGA,1997,-0.628
Uganda,UGA,1998,-0.628
Uganda,UGA,1999,-0.628
Uganda,UGA,2000,-0.065
Uganda,UGA,2001,-0.147
Uganda,UGA,2002,-0.147
Uganda,UGA,2003,-0.147
Uganda,UGA,2004,-0.147
Uganda,UGA,2005,-0.147
Uganda,UGA,2006,-0.421
Uganda,UGA,2007,-0.421
Uganda,UGA,2008,-0.297
Uganda,UGA,2009,-0.349
Uganda,UGA,2010,-0.349
Uganda,UGA,2011,-0.349
Uganda,UGA,2012,-0.349
Uganda,UGA,2013,-0.238
Uganda,UGA,2014,-0.33
Uganda,UGA,2015,-0.33
Uganda,UGA,2016,-0.33
Uganda,UGA,2017,0.091
Uganda,UGA,2018,0.091
Uganda,UGA,2019,0.091
Uganda,UGA,2020,0.015
Uganda,UGA,2021,-0.365
Uganda,UGA,2022,-0.344
Uganda,UGA,2023,-0.251
Uganda,UGA,2024,0.003
Uganda,UGA,2025,-0.034
Ukraine,UKR,1950,0.978
Ukraine,UKR,1951,0.978
Ukraine,UKR,1952,0.978
Ukraine,UKR,1953,0.978
Ukraine,UKR,1954,0.978
Ukraine,UKR,1955,0.88
Ukraine,UKR,1956,0.88
Ukraine,UKR,1957,0.88
Ukraine,UKR,1958,0.88
Ukraine,UKR,1959,0.88
Ukraine,UKR,1960,0.429
Ukraine,UKR,1961,0.429
Ukraine,UKR,1962,0.429
Ukraine,UKR,1963,0.429
Ukraine,UKR,1964,0.429
Ukraine,UKR,1965,0.429
Ukraine,UKR,1966,0.429
Ukraine,UKR,1967,0.429
Ukraine,UKR,1968,0.429
Ukraine,UKR,1969,0.37
Ukraine,UKR,1970,0.37
Ukraine,UKR,1971,0.37
Ukraine,UKR,1972,0.37
Ukraine,UKR,1973,0.37
Ukraine,UKR,1974,0.37
Ukraine,UKR,1975,0.37
Ukraine,UKR,1976,0.37
Ukraine,UKR,1977,0.37
Ukraine,UKR,1978,0.37
Ukraine,UKR,1979,0.37
Ukraine,UKR,1980,0.37
Ukraine,UKR,1981,0.37
Ukraine,UKR,1982,0.37
Ukraine,UKR,1983,0.37
Ukraine,UKR,1984,0.199
Ukraine,UKR,1985,0.159
Ukraine,UKR,1986,0.159
Ukraine,UKR,1987,0.233
Ukraine,UKR,1988,0.058
Ukraine,UKR,1989,0.122
Ukraine,UKR,1990,-1.512
Ukraine,UKR,1991,-1.668
Ukraine,UKR,1992,-1.334
Ukraine,UKR,1993,-1.487
Ukraine,UKR,1994,-1.899
Ukraine,UKR,1995,-1.899
Ukraine,UKR,1996,-1.899
Ukraine,UKR,1997,-1.899
Ukraine,UKR,1998,-1.899
Ukraine,UKR,1999,-1.754
Ukraine,UKR,2000,-1.036
Ukraine,UKR,2001,-1.036
Ukraine,UKR,2002,-1.416
Ukraine,UKR,2003,-1.416
Ukraine,UKR,2004,0.854
Ukraine,UKR,2005,0.216
Ukraine,UKR,2006,-0.633
Ukraine,UKR,2007,-0.662
Ukraine,UKR,2008,-0.117
Ukraine,UKR,2009,-1.023
Ukraine,UKR,2010,-0.316
Ukraine,UKR,2011,-1.181
Ukraine,UKR,2012,-1.181
Ukraine,UKR,2013,-0.481
Ukraine,UKR,2014,2.061
Ukraine,UKR,2015,1.871
Ukraine,UKR,2016,1.871
Ukraine,UKR,2017,1.65
Ukraine,UKR,2018,1.266
Ukraine,UKR,2019,1.404
Ukraine,UKR,2020,1.356
Ukraine,UKR,2021,1.375
Ukraine,UKR,2022,1.543
Ukraine,UKR,2023,1.645
Ukraine,UKR,2024,1.798
Ukraine,UKR,2025,1.798
United Arab Emirates,ARE,1971,-1.171
United Arab Emirates,ARE,1972,-1.171
United Arab Emirates,ARE,1973,-1.171
United Arab Emirates,ARE,1974,-1.318
United Arab Emirates,ARE,1975,-1.318
United Arab Emirates,ARE,1976,-1.318
United Arab Emirates,ARE,1977,-1.318
United Arab Emirates,ARE,1978,-1.318
United Arab Emirates,ARE,1979,-1.318
United Arab Emirates,ARE,1980,-1.318
United Arab Emirates,ARE,1981,-1.318
United Arab Emirates,ARE,1982,-1.318
United Arab Emirates,ARE,1983,-1.318
United Arab Emirates,ARE,1984,-1.318
United Arab Emirates,ARE,1985,-1.318
United Arab Emirates,ARE,1986,-1.318
United Arab Emirates,ARE,1987,-1.318
United Arab Emirates,ARE,1988,-1.318
United Arab Emirates,ARE,1989,-1.318
United Arab Emirates,ARE,1990,-1.318
United Arab Emirates,ARE,1991,-1.318
United Arab Emirates,ARE,1992,-1.318
United Arab Emirates,ARE,1993,-1.318
United Arab Emirates,ARE,1994,-1.318
United Arab Emirates,ARE,1995,-1.318
United Arab Emirates,ARE,1996,-1.318
United Arab Emirates,ARE,1997,-1.318
United Arab Emirates,ARE,1998,-1.318
United Arab Emirates,ARE,1999,-1.318
United Arab Emirates,ARE,2000,-1.318
United Arab Emirates,ARE,2001,-1.318
United Arab Emirates,ARE,2002,-1.318
United Arab Emirates,ARE,2003,-1.318
United Arab Emirates,ARE,2004,-1.318
United Arab Emirates,ARE,2005,-1.318
United Arab Emirates,ARE,2006,-1.318
United Arab Emirates,ARE,2007,-1.318
United Arab Emirates,ARE,2008,-1.318
United Arab Emirates,ARE,2009,-1.318
United Arab Emirates,ARE,2010,-1.113
United Arab Emirates,ARE,2011,-1.113
United Arab Emirates,ARE,2012,-1.113
United Arab Emirates,ARE,2013,-1.113
United Arab Emirates,ARE,2014,-1.113
United Arab Emirates,ARE,2015,-1.113
United Arab Emirates,ARE,2016,-1.457
United Arab Emirates,ARE,2017,-1.457
United Arab Emirates,ARE,2018,-1.457
United Arab Emirates,ARE,2019,-1.457
United Arab Emirates,ARE,2020,-1.457
United Arab Emirates,ARE,2021,-1.457
United Arab Emirates,ARE,2022,-1.457
United Arab Emirates,ARE,2023,-1.457
United Arab Emirates,ARE,2024,-1.457
United Arab Emirates,ARE,2025,-1.457
United Kingdom,GBR,1950,-0.828
United Kingdom,GBR,1951,-0.828
United Kingdom,GBR,1952,-0.828
United Kingdom,GBR,1953,-0.828
United Kingdom,GBR,1954,-0.828
United Kingdom,GBR,1955,-0.828
United Kingdom,GBR,1956,-0.828
United Kingdom,GBR,1957,-0.828
United Kingdom,GBR,1958,-0.828
United Kingdom,GBR,1959,-0.828
United Kingdom,GBR,1960,-0.828
United Kingdom,GBR,1961,-0.828
United Kingdom,GBR,1962,-0.828
United Kingdom,GBR,1963,-0.828
United Kingdom,GBR,1964,-0.828
United Kingdom,GBR,1965,-0.828
United Kingdom,GBR,1966,-0.828
United Kingdom,GBR,1967,-0.828
United Kingdom,GBR,1968,-0.828
United Kingdom,GBR,1969,-0.828
United Kingdom,GBR,1970,-0.828
United Kingdom,GBR,1971,-0.828
United Kingdom,GBR,1972,-0.828
United Kingdom,GBR,1973,-0.828
United Kingdom,GBR,1974,-0.828
United Kingdom,GBR,1975,-0.828
United Kingdom,GBR,1976,-0.828
United Kingdom,GBR,1977,-0.828
United Kingdom,GBR,1978,-0.828
United Kingdom,GBR,1979,-0.828
United Kingdom,GBR,1980,-0.828
United Kingdom,GBR,1981,-0.828
United Kingdom,GBR,1982,-0.828
United Kingdom,GBR,1983,-0.828
United Kingdom,GBR,1984,-0.828
United Kingdom,GBR,1985,-0.828
United Kingdom,GBR,1986,-0.828
United Kingdom,GBR,1987,-0.828
United Kingdom,GBR,1988,-0.828
United Kingdom,GBR,1989,-0.828
United Kingdom,GBR,1990,-0.828
United Kingdom,GBR,1991,-0.828
United Kingdom,GBR,1992,-0.828
United Kingdom,GBR,1993,-0.828
United Kingdom,GBR,1994,-0.828
United Kingdom,GBR,1995,-0.828
United Kingdom,GBR,1996,-0.828
United Kingdom,GBR,1997,-0.828
United Kingdom,GBR,1998,-0.828
United Kingdom,GBR,1999,-0.828
United Kingdom,GBR,2000,-0.828
United Kingdom,GBR,2001,-0.828
United Kingdom,GBR,2002,-0.828
United Kingdom,GBR,2003,-0.828
United Kingdom,GBR,2004,-0.828
United Kingdom,GBR,2005,-0.828
United Kingdom,GBR,2006,-0.828
United Kingdom,GBR,2007,-0.828
United Kingdom,GBR,2008,-0.828
United Kingdom,GBR,2009,-0.828
United Kingdom,GBR,2010,-0.828
United Kingdom,GBR,2011,-0.828
United Kingdom,GBR,2012,-0.828
United Kingdom,GBR,2013,-0.828
United Kingdom,GBR,2014,-0.828
United Kingdom,GBR,2015,-0.828
United Kingdom,GBR,2016,-0.828
United Kingdom,GBR,2017,-0.124
United Kingdom,GBR,2018,-0.124
United Kingdom,GBR,2019,-0.124
United Kingdom,GBR,2020,-0.124
United Kingdom,GBR,2021,0.031
United Kingdom,GBR,2022,-0.102
United Kingdom,GBR,2023,-0.281
United Kingdom,GBR,2024,-0.281
United Kingdom,GBR,2025,-0.281
United States,USA,1950,-0.965
United States,USA,1951,-0.965
United States,USA,1952,-0.965
United States,USA,1953,-0.965
United States,USA,1954,-0.965
United States,USA,1955,-1.205
United States,USA,1956,-1.205
United States,USA,1957,-1.205
United States,USA,1958,-1.205
United States,USA,1959,-1.205
United States,USA,1960,-1.478
United States,USA,1961,-1.478
United States,USA,1962,-1.288
United States,USA,1963,-1.142
United States,USA,1964,-1.263
United States,USA,1965,-0.941
United States,USA,1966,-0.941
United States,USA,1967,-0.771
United States,USA,1968,-0.629
United States,USA,1969,-0.776
United States,USA,1970,-0.725
United States,USA,1971,-0.725
United States,USA,1972,-0.725
United States,USA,1973,-0.971
United States,USA,1974,-0.971
United States,USA,1975,-1.31
United States,USA,1976,-1.31
United States,USA,1977,-1.31
United States,USA,1978,-1.31
United States,USA,1979,-1.31
United States,USA,1980,-1.008
United States,USA,1981,-0.82
United States,USA,1982,-1.019
United States,USA,1983,-1.019
United States,USA,1984,-1.019
United States,USA,1985,-1.019
United States,USA,1986,-1.019
United States,USA,1987,-1.019
United States,USA,1988,-1.019
United States,USA,1989,-1.019
United States,USA,1990,-0.925
United States,USA,1991,-0.925
United States,USA,1992,-0.8
United States,USA,1993,-0.8
United States,USA,1994,-0.654
United States,USA,1995,-0.698
United States,USA,1996,-0.698
United States,USA,1997,-0.698
United States,USA,1998,-0.698
United States,USA,1999,-0.698
United States,USA,2000,-0.456
United States,USA,2001,-0.637
United States,USA,2002,-0.342
United States,USA,2003,-0.342
United States,USA,2004,-0.342
United States,USA,2005,-0.261
United States,USA,2006,-0.326
United States,USA,2007,-0.326
United States,USA,2008,-0.125
United States,USA,2009,0.108
United States,USA,2010,0.406
United States,USA,2011,0.406
United States,USA,2012,0.406
United States,USA,2013,0.406
United States,USA,2014,0.449
United States,USA,2015,0.5
United States,USA,2016,1.08
United States,USA,2017,1.525
United States,USA,2018,1.525
United States,USA,2019,1.525
United States,USA,2020,1.972
United States,USA,2021,1.701
United States,USA,2022,1.49
United States,USA,2023,1.454
United States,USA,2024,1.938
United States,USA,2025,2.3
Uruguay,URY,1950,-1.85
Uruguay,URY,1951,-1.85
Uruguay,URY,1952,-1.85
Uruguay,URY,1953,-1.85
Uruguay,URY,1954,-1.85
Uruguay,URY,1955,-1.516
Uruguay,URY,1956,-1.516
Uruguay,URY,1957,-1.516
Uruguay,URY,1958,-1.156
Uruguay,URY,1959,-0.845
Uruguay,URY,1960,-0.572
Uruguay,URY,1961,-0.299
Uruguay,URY,1962,-0.299
Uruguay,URY,1963,-0.299
Uruguay,URY,1964,-0.299
Uruguay,URY,1965,-0.299
Uruguay,URY,1966,0.829
Uruguay,URY,1967,0.829
Uruguay,URY,1968,0.829
Uruguay,URY,1969,0.829
Uruguay,URY,1970,0.829
Uruguay,URY,1971,0.829
Uruguay,URY,1972,0.829
Uruguay,URY,1973,2.247
Uruguay,URY,1974,2.247
Uruguay,URY,1975,2.247
Uruguay,URY,1976,2.247
Uruguay,URY,1977,2.247
Uruguay,URY,1978,2.247
Uruguay,URY,1979,2.247
Uruguay,URY,1980,2.247
Uruguay,URY,1981,1.413
Uruguay,URY,1982,1.413
Uruguay,URY,1983,1.413
Uruguay,URY,1984,0.934
Uruguay,URY,1985,-1.049
Uruguay,URY,1986,-1.049
Uruguay,URY,1987,-2.042
Uruguay,URY,1988,-2.042
Uruguay,URY,1989,-2.042
Uruguay,URY,1990,-2.338
Uruguay,URY,1991,-2.338
Uruguay,URY,1992,-2.338
Uruguay,URY,1993,-2.338
Uruguay,URY,1994,-2.338
Uruguay,URY,1995,-2.338
Uruguay,URY,1996,-3.055
Uruguay,URY,1997,-3.055
Uruguay,URY,1998,-3.055
Uruguay,URY,1999,-3.055
Uruguay,URY,2000,-3.055
Uruguay,URY,2001,-2.705
Uruguay,URY,2002,-2.705
Uruguay,URY,2003,-2.705
Uruguay,URY,2004,-3.352
Uruguay,URY,2005,-3.352
Uruguay,URY,2006,-3.352
Uruguay,URY,2007,-3.352
Uruguay,URY,2008,-3.352
Uruguay,URY,2009,-3.352
Uruguay,URY,2010,-3.352
Uruguay,URY,2011,-3.352
Uruguay,URY,2012,-3.352
Uruguay,URY,2013,-3.352
Uruguay,URY,2014,-3.352
Uruguay,URY,2015,-3.352
Uruguay,URY,2016,-3.352
Uruguay,URY,2017,-3.352
Uruguay,URY,2018,-3.352
Uruguay,URY,2019,-2.969
Uruguay,URY,2020,-2.002
Uruguay,URY,2021,-2.539
Uruguay,URY,2022,-2.539
Uruguay,URY,2023,-2.046
Uruguay,URY,2024,-1.583
Uruguay,URY,2025,-1.806
Uzbekistan,UZB,1950,0.978
Uzbekistan,UZB,1951,0.978
Uzbekistan,UZB,1952,0.978
Uzbekistan,UZB,1953,0.978
Uzbekistan,UZB,1954,0.978
Uzbekistan,UZB,1955,0.88
Uzbekistan,UZB,1956,0.88
Uzbekistan,UZB,1957,0.88
Uzbekistan,UZB,1958,0.88
Uzbekistan,UZB,1959,0.88
Uzbekistan,UZB,1960,0.429
Uzbekistan,UZB,1961,0.429
Uzbekistan,UZB,1962,0.429
Uzbekistan,UZB,1963,0.429
Uzbekistan,UZB,1964,0.429
Uzbekistan,UZB,1965,0.429
Uzbekistan,UZB,1966,0.429
Uzbekistan,UZB,1967,0.429
Uzbekistan,UZB,1968,0.429
Uzbekistan,UZB,1969,0.37
Uzbekistan,UZB,1970,0.37
Uzbekistan,UZB,1971,0.37
Uzbekistan,UZB,1972,0.37
Uzbekistan,UZB,1973,0.37
Uzbekistan,UZB,1974,0.37
Uzbekistan,UZB,1975,0.37
Uzbekistan,UZB,1976,0.37
Uzbekistan,UZB,1977,0.37
Uzbekistan,UZB,1978,0.37
Uzbekistan,UZB,1979,0.37
Uzbekistan,UZB,1980,0.37
Uzbekistan,UZB,1981,0.37
Uzbekistan,UZB,1982,0.37
Uzbekistan,UZB,1983,0.37
Uzbekistan,UZB,1984,0.199
Uzbekistan,UZB,1985,0.159
Uzbekistan,UZB,1986,0.159
Uzbekistan,UZB,1987,0.233
Uzbekistan,UZB,1988,0.058
Uzbekistan,UZB,1989,0.122
Uzbekistan,UZB,1990,-0.185
Uzbekistan,UZB,1991,-0.262
Uzbekistan,UZB,1992,-0.629
Uzbekistan,UZB,1993,-1.56
Uzbekistan,UZB,1994,-1.663
Uzbekistan,UZB,1995,-1.753
Uzbekistan,UZB,1996,-2.087
Uzbekistan,UZB,1997,-2.087
Uzbekistan,UZB,1998,-2.087
Uzbekistan,UZB,1999,-2.087
Uzbekistan,UZB,2000,-2.529
Uzbekistan,UZB,2001,-2.529
Uzbekistan,UZB,2002,-2.529
Uzbekistan,UZB,2003,-2.529
Uzbekistan,UZB,2004,-2.529
Uzbekistan,UZB,2005,-2.181
Uzbekistan,UZB,2006,-1.99
Uzbekistan,UZB,2007,-2.084
Uzbekistan,UZB,2008,-2.157
Uzbekistan,UZB,2009,-2.157
Uzbekistan,UZB,2010,-2.157
Uzbekistan,UZB,2011,-2.157
Uzbekistan,UZB,2012,-2.157
Uzbekistan,UZB,2013,-2.157
Uzbekistan,UZB,2014,-2.157
Uzbekistan,UZB,2015,-2.157
Uzbekistan,UZB,2016,-1.937
Uzbekistan,UZB,2017,-1.585
Uzbekistan,UZB,2018,-1.585
Uzbekistan,UZB,2019,-1.483
Uzbekistan,UZB,2020,-1.483
Uzbekistan,UZB,2021,-1.483
Uzbekistan,UZB,2022,-1.41
Uzbekistan,UZB,2023,-1.182
Uzbekistan,UZB,2024,-1.182
Uzbekistan,UZB,2025,-1.425
Vanuatu,VUT,1950,-1.402
Vanuatu,VUT,1951,-1.402
Vanuatu,VUT,1952,-1.402
Vanuatu,VUT,1953,-1.402
Vanuatu,VUT,1954,-1.402
Vanuatu,VUT,1955,-1.402
Vanuatu,VUT,1956,-1.402
Vanuatu,VUT,1957,-1.402
Vanuatu,VUT,1958,-1.402
Vanuatu,VUT,1959,-1.402
Vanuatu,VUT,1960,-1.402
Vanuatu,VUT,1961,-1.402
Vanuatu,VUT,1962,-1.402
Vanuatu,VUT,1963,-1.402
Vanuatu,VUT,1964,-1.402
Vanuatu,VUT,1965,-1.402
Vanuatu,VUT,1966,-1.402
Vanuatu,VUT,1967,-1.402
Vanuatu,VUT,1968,-1.402
Vanuatu,VUT,1969,-1.402
Vanuatu,VUT,1970,-1.123
Vanuatu,VUT,1971,-1.123
Vanuatu,VUT,1972,-1.123
Vanuatu,VUT,1973,-1.123
Vanuatu,VUT,1974,-1.123
Vanuatu,VUT,1975,-1.123
Vanuatu,VUT,1976,-1.123
Vanuatu,VUT,1977,-0.856
Vanuatu,VUT,1978,-0.856
Vanuatu,VUT,1979,-0.163
Vanuatu,VUT,1980,-1.073
Vanuatu,VUT,1981,-1.216
Vanuatu,VUT,1982,-1.46
Vanuatu,VUT,1983,-1.46
Vanuatu,VUT,1984,-1.46
Vanuatu,VUT,1985,-1.46
Vanuatu,VUT,1986,-1.46
Vanuatu,VUT,1987,-1.46
Vanuatu,VUT,1988,-1.46
Vanuatu,VUT,1989,-1.46
Vanuatu,VUT,1990,-1.46
Vanuatu,VUT,1991,-1.46
Vanuatu,VUT,1992,-1.46
Vanuatu,VUT,1993,-1.46
Vanuatu,VUT,1994,-1.46
Vanuatu,VUT,1995,-1.46
Vanuatu,VUT,1996,-1.46
Vanuatu,VUT,1997,-1.46
Vanuatu,VUT,1998,-1.46
Vanuatu,VUT,1999,-1.46
Vanuatu,VUT,2000,-1.46
Vanuatu,VUT,2001,-1.46
Vanuatu,VUT,2002,-1.46
Vanuatu,VUT,2003,-1.46
Vanuatu,VUT,2004,-1.46
Vanuatu,VUT,2005,-1.46
Vanuatu,VUT,2006,-1.46
Vanuatu,VUT,2007,-1.46
Vanuatu,VUT,2008,-1.46
Vanuatu,VUT,2009,-1.46
Vanuatu,VUT,2010,-1.46
Vanuatu,VUT,2011,-1.46
Vanuatu,VUT,2012,-1.46
Vanuatu,VUT,2013,-1.46
Vanuatu,VUT,2014,-1.46
Vanuatu,VUT,2015,-1.46
Vanuatu,VUT,2016,-1.46
Vanuatu,VUT,2017,-1.46
Vanuatu,VUT,2018,-1.46
Vanuatu,VUT,2019,-1.46
Vanuatu,VUT,2020,-1.928
Vanuatu,VUT,2021,-1.928
Vanuatu,VUT,2022,-1.928
Vanuatu,VUT,2023,-1.928
Venezuela,VEN,1950,0.72
Venezuela,VEN,1951,0.72
Venezuela,VEN,1952,0.72
Venezuela,VEN,1953,1.011
Venezuela,VEN,1954,1.011
Venezuela,VEN,1955,1.011
Venezuela,VEN,1956,1.011
Venezuela,VEN,1957,1.011
Venezuela,VEN,1958,-0.584
Venezuela,VEN,1959,-0.798
Venezuela,VEN,1960,-0.152
Venezuela,VEN,1961,-0.152
Venezuela,VEN,1962,0.208
Venezuela,VEN,1963,0.208
Venezuela,VEN,1964,0.014
Venezuela,VEN,1965,-0.233
Venezuela,VEN,1966,-0.233
Venezuela,VEN,1967,-0.233
Venezuela,VEN,1968,-0.42
Venezuela,VEN,1969,-0.72
Venezuela,VEN,1970,-1.709
Venezuela,VEN,1971,-1.709
Venezuela,VEN,1972,-1.709
Venezuela,VEN,1973,-2.688
Venezuela,VEN,1974,-2.909
Venezuela,VEN,1975,-2.909
Venezuela,VEN,1976,-2.909
Venezuela,VEN,1977,-2.909
Venezuela,VEN,1978,-2.527
Venezuela,VEN,1979,-2.932
Venezuela,VEN,1980,-2.932
Venezuela,VEN,1981,-2.932
Venezuela,VEN,1982,-2.932
Venezuela,VEN,1983,-2.545
Venezuela,VEN,1984,-2.887
Venezuela,VEN,1985,-2.887
Venezuela,VEN,1986,-2.843
Venezuela,VEN,1987,-2.843
Venezuela,VEN,1988,-1.858
Venezuela,VEN,1989,-1.477
Venezuela,VEN,1990,-2.178
Venezuela,VEN,1991,-2.178
Venezuela,VEN,1992,-0.908
Venezuela,VEN,1993,-2.052
Venezuela,VEN,1994,-2.164
Venezuela,VEN,1995,-2.164
Venezuela,VEN,1996,-2.164
Venezuela,VEN,1997,-2.164
Venezuela,VEN,1998,-1.749
Venezuela,VEN,1999,-0.567
Venezuela,VEN,2000,0.379
Venezuela,VEN,2001,0.379
Venezuela,VEN,2002,0.923
Venezuela,VEN,2003,1.026
Venezuela,VEN,2004,1.026
Venezuela,VEN,2005,1.248
Venezuela,VEN,2006,1.248
Venezuela,VEN,2007,1.941
Venezuela,VEN,2008,1.941
Venezuela,VEN,2009,1.941
Venezuela,VEN,2010,1.941
Venezuela,VEN,2011,1.941
Venezuela,VEN,2012,1.941
Venezuela,VEN,2013,2.166
Venezuela,VEN,2014,2.172
Venezuela,VEN,2015,2.076
Venezuela,VEN,2016,2.076
Venezuela,VEN,2017,2.472
Venezuela,VEN,2018,2.472
Venezuela,VEN,2019,2.103
Venezuela,VEN,2020,2.103
Venezuela,VEN,2021,1.687
Venezuela,VEN,2022,1.617
Venezuela,VEN,2023,1.973
Venezuela,VEN,2024,2.227
Venezuela,VEN,2025,2.227
Vietnam,VNM,1976,1.12
Vietnam,VNM,1977,0.89
Vietnam,VNM,1978,0.89
Vietnam,VNM,1979,0.89
Vietnam,VNM,1980,0.665
Vietnam,VNM,1981,0.665
Vietnam,VNM,1982,0.665
Vietnam,VNM,1983,0.665
Vietnam,VNM,1984,0.665
Vietnam,VNM,1985,0.665
Vietnam,VNM,1986,0.665
Vietnam,VNM,1987,0.665
Vietnam,VNM,1988,0.665
Vietnam,VNM,1989,0.665
Vietnam,VNM,1990,0.234
Vietnam,VNM,1991,0.234
Vietnam,VNM,1992,0.145
Vietnam,VNM,1993,0.145
Vietnam,VNM,1994,0.145
Vietnam,VNM,1995,0.145
Vietnam,VNM,1996,0.145
Vietnam,VNM,1997,0.145
Vietnam,VNM,1998,0.145
Vietnam,VNM,1999,0.145
Vietnam,VNM,2000,0.181
Vietnam,VNM,2001,0.181
Vietnam,VNM,2002,0.181
Vietnam,VNM,2003,0.181
Vietnam,VNM,2004,0.181
Vietnam,VNM,2005,0.181
Vietnam,VNM,2006,0.181
Vietnam,VNM,2007,0.181
Vietnam,VNM,2008,0.181
Vietnam,VNM,2009,0.181
Vietnam,VNM,2010,0.181
Vietnam,VNM,2011,0.181
Vietnam,VNM,2012,0.181
Vietnam,VNM,2013,0.181
Vietnam,VNM,2014,0.181
Vietnam,VNM,2015,0.181
Vietnam,VNM,2016,0.181
Vietnam,VNM,2017,0.46
Vietnam,VNM,2018,0.46
Vietnam,VNM,2019,0.46
Vietnam,VNM,2020,0.46
Vietnam,VNM,2021,0.408
Vietnam,VNM,2022,0.332
Vietnam,VNM,2023,0.401
Vietnam,VNM,2024,0.485
Vietnam,VNM,2025,0.6
West Germany,OWID_GFR,1950,-0.878
West Germany,OWID_GFR,1951,-0.878
West Germany,OWID_GFR,1952,-0.878
West Germany,OWID_GFR,1953,-0.878
West Germany,OWID_GFR,1954,-1.372
West Germany,OWID_GFR,1955,-1.372
West Germany,OWID_GFR,1956,-1.372
West Germany,OWID_GFR,1957,-1.372
West Germany,OWID_GFR,1958,-1.372
West Germany,OWID_GFR,1959,-1.372
West Germany,OWID_GFR,1960,-1.372
West Germany,OWID_GFR,1961,-1.372
West Germany,OWID_GFR,1962,-1.372
West Germany,OWID_GFR,1963,-1.372
West Germany,OWID_GFR,1964,-1.372
West Germany,OWID_GFR,1965,-1.199
West Germany,OWID_GFR,1966,-1.199
West Germany,OWID_GFR,1967,-0.858
West Germany,OWID_GFR,1968,-0.406
West Germany,OWID_GFR,1969,-0.406
West Germany,OWID_GFR,1970,-0.573
West Germany,OWID_GFR,1971,-0.573
West Germany,OWID_GFR,1972,-0.573
West Germany,OWID_GFR,1973,-0.573
West Germany,OWID_GFR,1974,-0.573
West Germany,OWID_GFR,1975,-0.573
West Germany,OWID_GFR,1976,-0.373
West Germany,OWID_GFR,1977,-0.373
West Germany,OWID_GFR,1978,-0.664
West Germany,OWID_GFR,1979,-0.664
West Germany,OWID_GFR,1980,-0.664
West Germany,OWID_GFR,1981,-0.664
West Germany,OWID_GFR,1982,-0.383
West Germany,OWID_GFR,1983,-0.383
West Germany,OWID_GFR,1984,-2.254
West Germany,OWID_GFR,1985,-2.254
West Germany,OWID_GFR,1986,-2.254
West Germany,OWID_GFR,1987,-2.254
West Germany,OWID_GFR,1988,-2.254
West Germany,OWID_GFR,1989,-2.254
West Germany,OWID_GFR,1990,-2.438
World,OWID_WRL,1950,-0.21059602
World,OWID_WRL,1951,-0.19985527
World,OWID_WRL,1952,-0.194875
World,OWID_WRL,1953,-0.18179606
World,OWID_WRL,1954,-0.19102632
World,OWID_WRL,1955,-0.18845394
World,OWID_WRL,1956,-0.18323027
World,OWID_WRL,1957,-0.19644737
World,OWID_WRL,1958,-0.20747368
World,OWID_WRL,1959,-0.18161842
World,OWID_WRL,1960,-0.15411921
World,OWID_WRL,1961,-0.15670395
World,OWID_WRL,1962,-0.1534671
World,OWID_WRL,1963,-0.15080263
World,OWID_WRL,1964,-0.15607236
World,OWID_WRL,1965,-0.13607237
World,OWID_WRL,1966,-0.11034211
World,OWID_WRL,1967,-0.06825658
World,OWID_WRL,1968,-0.030210523
World,OWID_WRL,1969,-0.021065786
World,OWID_WRL,1970,0.015934212
World,OWID_WRL,1971,0.008500003
World,OWID_WRL,1972,0.01353247
World,OWID_WRL,1973,0.02353247
World,OWID_WRL,1974,0.0115259765
World,OWID_WRL,1975,0.0028116906
World,OWID_WRL,1976,-0.03644805
World,OWID_WRL,1977,-0.03225974
World,OWID_WRL,1978,-0.04167532
World,OWID_WRL,1979,-0.05077922
World,OWID_WRL,1980,-0.11406493
World,OWID_WRL,1981,-0.1295065
World,OWID_WRL,1982,-0.13266884
World,OWID_WRL,1983,-0.14058442
World,OWID_WRL,1984,-0.1906039
World,OWID_WRL,1985,-0.2134026
World,OWID_WRL,1986,-0.23714936
World,OWID_WRL,1987,-0.22989611
World,OWID_WRL,1988,-0.24353248
World,OWID_WRL,1989,-0.22792904
World,OWID_WRL,1990,-0.3391716
World,OWID_WRL,1991,-0.32370177
World,OWID_WRL,1992,-0.30886704
World,OWID_WRL,1993,-0.33444253
World,OWID_WRL,1994,-0.32745975
World,OWID_WRL,1995,-0.35404024
World,OWID_WRL,1996,-0.38913792
World,OWID_WRL,1997,-0.39105174
World,OWID_WRL,1998,-0.40181714
World,OWID_WRL,1999,-0.38013068
World,OWID_WRL,2000,-0.4295819
World,OWID_WRL,2001,-0.44097176
World,OWID_WRL,2002,-0.4401243
World,OWID_WRL,2003,-0.45054802
World,OWID_WRL,2004,-0.43348587
World,OWID_WRL,2005,-0.43543503
World,OWID_WRL,2006,-0.41728812
World,OWID_WRL,2007,-0.38989887
World,OWID_WRL,2008,-0.37592697
World,OWID_WRL,2009,-0.36992696
World,OWID_WRL,2010,-0.31935954
World,OWID_WRL,2011,-0.27567038
World,OWID_WRL,2012,-0.25240782
World,OWID_WRL,2013,-0.21784917
World,OWID_WRL,2014,-0.17129609
World,OWID_WRL,2015,-0.14781006
World,OWID_WRL,2016,-0.07967598
World,OWID_WRL,2017,-0.041273743
World,OWID_WRL,2018,-0.008223462
World,OWID_WRL,2019,0.042145252
World,OWID_WRL,2020,0.1060391
World,OWID_WRL,2021,0.21772626
World,OWID_WRL,2022,0.19792178
World,OWID_WRL,2023,0.22715643
World,OWID_WRL,2024,0.28742698
World,OWID_WRL,2025,0.29401714
World (population-weighted),,1950,-0.04680451
World (population-weighted),,1951,0.046607357
World (population-weighted),,1952,0.0507255
World (population-weighted),,1953,0.060419004
World (population-weighted),,1954,0.108484335
World (population-weighted),,1955,0.050057217
World (population-weighted),,1956,0.050220568
World (population-weighted),,1957,-0.07326237
World (population-weighted),,1958,-0.081482105
World (population-weighted),,1959,-0.078081794
World (population-weighted),,1960,-0.053561296
World (population-weighted),,1961,-0.08180243
World (population-weighted),,1962,0.03781854
World (population-weighted),,1963,0.0469664
World (population-weighted),,1964,0.0805632
World (population-weighted),,1965,0.18085186
World (population-weighted),,1966,0.5324914
World (population-weighted),,1967,0.52912736
World (population-weighted),,1968,0.59290075
World (population-weighted),,1969,0.55054903
World (population-weighted),,1970,0.4813603
World (population-weighted),,1971,0.59554344
World (population-weighted),,1972,0.5949789
World (population-weighted),,1973,0.57628495
World (population-weighted),,1974,0.5562394
World (population-weighted),,1975,0.6066052
World (population-weighted),,1976,0.5473321
World (population-weighted),,1977,0.28973708
World (population-weighted),,1978,0.12807754
World (population-weighted),,1979,-0.12013948
World (population-weighted),,1980,-0.24564311
World (population-weighted),,1981,-0.23605533
World (population-weighted),,1982,-0.2389152
World (population-weighted),,1983,-0.23321219
World (population-weighted),,1984,-0.19426517
World (population-weighted),,1985,-0.25591817
World (population-weighted),,1986,-0.33607292
World (population-weighted),,1987,-0.3357305
World (population-weighted),,1988,-0.43986723
World (population-weighted),,1989,-0.07007797
World (population-weighted),,1990,-0.27125692
World (population-weighted),,1991,-0.3187264
World (population-weighted),,1992,-0.23645903
World (population-weighted),,1993,-0.35098794
World (population-weighted),,1994,-0.35438284
World (population-weighted),,1995,-0.3721927
World (population-weighted),,1996,-0.38194588
World (population-weighted),,1997,-0.38651726
World (population-weighted),,1998,-0.37082005
World (population-weighted),,1999,-0.36309612
World (population-weighted),,2000,-0.41746548
World (population-weighted),,2001,-0.35519564
World (population-weighted),,2002,-0.3775175
World (population-weighted),,2003,-0.4322432
World (population-weighted),,2004,-0.39618823
World (population-weighted),,2005,-0.45384404
World (population-weighted),,2006,-0.43587372
World (population-weighted),,2007,-0.43371272
World (population-weighted),,2008,-0.37687492
World (population-weighted),,2009,-0.34726906
World (population-weighted),,2010,-0.31627297
World (population-weighted),,2011,-0.26801598
World (population-weighted),,2012,-0.19720912
World (population-weighted),,2013,-0.08239732
World (population-weighted),,2014,0.20612273
World (population-weighted),,2015,0.251873
World (population-weighted),,2016,0.3891479
World (population-weighted),,2017,0.46515635
World (population-weighted),,2018,0.5245257
World (population-weighted),,2019,0.54569674
World (population-weighted),,2020,0.451456
World (population-weighted),,2021,0.58378637
World (population-weighted),,2022,0.6073637
World (population-weighted),,2023,0.83858246
World (population-weighted),,2024,0.87220037
World (population-weighted),,2025,0.89672077
Yemen,YEM,1991,-0.036
Yemen,YEM,1992,-0.036
Yemen,YEM,1993,0.288
Yemen,YEM,1994,0.74
Yemen,YEM,1995,0.542
Yemen,YEM,1996,0.542
Yemen,YEM,1997,0.178
Yemen,YEM,1998,0.178
Yemen,YEM,1999,0.178
Yemen,YEM,2000,0.346
Yemen,YEM,2001,0.346
Yemen,YEM,2002,0.346
Yemen,YEM,2003,0.346
Yemen,YEM,2004,0.692
Yemen,YEM,2005,0.692
Yemen,YEM,2006,0.692
Yemen,YEM,2007,0.692
Yemen,YEM,2008,0.692
Yemen,YEM,2009,0.692
Yemen,YEM,2010,1.521
Yemen,YEM,2011,1.698
Yemen,YEM,2012,1.698
Yemen,YEM,2013,1.698
Yemen,YEM,2014,1.698
Yemen,YEM,2015,2.85
Yemen,YEM,2016,2.85
Yemen,YEM,2017,2.85
Yemen,YEM,2018,2.85
Yemen,YEM,2019,2.85
Yemen,YEM,2020,2.85
Yemen,YEM,2021,2.85
Yemen,YEM,2022,2.85
Yemen,YEM,2023,2.85
Yemen,YEM,2024,2.85
Yemen,YEM,2025,2.81
Yemen Arab Republic,OWID_YAR,1950,0.136
Yemen Arab Republic,OWID_YAR,1951,0.136
Yemen Arab Republic,OWID_YAR,1952,0.136
Yemen Arab Republic,OWID_YAR,1953,0.136
Yemen Arab Republic,OWID_YAR,1954,0.136
Yemen Arab Republic,OWID_YAR,1955,0.136
Yemen Arab Republic,OWID_YAR,1956,0.136
Yemen Arab Republic,OWID_YAR,1957,0.136
Yemen Arab Republic,OWID_YAR,1958,0.136
Yemen Arab Republic,OWID_YAR,1959,0.136
Yemen Arab Republic,OWID_YAR,1960,0.205
Yemen Arab Republic,OWID_YAR,1961,0.205
Yemen Arab Republic,OWID_YAR,1962,1.159
Yemen Arab Republic,OWID_YAR,1963,1.015
Yemen Arab Republic,OWID_YAR,1964,1.015
Yemen Arab Republic,OWID_YAR,1965,1.015
Yemen Arab Republic,OWID_YAR,1966,1.015
Yemen Arab Republic,OWID_YAR,1967,1.015
Yemen Arab Republic,OWID_YAR,1968,0.15
Yemen Arab Republic,OWID_YAR,1969,0.15
Yemen Arab Republic,OWID_YAR,1970,0.15
Yemen Arab Republic,OWID_YAR,1971,0.15
Yemen Arab Republic,OWID_YAR,1972,0.15
Yemen Arab Republic,OWID_YAR,1973,0.15
Yemen Arab Republic,OWID_YAR,1974,0.15
Yemen Arab Republic,OWID_YAR,1975,0.15
Yemen Arab Republic,OWID_YAR,1976,0.15
Yemen Arab Republic,OWID_YAR,1977,0.15
Yemen Arab Republic,OWID_YAR,1978,0.15
Yemen Arab Republic,OWID_YAR,1979,0.15
Yemen Arab Republic,OWID_YAR,1980,0.15
Yemen Arab Republic,OWID_YAR,1981,0.15
Yemen Arab Republic,OWID_YAR,1982,0.15
Yemen Arab Republic,OWID_YAR,1983,0.15
Yemen Arab Republic,OWID_YAR,1984,0.15
Yemen Arab Republic,OWID_YAR,1985,0.15
Yemen Arab Republic,OWID_YAR,1986,0.15
Yemen Arab Republic,OWID_YAR,1987,0.15
Yemen Arab Republic,OWID_YAR,1988,0.15
Yemen Arab Republic,OWID_YAR,1989,0.15
Yemen Arab Republic,OWID_YAR,1990,-0.036
Zambia,ZMB,1950,-1.469
Zambia,ZMB,1951,-1.469
Zambia,ZMB,1952,-1.469
Zambia,ZMB,1953,-0.965
Zambia,ZMB,1954,-0.965
Zambia,ZMB,1955,-0.965
Zambia,ZMB,1956,-0.965
Zambia,ZMB,1957,-0.965
Zambia,ZMB,1958,-0.965
Zambia,ZMB,1959,-0.965
Zambia,ZMB,1960,-0.569
Zambia,ZMB,1961,-0.79
Zambia,ZMB,1962,-0.79
Zambia,ZMB,1963,-0.16
Zambia,ZMB,1964,-0.16
Zambia,ZMB,1965,-0.16
Zambia,ZMB,1966,-0.16
Zambia,ZMB,1967,-0.16
Zambia,ZMB,1968,-0.16
Zambia,ZMB,1969,-0.16
Zambia,ZMB,1970,-0.16
Zambia,ZMB,1971,-0.16
Zambia,ZMB,1972,-0.16
Zambia,ZMB,1973,-0.16
Zambia,ZMB,1974,-0.549
Zambia,ZMB,1975,-0.549
Zambia,ZMB,1976,-0.549
Zambia,ZMB,1977,-0.549
Zambia,ZMB,1978,-0.549
Zambia,ZMB,1979,-0.549
Zambia,ZMB,1980,-0.549
Zambia,ZMB,1981,-0.549
Zambia,ZMB,1982,-0.549
Zambia,ZMB,1983,-0.549
Zambia,ZMB,1984,-0.549
Zambia,ZMB,1985,-0.549
Zambia,ZMB,1986,-0.549
Zambia,ZMB,1987,-0.549
Zambia,ZMB,1988,-0.549
Zambia,ZMB,1989,-0.549
Zambia,ZMB,1990,-0.549
Zambia,ZMB,1991,-0.514
Zambia,ZMB,1992,-0.514
Zambia,ZMB,1993,-0.514
Zambia,ZMB,1994,-0.514
Zambia,ZMB,1995,-0.514
Zambia,ZMB,1996,-0.346
Zambia,ZMB,1997,-0.53
Zambia,ZMB,1998,-0.53
Zambia,ZMB,1999,-0.53
Zambia,ZMB,2000,-0.338
Zambia,ZMB,2001,-0.184
Zambia,ZMB,2002,-0.372
Zambia,ZMB,2003,-0.372
Zambia,ZMB,2004,-0.372
Zambia,ZMB,2005,-0.372
Zambia,ZMB,2006,0.065
Zambia,ZMB,2007,-0.078
Zambia,ZMB,2008,0.025
Zambia,ZMB,2009,0.025
Zambia,ZMB,2010,0.025
Zambia,ZMB,2011,0.025
Zambia,ZMB,2012,0.025
Zambia,ZMB,2013,0.025
Zambia,ZMB,2014,0.189
Zambia,ZMB,2015,0.189
Zambia,ZMB,2016,0.189
Zambia,ZMB,2017,0.413
Zambia,ZMB,2018,0.413
Zambia,ZMB,2019,0.413
Zambia,ZMB,2020,0.413
Zambia,ZMB,2021,0.434
Zambia,ZMB,2022,-0.254
Zambia,ZMB,2023,-0.521
Zambia,ZMB,2024,-0.502
Zambia,ZMB,2025,-0.195
Zanzibar,OWID_ZAN,1950,1.128
Zanzibar,OWID_ZAN,1951,1.128
Zanzibar,OWID_ZAN,1952,1.128
Zanzibar,OWID_ZAN,1953,1.128
Zanzibar,OWID_ZAN,1954,1.128
Zanzibar,OWID_ZAN,1955,1.128
Zanzibar,OWID_ZAN,1956,1.128
Zanzibar,OWID_ZAN,1957,1.128
Zanzibar,OWID_ZAN,1958,1.128
Zanzibar,OWID_ZAN,1959,1.128
Zanzibar,OWID_ZAN,1960,-0.633
Zanzibar,OWID_ZAN,1961,-0.633
Zanzibar,OWID_ZAN,1962,-0.633
Zanzibar,OWID_ZAN,1963,-0.633
Zanzibar,OWID_ZAN,1964,-0.941
Zanzibar,OWID_ZAN,1965,-0.941
Zanzibar,OWID_ZAN,1966,-0.941
Zanzibar,OWID_ZAN,1967,-0.941
Zanzibar,OWID_ZAN,1968,-1.031
Zanzibar,OWID_ZAN,1969,-1.031
Zanzibar,OWID_ZAN,1970,-1.031
Zanzibar,OWID_ZAN,1971,-1.031
Zanzibar,OWID_ZAN,1972,-1.031
Zanzibar,OWID_ZAN,1973,-1.031
Zanzibar,OWID_ZAN,1974,-1.031
Zanzibar,OWID_ZAN,1975,-1.031
Zanzibar,OWID_ZAN,1976,-1.031
Zanzibar,OWID_ZAN,1977,-1.031
Zanzibar,OWID_ZAN,1978,-1.031
Zanzibar,OWID_ZAN,1979,-1.031
Zanzibar,OWID_ZAN,1980,-1.031
Zanzibar,OWID_ZAN,1981,-1.031
Zanzibar,OWID_ZAN,1982,-1.031
Zanzibar,OWID_ZAN,1983,-1.031
Zanzibar,OWID_ZAN,1984,-1.031
Zanzibar,OWID_ZAN,1985,-1.031
Zanzibar,OWID_ZAN,1986,-1.031
Zanzibar,OWID_ZAN,1987,-1.031
Zanzibar,OWID_ZAN,1988,-1.031
Zanzibar,OWID_ZAN,1989,-1.031
Zanzibar,OWID_ZAN,1990,0.053
Zanzibar,OWID_ZAN,1991,0.053
Zanzibar,OWID_ZAN,1992,0.053
Zanzibar,OWID_ZAN,1993,0.053
Zanzibar,OWID_ZAN,1994,0.053
Zanzibar,OWID_ZAN,1995,0.34
Zanzibar,OWID_ZAN,1996,0.34
Zanzibar,OWID_ZAN,1997,0.34
Zanzibar,OWID_ZAN,1998,0.34
Zanzibar,OWID_ZAN,1999,0.34
Zanzibar,OWID_ZAN,2000,0.216
Zanzibar,OWID_ZAN,2001,0.286
Zanzibar,OWID_ZAN,2002,0.286
Zanzibar,OWID_ZAN,2003,0.286
Zanzibar,OWID_ZAN,2004,0.01
Zanzibar,OWID_ZAN,2005,0.01
Zanzibar,OWID_ZAN,2006,0.01
Zanzibar,OWID_ZAN,2007,-0.124
Zanzibar,OWID_ZAN,2008,-0.041
Zanzibar,OWID_ZAN,2009,-0.041
Zanzibar,OWID_ZAN,2010,-1.181
Zanzibar,OWID_ZAN,2011,-1.311
Zanzibar,OWID_ZAN,2012,-1.59
Zanzibar,OWID_ZAN,2013,-1.59
Zanzibar,OWID_ZAN,2014,-1.457
Zanzibar,OWID_ZAN,2015,-1.092
Zanzibar,OWID_ZAN,2016,0.246
Zanzibar,OWID_ZAN,2017,0.16
Zanzibar,OWID_ZAN,2018,0.16
Zanzibar,OWID_ZAN,2019,0.16
Zanzibar,OWID_ZAN,2020,-0.621
Zanzibar,OWID_ZAN,2021,-1.673
Zanzibar,OWID_ZAN,2022,-1.673
Zanzibar,OWID_ZAN,2023,-1.348
Zanzibar,OWID_ZAN,2024,-1.348
Zanzibar,OWID_ZAN,2025,-1.348
Zimbabwe,ZWE,1950,0.225
Zimbabwe,ZWE,1951,0.225
Zimbabwe,ZWE,1952,0.225
Zimbabwe,ZWE,1953,0.225
Zimbabwe,ZWE,1954,0.225
Zimbabwe,ZWE,1955,0.225
Zimbabwe,ZWE,1956,0.225
Zimbabwe,ZWE,1957,0.225
Zimbabwe,ZWE,1958,0.225
Zimbabwe,ZWE,1959,0.225
Zimbabwe,ZWE,1960,0.379
Zimbabwe,ZWE,1961,0.379
Zimbabwe,ZWE,1962,0.379
Zimbabwe,ZWE,1963,0.379
Zimbabwe,ZWE,1964,0.379
Zimbabwe,ZWE,1965,0.789
Zimbabwe,ZWE,1966,0.901
Zimbabwe,ZWE,1967,0.901
Zimbabwe,ZWE,1968,0.901
Zimbabwe,ZWE,1969,0.901
Zimbabwe,ZWE,1970,0.901
Zimbabwe,ZWE,1971,0.901
Zimbabwe,ZWE,1972,0.901
Zimbabwe,ZWE,1973,0.901
Zimbabwe,ZWE,1974,0.901
Zimbabwe,ZWE,1975,0.901
Zimbabwe,ZWE,1976,0.901
Zimbabwe,ZWE,1977,0.901
Zimbabwe,ZWE,1978,0.901
Zimbabwe,ZWE,1979,0.901
Zimbabwe,ZWE,1980,0.517
Zimbabwe,ZWE,1981,0.249
Zimbabwe,ZWE,1982,0.249
Zimbabwe,ZWE,1983,0.425
Zimbabwe,ZWE,1984,0.425
Zimbabwe,ZWE,1985,0.425
Zimbabwe,ZWE,1986,0.425
Zimbabwe,ZWE,1987,0.242
Zimbabwe,ZWE,1988,0.308
Zimbabwe,ZWE,1989,0.308
Zimbabwe,ZWE,1990,0.51
Zimbabwe,ZWE,1991,0.51
Zimbabwe,ZWE,1992,0.51
Zimbabwe,ZWE,1993,0.51
Zimbabwe,ZWE,1994,0.51
Zimbabwe,ZWE,1995,0.51
Zimbabwe,ZWE,1996,0.51
Zimbabwe,ZWE,1997,0.51
Zimbabwe,ZWE,1998,0.706
Zimbabwe,ZWE,1999,0.854
Zimbabwe,ZWE,2000,2.431
Zimbabwe,ZWE,2001,2.431
Zimbabwe,ZWE,2002,2.431
Zimbabwe,ZWE,2003,2.431
Zimbabwe,ZWE,2004,2.431
Zimbabwe,ZWE,2005,2.431
Zimbabwe,ZWE,2006,2.431
Zimbabwe,ZWE,2007,2.431
Zimbabwe,ZWE,2008,2.431
Zimbabwe,ZWE,2009,2.431
Zimbabwe,ZWE,2010,1.58
Zimbabwe,ZWE,2011,1.58
Zimbabwe,ZWE,2012,1.58
Zimbabwe,ZWE,2013,1.58
Zimbabwe,ZWE,2014,1.998
Zimbabwe,ZWE,2015,1.998
Zimbabwe,ZWE,2016,2.468
Zimbabwe,ZWE,2017,2.408
Zimbabwe,ZWE,2018,2.056
Zimbabwe,ZWE,2019,2.458
Zimbabwe,ZWE,2020,2.162
Zimbabwe,ZWE,2021,1.699
Zimbabwe,ZWE,2022,1.699
Zimbabwe,ZWE,2023,1.62
Zimbabwe,ZWE,2024,1.347
Zimbabwe,ZWE,2025,1.238