code,year,in_letter,n_sup,target,rating,rater_lr,target_lr,target_vs,distance,target_extr,target_bloc,fptp,tier,micro
ARG,2015,6,144.0,0,2.4791666666666665,5.670843776106934,5.281840591618734,37.4,0.3890031844881996,0.2818405916187343,center,0.0,False,0
ARG,2015,7,42.0,0,2.238095238095238,4.912521440823328,5.281840591618734,37.4,0.36931915079540634,0.2818405916187343,center,0.0,False,0
AUS,1996,3,52.0,0,4.423076923076923,4.687640449438202,4.327659574468085,38.699999999999996,0.359980874970117,0.6723404255319148,center,1.0,True,0
AUS,2004,2,83.0,0,2.855421686746988,3.2125,7.03542234332425,40.470000000000006,3.8229223433242505,2.0354223433242504,right,1.0,True,0
AUS,2013,2,234.0,0,2.1326482420592177,2.985480833246824,6.49568265614546,40.940000000000005,3.5102018228986362,1.4956826561454601,right,1.0,True,0
AUS,2019,2,239.0,0,2.6491965990072632,3.0045632024512043,6.424511062536049,36.659999999999975,3.4199478600848447,1.424511062536049,right,1.0,True,0
AUS,2019,3,60.0,0,7.727891333511573,6.175591801910037,6.424511062536049,36.659999999999975,0.24891926062601222,1.424511062536049,right,1.0,True,0
AUS,2019,5,39.0,0,5.052819941293735,6.396461279473314,6.424511062536049,36.659999999999975,0.028049783062734868,1.424511062536049,right,1.0,True,0
AUT,2008,1,277.0,0,3.907331096979716,5.694807606712212,2.993937037431632,29.300000000000008,2.70087056928058,2.006062962568368,left,0.0,True,0
AUT,2008,3,47.0,0,3.923636013994419,7.366314487312008,2.993937037431632,29.300000000000008,4.372377449880376,2.006062962568368,left,0.0,True,0
AUT,2008,4,69.0,0,5.07019209005636,2.5650281672048383,2.993937037431632,29.300000000000008,0.4289088702267936,2.006062962568368,left,0.0,True,0
AUT,2013,2,61.0,0,3.3729946120008685,7.210469541395964,3.8447691152249335,26.819999999999997,3.365700426171031,1.1552308847750665,left,0.0,True,0
AUT,2013,3,86.0,0,4.886230753707453,3.1685284120219372,3.8447691152249335,26.819999999999997,0.6762407032029962,1.1552308847750665,left,0.0,True,0
AUT,2017,1,266.0,0,3.6431492499028715,3.467966142155906,6.277252549137649,31.470000000000002,2.809286406981743,1.277252549137649,right,0.0,True,0
AUT,2017,4,33.0,0,2.623190666628849,2.897417426267105,6.277252549137649,31.470000000000002,3.379835122870544,1.277252549137649,right,0.0,True,0
AUT,2017,5,55.0,0,2.709407925451674,2.4695908599739886,6.277252549137649,31.470000000000002,3.8076616891636603,1.277252549137649,right,0.0,True,0
BGR,2014,3,50.0,0,5.036417418391313,8.02954666345129,7.52580755711474,32.670000000000016,0.5037391063365506,2.5258075571147396,right,0.0,False,0
CAN,2011,3,47.0,0,3.425531914893617,3.695259593679458,7.088775510204082,39.63000000000001,3.3935159165246236,2.0887755102040817,right,1.0,False,0
CAN,2011,4,33.0,0,2.757575757575758,3.310077519379845,7.088775510204082,39.63000000000001,3.7786979908242366,2.0887755102040817,right,1.0,False,0
CAN,2015,1,285.0,0,3.8105263157894735,7.38232795242141,4.850085178875639,39.47,2.5322427735457715,0.14991482112436127,center,1.0,False,0
CAN,2015,2,178.0,0,5.578651685393258,3.4850299401197606,4.850085178875639,39.47,1.365055238755878,0.14991482112436127,center,1.0,False,0
CAN,2015,3,32.0,0,3.6875,4.000945179584121,4.850085178875639,39.47,0.8491399992915181,0.14991482112436127,center,1.0,False,0
CAN,2015,4,44.0,0,6.113636363636363,3.08503100088574,4.850085178875639,39.47,1.765054177989899,0.14991482112436127,center,1.0,False,0
CAN,2019,2,438.0,0,2.273595673432907,3.3519152013465834,6.896624649183683,34.34000000000001,3.5447094478370995,1.896624649183683,right,1.0,False,0
CAN,2019,3,94.0,0,3.2108693374566935,4.454362121638477,6.896624649183683,34.34000000000001,2.442262527545206,1.896624649183683,right,1.0,False,0
CAN,2019,4,209.0,0,3.0288897628401754,3.1877096577141466,6.896624649183683,34.34000000000001,3.7089149914695363,1.896624649183683,right,1.0,False,0
CAN,2019,5,54.0,0,5.944792037898212,7.193252071421027,6.896624649183683,34.34000000000001,0.29662742223734373,1.896624649183683,right,1.0,False,0
CHL,2005,3,88.0,0,6.133220170258248,8.260492691764272,8.960390137835136,22.36,0.6998974460708638,3.9603901378351356,far-right,0.0,True,0
CHL,2009,3,32.0,0,2.0595709879963775,4.114825521316052,9.184377517288043,25.589999999999993,5.069551995971991,4.184377517288043,far-right,0.0,True,0
CHL,2009,4,70.0,0,1.175467859802503,2.9929982773179096,9.184377517288043,25.589999999999993,6.191379239970134,4.184377517288043,far-right,0.0,True,0
CHL,2017,3,74.0,0,1.0183006311971394,2.5808839218107296,7.90816861409298,17.81,5.32728469228225,2.90816861409298,right,0.0,True,0
CHL,2017,6,38.0,0,0.9490123204718323,1.5488387765975726,7.90816861409298,17.81,6.359329837495407,2.90816861409298,right,0.0,True,0
CZE,1996,1,192.0,0,2.8489583333333335,3.382978723404255,8.934276206322796,29.599999999999998,5.551297482918541,3.934276206322796,far-right,0.0,True,0
CZE,1996,2,94.0,0,1.1063829787234043,0.5964912280701754,8.934276206322796,29.599999999999998,8.337784978252621,3.934276206322796,far-right,0.0,True,0
CZE,1996,5,74.0,0,6.905405405405405,7.381478334749363,8.934276206322796,29.599999999999998,1.552797871573433,3.934276206322796,far-right,0.0,True,0
CZE,2002,1,113.0,0,3.734513274336283,8.243428571428572,2.6955530216647663,30.199999999999992,5.5478755497638055,2.3044469783352337,left,0.0,True,0
CZE,2002,2,75.0,0,6.386666666666667,0.7664399092970522,2.6955530216647663,30.199999999999992,1.929113112367714,2.3044469783352337,left,0.0,True,0
CZE,2010,1,192.0,0,1.8541666666666667,8.264619019492025,2.665289256198347,22.079999999999995,5.599329763293678,2.334710743801653,left,0.0,True,0
CZE,2010,2,159.0,0,1.9056603773584906,7.893995098039215,2.665289256198347,22.079999999999995,5.228705841840869,2.334710743801653,left,0.0,True,0
CZE,2010,3,117.0,0,5.521367521367521,1.2095350206003532,2.665289256198347,22.079999999999995,1.4557542355979938,2.334710743801653,left,0.0,True,0
CZE,2010,4,101.0,0,2.7524752475247523,6.686390532544379,2.665289256198347,22.079999999999995,4.021101276346032,2.334710743801653,left,0.0,True,0
CZE,2010,5,37.0,0,3.6486486486486487,5.355878634639697,2.665289256198347,22.079999999999995,2.69058937844135,2.334710743801653,left,0.0,True,0
CZE,2013,1,123.0,0,4.097560975609756,6.029325513196481,2.4473173884938593,20.460000000000008,3.5820081247026216,2.5526826115061407,left,0.0,True,0
CZE,2013,2,124.0,0,5.82258064516129,1.138780804150454,2.4473173884938593,20.460000000000008,1.3085365843434054,2.5526826115061407,left,0.0,True,0
CZE,2013,3,79.0,0,2.3544303797468356,8.149440421329823,2.4473173884938593,20.460000000000008,5.702123032835964,2.5526826115061407,left,0.0,True,0
CZE,2013,6,44.0,0,3.8181818181818183,4.841677943166441,2.4473173884938593,20.460000000000008,2.3943605546725815,2.5526826115061407,left,0.0,True,0
CZE,2017,1,91.0,0,2.901098901098901,8.268801191362622,6.5109717868338555,29.639999999999993,1.7578294045287661,1.5109717868338555,right,0.0,True,0
CZE,2017,6,45.0,0,2.7555555555555555,5.153069153069153,6.5109717868338555,29.639999999999993,1.3579026337647022,1.5109717868338555,right,0.0,True,0
CZE,2021,4,60.0,0,2.6242189361039343,3.0445694837116077,7.950558502518776,27.79,4.905989018807168,2.950558502518776,right,0.0,True,0
CZE,2021,5,50.0,0,1.5385985665576505,7.950558502518776,7.950558502518776,27.79,0.0,2.950558502518776,right,0.0,True,0
CZE,2021,8,37.0,0,5.507803714615642,6.688569729539248,7.950558502518776,27.79,1.261988772979528,2.950558502518776,right,0.0,True,0
DEU,1998,2,38.0,0,4.208297078493487,6.355572493058759,3.3732270461816336,43.899999999999984,2.982345446877125,1.6267729538183664,left,0.0,True,0
DEU,1998,3,106.0,0,6.589136911391541,2.8337623117998727,3.3732270461816336,43.899999999999984,0.5394647343817609,1.6267729538183664,left,0.0,True,0
DEU,1998,5,118.0,0,5.3482495074565914,2.3148418110682836,3.3732270461816336,43.899999999999984,1.05838523511335,1.6267729538183664,left,0.0,True,0
DEU,2002,2,66.0,0,3.1407714981164303,6.730706868884397,3.3777913077703707,38.5,3.352915561114026,1.6222086922296293,left,0.0,True,0
DEU,2005,2,102.0,0,3.439734124320696,5.23686794253966,3.691980999528914,34.19999999999999,1.544886943010746,1.308019000471086,left,0.0,True,0
DEU,2005,3,203.0,0,4.479505335593896,1.199239492745715,3.691980999528914,34.19999999999999,2.492741506783199,1.308019000471086,left,0.0,True,0
DEU,2005,4,145.0,0,6.306071765008136,3.3503316174653603,3.691980999528914,34.19999999999999,0.34164938206355355,1.308019000471086,left,0.0,True,0
DEU,2005,5,55.0,0,3.3631477367086338,6.550125276021966,3.691980999528914,34.19999999999999,2.858144276493052,1.308019000471086,left,0.0,True,0
DEU,2009,1,326.0,0,4.048361359971803,3.646715088993212,6.427421240227554,27.27,2.7807061512343423,1.4274212402275541,right,0.0,True,0
DEU,2009,3,189.0,0,2.590785505905701,1.1519584363856805,6.427421240227554,27.27,5.275462803841874,1.4274212402275541,right,0.0,True,0
DEU,2009,4,120.0,0,3.470319025237058,3.2768689133338014,6.427421240227554,27.27,3.1505523268937528,1.4274212402275541,right,0.0,True,0
DEU,2009,5,62.0,0,6.7610675926161035,6.9750500281201,6.427421240227554,27.27,0.5476287878925463,1.4274212402275541,right,0.0,True,0
DEU,2013,2,147.0,0,2.989939011592609,1.1558549548149684,6.154317376079215,34.13,4.998462421264247,1.1543173760792147,right,0.0,True,0
DEU,2013,3,105.0,0,4.660714662614238,3.319749926116405,6.154317376079215,34.13,2.8345674499628095,1.1543173760792147,right,0.0,True,0
DEU,2013,4,33.0,0,7.842874953188626,6.881042647822964,6.154317376079215,34.13,0.7267252717437493,1.1543173760792147,right,0.0,True,0
DEU,2017,2,81.0,0,3.6944349233981715,8.858021926157987,5.100581703887064,26.759999999999994,3.7574402222709224,0.10058170388706422,center,0.0,True,0
DEU,2017,4,162.0,0,4.626071890495274,1.1402754426233515,5.100581703887064,26.759999999999994,3.960306261263713,0.10058170388706422,center,0.0,True,0
DEU,2017,5,200.0,0,5.776485388339424,3.2045092135615403,5.100581703887064,26.759999999999994,1.896072490325524,0.10058170388706422,center,0.0,True,0
DEU,2017,6,45.0,0,7.792237359018929,6.032272408645631,5.100581703887064,26.759999999999994,0.9316907047585667,0.10058170388706422,center,0.0,True,0
DNK,1998,5,35.0,0,5.343089554508135,5.534038214562317,4.338157786486184,35.899999999999984,1.1958804280761326,0.6618422135138156,center,0.0,True,0
DNK,2001,4,146.0,0,2.7260273972602738,2.7779569892473117,7.323958333333334,31.199999999999992,4.546001344086022,2.3239583333333336,right,0.0,True,0
DNK,2001,6,41.0,0,1.829268292682927,1.4722222222222223,7.323958333333334,31.199999999999992,5.851736111111111,2.3239583333333336,right,0.0,True,0
DNK,2007,4,117.0,0,7.3931623931623935,7.421591804570528,7.428350116189001,26.3,0.006758311618472845,2.4283501161890007,right,0.0,True,0
DNK,2007,7,33.0,0,1.5757575757575757,1.398687448728466,7.428350116189001,26.3,6.029662667460535,2.4283501161890007,right,0.0,True,0
DNK,2019,6,82.0,0,4.647179036793704,7.084400289400833,4.432454170078711,25.569999999999997,2.6519461193221217,0.567545829921289,center,0.0,True,0
ESP,1996,2,101.0,0,2.4436406248294595,2.27918962410843,7.836252401630056,38.69999999999999,5.557062777521626,2.8362524016300563,right,0.0,True,0
ESP,2000,1,213.0,0,3.243574062318634,3.706513545198292,7.109447767663317,45.19999999999999,3.402934222465025,2.109447767663317,right,0.0,True,0
ESP,2000,2,61.0,0,2.867730663589527,2.2515019894803783,7.109447767663317,45.19999999999999,4.857945778182939,2.109447767663317,right,0.0,True,0
ESP,2000,3,39.0,0,5.793335779326906,5.903922204230825,7.109447767663317,45.19999999999999,1.2055255634324924,2.109447767663317,right,0.0,True,0
ESP,2008,5,50.0,0,5.323396966323352,1.6088447121641973,3.0799146684418166,44.360000000000014,1.4710699562776193,1.9200853315581834,left,0.0,True,0
EST,2011,3,124.0,0,4.481475935622235,4.675745059741509,7.728792914500607,28.6,3.0530478547590985,2.728792914500607,right,0.0,True,0
FIN,2003,4,86.0,0,4.5,4.74412041392286,6.191163210099188,24.699999999999996,1.4470427961763281,1.1911632100991882,right,0.0,True,0
FIN,2007,3,51.0,0,3.8823529411764706,1.868032786885246,6.5661764705882355,23.110000000000003,4.698143683702989,1.5661764705882355,right,0.0,True,0
FIN,2007,6,40.0,0,5.575,6.002540220152413,6.5661764705882355,23.110000000000003,0.5636362504358221,1.5661764705882355,right,0.0,True,0
FIN,2007,7,42.0,0,5.023809523809524,5.807124239791485,6.5661764705882355,23.110000000000003,0.7590522307967502,1.5661764705882355,right,0.0,True,0
FIN,2011,3,127.0,0,6.291338582677166,6.332510288065843,8.136026380873867,20.400000000000002,1.8035160928080236,3.136026380873867,far-right,0.0,True,0
FIN,2011,4,99.0,0,2.4545454545454546,1.888521882741536,8.136026380873867,20.400000000000002,6.247504498132331,3.136026380873867,far-right,0.0,True,0
FIN,2011,7,37.0,0,5.54054054054054,6.025597269624574,8.136026380873867,20.400000000000002,2.110429111249293,3.136026380873867,far-right,0.0,True,0
FIN,2015,5,86.0,0,3.9492654890183183,2.1366444298588223,6.430794442326432,21.099999999999998,4.294150012467609,1.430794442326432,right,0.0,True,0
FIN,2015,7,44.0,0,6.463280228803807,6.181403925580239,6.430794442326432,21.099999999999998,0.2493905167461934,1.430794442326432,right,0.0,True,0
FIN,2019,6,54.0,0,5.327132562426681,6.312421814681746,3.537355551142195,17.729999999999997,2.775066263539551,1.4626444488578052,left,0.0,True,0
FRA,2002,1,32.0,0,3.7837896889822202,7.736018755808237,6.674688475462631,,1.0613302803456062,1.6746884754626308,right,1.0,True,0
FRA,2002,3,57.0,0,5.910370080090132,6.356017212655396,6.674688475462631,,0.3186712628072348,1.6746884754626308,right,1.0,True,0
FRA,2007,6,55.0,0,1.2728235742655964,1.3178747515423013,7.987460370246974,39.53999999999999,6.669585618704673,2.987460370246974,right,1.0,True,0
FRA,2012,3,134.0,0,6.938292215032708,1.4071997522600295,3.256326821546595,,1.8491270692865653,1.7436731784534052,left,1.0,True,0
FRA,2012,4,115.0,0,5.35499249988452,5.156499170410082,3.256326821546595,,1.900172348863487,1.7436731784534052,left,1.0,True,0
FRA,2012,5,92.0,0,5.948425895450097,3.355720694121811,3.256326821546595,,0.09939387257521615,1.7436731784534052,left,1.0,True,0
GBR,2015,3,89.0,0,4.2749658671041155,4.790396969145362,7.304320916440063,37.779999999999994,2.5139239472947015,2.304320916440063,right,1.0,False,0
GBR,2015,4,39.0,0,1.9283962244124042,4.402096804628066,7.304320916440063,37.779999999999994,2.9022241118119974,2.304320916440063,right,1.0,False,0
GBR,2015,5,58.0,0,1.9337137596084928,4.338843597830629,7.304320916440063,37.779999999999994,2.965477318609434,2.304320916440063,right,1.0,False,0
GBR,2019,3,73.0,0,1.932602002747264,3.9040225468820506,7.41695230671112,44.73000000000001,3.512929759829069,2.41695230671112,right,1.0,False,0
GBR,2019,5,39.0,0,6.15874525981415,7.600519268069941,7.41695230671112,44.73000000000001,0.1835669613588209,2.41695230671112,right,1.0,False,0
GRC,2009,2,47.0,0,3.234042553191489,1.9947534102833158,5.274226804123711,43.919999999999995,3.2794733938403953,0.27422680412371125,center,0.0,False,0
GRC,2009,4,44.0,0,4.863636363636363,3.247588424437299,5.274226804123711,43.919999999999995,2.0266383796864123,0.27422680412371125,center,0.0,False,0
GRC,2012,2,61.0,0,2.8090015023369688,5.981434577177595,7.61273145077914,29.66000000000001,1.6312968736015456,2.6127314507791404,right,0.0,False,0
GRC,2012,3,40.0,0,1.9335262635261998,6.89632654306885,7.61273145077914,29.66000000000001,0.7164049077102908,2.6127314507791404,right,0.0,False,0
GRC,2012,4,36.0,0,3.8392321676637566,9.305157358481726,7.61273145077914,29.66000000000001,1.6924259077025852,2.6127314507791404,right,0.0,False,0
GRC,2012,5,54.0,0,3.567945623173676,4.122364288821603,7.61273145077914,29.66000000000001,3.490367161957537,2.6127314507791404,right,0.0,False,0
GRC,2012,6,35.0,0,0.9580589473684211,1.0404512082351554,7.61273145077914,29.66000000000001,6.572280242543985,2.6127314507791404,right,0.0,False,0
GRC,2015,5,85.0,0,4.654965778531084,6.617952978248608,3.7077454512406582,35.89268951194185,2.91020752700795,1.2922545487593418,left,0.0,False,0
GRC,2015,7,31.0,0,3.2332083274704972,5.725393016640125,3.7077454512406582,35.89268951194185,2.017647565399467,1.2922545487593418,left,0.0,False,0
GRC,2019,2,45.0,0,3.707942111320169,5.221604494046487,7.851976289848104,39.85,2.630371795801617,2.8519762898481043,right,0.0,False,0
GRC,2019,5,36.0,0,1.9887690305644947,3.4588429708313093,7.851976289848104,39.85,4.393133319016795,2.8519762898481043,right,0.0,False,0
HKG,2008,2,57.0,0,2.9186292876577906,5.891605071995898,3.071309160873807,22.8,2.8202959111220913,1.928690839126193,left,0.0,False,
HKG,2008,3,34.0,0,2.2254336699405175,6.192514800218809,3.071309160873807,22.8,3.1212056393450016,1.928690839126193,left,0.0,False,
HKG,2012,1,78.0,0,1.553104856982462,6.206862836728712,2.5252145289151566,20.22,3.6816483078135556,2.4747854710848434,left,0.0,False,
HKG,2012,2,78.0,0,2.1607546038241727,5.885195781849751,2.5252145289151566,20.22,3.359981252934594,2.4747854710848434,left,0.0,False,
HKG,2012,3,56.0,0,1.1132907673345371,6.455699140543196,2.5252145289151566,20.22,3.930484611628039,2.4747854710848434,left,0.0,False,
HKG,2016,2,84.0,0,1.6914865997950366,6.369759426512198,2.381322906747986,16.680000000000003,3.988436519764212,2.618677093252014,left,0.0,False,
HRV,2007,2,42.0,0,2.7330849334512712,4.014354659964328,7.652561993559791,34.90999999999998,3.6382073335954637,2.6525619935597913,right,0.0,False,0
HUN,1998,3,58.0,0,6.116134978130643,4.009218824870401,2.9311957262185717,29.0,1.0780230986518293,2.0688042737814283,left,0.0,False,0
HUN,2018,4,51.0,0,0.29199748528319147,1.7738540106683438,8.127057512779054,49.269999999999996,6.35320350211071,3.1270575127790536,far-right,0.0,False,0
IND,2019,2,72.0,0,1.4497722955115102,1.92467487859733,4.393138762194299,37.30000000000001,2.468463883596969,0.6068612378057008,center,1.0,False,0
IND,2019,3,121.0,0,2.8117081807309967,2.21024416744305,4.393138762194299,37.30000000000001,2.1828945947512493,0.6068612378057008,center,1.0,False,0
IND,2019,4,154.0,0,1.898357419973187,3.170224387954263,4.393138762194299,37.30000000000001,1.2229143742400361,0.6068612378057008,center,1.0,False,0
IND,2019,5,116.0,0,4.536846729968332,4.977450889203383,4.393138762194299,37.30000000000001,0.5843121270090839,0.6068612378057008,center,1.0,False,0
IND,2019,6,110.0,0,1.4355811536721854,3.802087445659576,4.393138762194299,37.30000000000001,0.5910513165347231,0.6068612378057008,center,1.0,False,0
IND,2019,7,56.0,0,3.1546195120839413,3.050369661572501,4.393138762194299,37.30000000000001,1.342769100621798,0.6068612378057008,center,1.0,False,0
IND,2019,8,83.0,0,1.1605630882779783,2.033470762136628,4.393138762194299,37.30000000000001,2.3596680000576713,0.6068612378057008,center,1.0,False,0
IRL,2002,3,59.0,0,4.866796847936814,3.1187827631242526,6.438063547194209,41.5,3.319280784069956,1.4380635471942087,right,0.0,True,0
IRL,2002,4,46.0,0,6.0821176092106946,6.224695432697964,6.438063547194209,41.5,0.2133681144962445,1.4380635471942087,right,0.0,True,0
IRL,2002,5,62.0,0,3.548985969532744,4.387344416952596,6.438063547194209,41.5,2.050719130241613,1.4380635471942087,right,0.0,True,0
IRL,2011,1,44.0,0,4.381816891607303,4.5072325606458365,6.7958459802777815,36.10000000000001,2.288613419631945,1.7958459802777815,right,0.0,True,0
IRL,2011,3,57.0,0,3.618067152910795,2.8247836540909015,6.7958459802777815,36.10000000000001,3.97106232618688,1.7958459802777815,right,0.0,True,0
IRL,2016,1,179.0,0,4.145347215792879,6.345763659134979,6.605944219639503,25.519999999999996,0.26018056050452376,1.605944219639503,right,0.0,True,0
IRL,2016,2,94.0,0,2.3297128115836756,3.1366088851014013,6.605944219639503,25.519999999999996,3.4693353345381017,1.605944219639503,right,0.0,True,0
IRL,2016,3,54.0,0,5.716856606709689,4.340597525630399,6.605944219639503,25.519999999999996,2.2653466940091045,1.605944219639503,right,0.0,True,0
IRL,2016,5,57.0,0,4.052954177972395,3.8253035418034664,6.605944219639503,25.519999999999996,2.7806406778360366,1.605944219639503,right,0.0,True,0
ISL,2007,4,45.0,0,4.784555325919364,5.526872554369206,8.161573253037252,36.60000000000001,2.6347006986680466,3.1615732530372522,far-right,0.0,True,1
ISL,2009,1,283.0,0,3.5309084858191224,8.110825547068988,4.253428049082313,29.800000000000008,3.8573974979866748,0.7465719509176871,center,0.0,True,1
ISL,2009,2,186.0,0,5.515348911196488,2.1829543832710137,4.253428049082313,29.800000000000008,2.070473665811299,0.7465719509176871,center,0.0,True,1
ISL,2009,4,36.0,0,4.072673835902159,4.1092465127713345,4.253428049082313,29.800000000000008,0.1441815363109784,0.7465719509176871,center,0.0,True,1
ISL,2013,1,114.0,0,5.728070175438597,6.25638911788953,8.317292006525285,26.699999999999992,2.0609028886357557,3.3172920065252853,far-right,0.0,True,1
ISL,2013,2,115.0,0,3.3304347826086955,4.228995057660626,8.317292006525285,26.699999999999992,4.088296948864659,3.3172920065252853,far-right,0.0,True,1
ISL,2013,3,100.0,0,2.14,2.278004905968929,8.317292006525285,26.699999999999992,6.039287100556356,3.3172920065252853,far-right,0.0,True,1
ISL,2016,2,75.0,0,1.9466666666666668,4.888568683957733,8.548592188919164,29.0,3.6600235049614307,3.548592188919164,far-right,0.0,True,1
ISL,2016,3,99.0,0,5.959595959595959,6.271468144044321,8.548592188919164,29.0,2.277124044874843,3.548592188919164,far-right,0.0,True,1
ISL,2016,4,53.0,0,4.773584905660377,3.7286585365853657,8.548592188919164,29.0,4.819933652333798,3.548592188919164,far-right,0.0,True,1
ISL,2016,5,66.0,0,3.5,4.888568683957733,8.548592188919164,29.0,3.6600235049614307,3.548592188919164,far-right,0.0,True,1
ISL,2016,6,69.0,0,2.9130434782608696,3.8192883895131087,8.548592188919164,29.0,4.729303799406056,3.548592188919164,far-right,0.0,True,1
ISL,2017,1,293.0,0,2.7235494880546076,2.31347438752784,8.384529771841958,25.25,6.071055384314118,3.384529771841958,far-right,0.0,True,1
ISL,2017,4,155.0,0,5.367741935483871,5.73630717108978,8.384529771841958,25.25,2.6482226007521783,3.384529771841958,far-right,0.0,True,1
ISL,2017,5,99.0,0,2.0707070707070705,3.6158122297714637,8.384529771841958,25.25,4.768717542070494,3.384529771841958,far-right,0.0,True,1
ISL,2017,7,77.0,0,5.012987012987013,6.292553191489362,8.384529771841958,25.25,2.091976580352596,3.384529771841958,far-right,0.0,True,1
ISR,1996,3,33.0,0,4.424242424242424,7.315560391730141,3.1215139442231075,27.5,4.194046447507034,1.8784860557768925,left,0.0,False,0
ISR,1996,4,52.0,0,7.461538461538462,1.5093360995850622,3.1215139442231075,27.5,1.6121778446380453,1.8784860557768925,left,0.0,False,0
ISR,2003,1,119.0,0,3.453781512605042,2.876385336743393,7.754042553191489,29.389999999999993,4.877657216448096,2.754042553191489,right,0.0,False,0
ISR,2003,3,37.0,0,7.351351351351352,7.00091407678245,7.754042553191489,29.389999999999993,0.7531284764090396,2.754042553191489,right,0.0,False,0
ISR,2003,4,48.0,0,6.833333333333333,8.242424242424242,7.754042553191489,29.389999999999993,0.48838168923275305,2.754042553191489,right,0.0,False,0
ISR,2003,5,99.0,0,2.3636363636363638,1.7563540753724802,7.754042553191489,29.389999999999993,5.997688477819009,2.754042553191489,right,0.0,False,0
ISR,2006,3,78.0,0,4.064102564102564,6.844361602982293,5.1558441558441555,22.02,1.6885174471381372,0.15584415584415545,center,0.0,False,0
ISR,2006,5,59.0,0,2.593220338983051,7.354838709677419,5.1558441558441555,22.02,2.1989945538332636,0.15584415584415545,center,0.0,False,0
ISR,2013,1,111.0,0,4.2792792792792795,5.041095890410959,7.460390355912744,23.339999999999996,2.4192944655017854,2.460390355912744,right,0.0,False,0
ISR,2013,2,58.0,0,2.6379310344827585,3.7421236872812136,7.460390355912744,23.339999999999996,3.7182666686315304,2.460390355912744,right,0.0,False,0
ISR,2013,3,79.0,0,5.962025316455696,7.463208685162847,7.460390355912744,23.339999999999996,0.0028183292501031687,2.460390355912744,right,0.0,False,0
ISR,2020,1,65.0,0,3.265540058394561,5.264577349811508,7.863327230641124,29.46,2.598749880829616,2.863327230641124,right,0.0,False,0
ISR,2020,3,33.0,0,7.080949118726976,6.869270586929774,7.863327230641124,29.46,0.9940566437113496,2.863327230641124,right,0.0,False,0
ISR,2020,7,73.0,0,6.589245157448598,7.827943014889848,7.863327230641124,29.46,0.03538421575127604,2.863327230641124,right,0.0,False,0
ITA,2006,1,51.0,0,1.8921944569947906,3.2703207793152456,7.57895266782734,23.710000000000004,4.308631888512094,2.5789526678273402,right,0.0,True,0
ITA,2006,2,42.0,0,6.6909498909881515,7.944049741752178,7.57895266782734,23.710000000000004,0.36509707392483737,2.5789526678273402,right,0.0,True,0
ITA,2006,5,31.0,0,1.462438730707014,2.023369150546798,7.57895266782734,23.710000000000004,5.555583517280542,2.5789526678273402,right,0.0,True,0
ITA,2018,4,50.0,0,4.298709390828893,7.274765680960754,5.105412178238292,32.68000000000001,2.169353502722462,0.10541217823829196,center,0.0,True,0
ITA,2018,5,57.0,0,4.308719475263284,3.099444189013789,5.105412178238292,32.68000000000001,2.005967989224503,0.10541217823829196,center,0.0,True,0
JPN,2007,4,52.0,0,5.4423076923076925,3.269631031220435,5.240072202166065,,1.9704411709456298,0.24007220216606484,center,0.0,True,0
JPN,2013,1,147.0,0,3.9954606226019536,4.643390377127477,6.649573017332044,,2.0061826402045675,1.6495730173320444,right,0.0,True,0
JPN,2013,3,76.0,0,4.786721524011828,4.9613893815051515,6.649573017332044,,1.688183635826893,1.6495730173320444,right,0.0,True,0
JPN,2013,4,97.0,0,5.387993912784473,5.745175704966478,6.649573017332044,,0.9043973123655666,1.6495730173320444,right,0.0,True,0
JPN,2013,5,84.0,0,5.830124032864267,5.143806641457008,6.649573017332044,,1.5057663758750364,1.6495730173320444,right,0.0,True,0
JPN,2017,1,73.0,0,2.8721052978821664,4.188345004573435,6.3978418738094325,33.279999999999994,2.2094968692359975,1.3978418738094325,right,0.0,True,0
JPN,2017,3,62.0,0,5.8788948097030245,5.258237090703537,6.3978418738094325,33.279999999999994,1.139604783105895,1.3978418738094325,right,0.0,True,0
JPN,2017,4,34.0,0,2.714970037024314,3.1442593309892266,6.3978418738094325,33.279999999999994,3.253582542820206,1.3978418738094325,right,0.0,True,0
KEN,2013,3,38.0,0,3.8421052631578947,1.7984189723320159,8.266294227188082,24.97,6.467875254856066,3.266294227188082,far-right,1.0,False,0
KOR,2012,2,45.0,0,1.7555555555555555,3.05297157622739,7.648148148148148,42.8,4.595176571920758,2.648148148148148,right,0.0,False,0
KOR,2016,1,327.0,0,3.685015290519878,3.8208191126279862,7.529863481228669,38.32999999999999,3.709044368600683,2.529863481228669,right,0.0,False,0
LTU,2016,5,33.0,0,2.59043095081651,4.735898717388231,7.414046017478945,22.63,2.678147300090714,2.4140460174789453,right,0.0,False,0
LVA,2011,3,44.0,0,1.687635845010916,7.020228128753338,3.505611197339392,28.36000000000001,3.514616931413946,1.494388802660608,left,0.0,True,0
LVA,2014,3,103.0,0,1.7402517581703207,6.718555692265958,3.2970308999285605,23.0,3.4215247923373973,1.7029691000714395,left,0.0,True,0
LVA,2014,5,37.0,0,1.8153598988648632,5.583142155156821,3.2970308999285605,23.0,2.2861112552282608,1.7029691000714395,left,0.0,True,0
LVA,2018,1,73.0,0,2.3180901572052166,5.3943117919113615,3.1185965655567105,19.920000000000005,2.275715226354651,1.8814034344432895,left,0.0,True,0
LVA,2018,3,30.0,0,1.361140302533435,5.504887875060072,3.1185965655567105,19.920000000000005,2.386291309503361,1.8814034344432895,left,0.0,True,0
LVA,2018,4,52.0,0,1.2492189605227701,6.110632093555528,3.1185965655567105,19.920000000000005,2.992035527998817,1.8814034344432895,left,0.0,True,0
MEX,2003,2,205.0,0,4.221487906650383,3.828274058647828,6.337159934450634,30.730000000000004,2.508885875802806,1.337159934450634,right,0.0,False,0
MEX,2003,3,48.0,0,4.239983166393865,4.2261998361526665,6.337159934450634,30.730000000000004,2.1109600982979675,1.337159934450634,right,0.0,False,0
MEX,2012,2,74.0,0,3.5420901884326708,3.334652730132945,7.048960971828645,31.930000000000003,3.7143082416957003,2.0489609718286452,right,0.0,False,0
MEX,2015,4,43.0,0,5.8832890325046465,5.841075587786903,7.131125518176939,29.190000000000005,1.290049930390036,2.1311255181769386,right,0.0,False,0
MEX,2018,1,109.0,0,2.4239792746304323,5.316853552356862,4.271408540102133,37.25,1.0454450122547287,0.7285914598978671,center,0.0,False,0
MEX,2018,2,117.0,0,2.273198744452402,5.2041479253057386,4.271408540102133,37.25,0.9327393852036057,0.7285914598978671,center,0.0,False,0
NLD,1998,3,117.0,0,6.554317709699937,5.103137375345206,4.318868898725889,29.0,0.7842684766193164,0.6811311012741106,center,0.0,True,0
NLD,1998,4,123.0,0,6.720939173731152,2.923074750842549,4.318868898725889,29.0,1.3957941478833402,0.6811311012741106,center,0.0,True,0
NLD,1998,5,72.0,0,5.867154779069841,2.961695075788376,4.318868898725889,29.0,1.3571738229375132,0.6811311012741106,center,0.0,True,0
NLD,2002,1,89.0,0,6.479837516246231,7.578350230691473,6.2646299642498535,27.930000000000003,1.3137202664416199,1.2646299642498535,right,0.0,True,0
NLD,2002,2,210.0,0,6.359212069796425,7.005383355124561,6.2646299642498535,27.930000000000003,0.7407533908747075,1.2646299642498535,right,0.0,True,0
NLD,2002,5,73.0,0,4.780125585567628,2.3854179391774735,6.2646299642498535,27.930000000000003,3.87921202507238,1.2646299642498535,right,0.0,True,0
NLD,2002,6,83.0,0,5.877246520874752,4.464182910610463,6.2646299642498535,27.930000000000003,1.8004470536393908,1.2646299642498535,right,0.0,True,0
NLD,2002,7,61.0,0,7.342783623218396,6.45576546953408,6.2646299642498535,27.930000000000003,0.19113550528422607,1.2646299642498535,right,0.0,True,0
NLD,2006,3,287.0,0,7.057080714253396,7.167323071235505,6.7272036322188615,26.509999999999998,0.44011943901664363,1.7272036322188615,right,0.0,True,0
NLD,2006,4,39.0,0,5.012370413987005,7.565434959448548,6.7272036322188615,26.509999999999998,0.8382313272296864,1.7272036322188615,right,0.0,True,0
NLD,2006,6,64.0,0,7.047799012987589,5.745290626090256,6.7272036322188615,26.509999999999998,0.9819130061286057,1.7272036322188615,right,0.0,True,0
NLD,2006,7,53.0,0,5.575240818984476,4.8822103005454185,6.7272036322188615,26.509999999999998,1.844993331673443,1.7272036322188615,right,0.0,True,0
NLD,2010,5,148.0,0,5.620936933325829,4.561397459930602,7.312234976814012,20.490000000000002,2.7508375168834096,2.312234976814012,right,0.0,True,0
NLD,2017,1,101.0,0,4.485374251250561,8.109532194581266,7.893697654814917,21.29,0.21583453976634903,2.8936976548149174,right,0.0,True,0
NLD,2017,2,163.0,0,6.278355355169345,6.156175453299503,7.893697654814917,21.29,1.7375222015154144,2.8936976548149174,right,0.0,True,0
NLD,2017,4,144.0,0,4.531269431491046,1.9947417538877177,7.893697654814917,21.29,5.8989559009271995,2.8936976548149174,right,0.0,True,0
NLD,2017,5,119.0,0,3.894887045126461,2.0559111493558886,7.893697654814917,21.29,5.837786505459029,2.8936976548149174,right,0.0,True,0
NLD,2017,8,50.0,0,3.6777035094490707,3.2913901395942697,7.893697654814917,21.29,4.602307515220648,2.8936976548149174,right,0.0,True,0
NLD,2021,2,146.0,0,3.6980852457532034,8.278291101063111,7.2383010741033305,21.87,1.0399900269597806,2.2383010741033305,right,0.0,True,0
NLD,2021,6,163.0,0,4.501654021455818,1.7567061192169726,7.2383010741033305,21.87,5.481594954886358,2.2383010741033305,right,0.0,True,0
NOR,1997,2,287.0,0,5.2613240418118465,8.036980749746707,4.8,35.0,3.2369807497467074,0.20000000000000018,center,0.0,True,0
NOR,1997,3,196.0,0,4.505102040816326,5.765816326530612,4.8,35.0,0.9658163265306126,0.20000000000000018,center,0.0,True,0
NOR,1997,4,147.0,0,4.122448979591836,4.146556188503366,4.8,35.0,0.6534438114966337,0.20000000000000018,center,0.0,True,0
NOR,1997,5,139.0,0,5.733812949640288,2.4107142857142856,4.8,35.0,2.3892857142857142,0.20000000000000018,center,0.0,True,0
NOR,2001,1,216.0,0,4.462962962962963,8.037981269510926,4.5806282722513085,24.300000000000008,3.4573529972596173,0.41937172774869147,center,0.0,True,0
NOR,2001,3,94.0,0,5.76595744680851,2.774869109947644,4.5806282722513085,24.300000000000008,1.8057591623036644,0.41937172774869147,center,0.0,True,0
NOR,2001,5,47.0,0,4.553191489361702,4.4570826750921535,4.5806282722513085,24.300000000000008,0.12354559715915503,0.41937172774869147,center,0.0,True,0
NOR,2005,2,198.0,0,5.3232323232323235,8.032426778242678,3.9863517060367455,32.69,4.046075072205933,1.0136482939632545,left,0.0,True,0
NOR,2005,3,101.0,0,7.455445544554456,2.5013178703215604,3.9863517060367455,32.69,1.485033835715185,1.0136482939632545,left,0.0,True,0
NOR,2005,4,59.0,0,4.728813559322034,6.147991543340381,3.9863517060367455,32.69,2.1616398373036354,1.0136482939632545,left,0.0,True,0
NOR,2005,5,51.0,0,6.019607843137255,4.397564849126522,3.9863517060367455,32.69,0.4112131430897765,1.0136482939632545,left,0.0,True,0
NOR,2009,1,129.0,0,4.162790697674419,8.64373897707231,4.194607268464244,35.37,4.449131708608066,0.8053927315357559,center,0.0,True,0
NOR,2009,2,219.0,0,5.168949771689498,7.931216931216931,4.194607268464244,35.37,3.736609662752687,0.8053927315357559,center,0.0,True,0
NOR,2009,4,40.0,0,6.575,4.484669811320755,4.194607268464244,35.37,0.2900625428565107,0.8053927315357559,center,0.0,True,0
NOR,2009,5,44.0,0,4.704545454545454,5.810395747194329,4.194607268464244,35.37,1.6157884787300851,0.8053927315357559,center,0.0,True,0
NOR,2009,6,35.0,0,6.2,4.479646017699115,4.194607268464244,35.37,0.2850387492348707,0.8053927315357559,center,0.0,True,0
NOR,2013,1,254.0,0,4.771047835226068,8.008850995061385,4.16124067515973,30.839999999999993,3.847610319901655,0.8387593248402698,center,0.0,True,0
NOR,2013,3,37.0,0,4.494395090820428,5.6841343286754284,4.16124067515973,30.839999999999993,1.5228936535156983,0.8387593248402698,center,0.0,True,0
NOR,2013,4,37.0,0,6.692824815830335,4.474404609358239,4.16124067515973,30.839999999999993,0.3131639341985091,0.8387593248402698,center,0.0,True,0
NOR,2013,5,40.0,0,5.548188889589578,4.656834341480797,4.16124067515973,30.839999999999993,0.49559366632106716,0.8387593248402698,center,0.0,True,0
NOR,2013,6,36.0,0,6.968923313174325,2.637540758902207,4.16124067515973,30.839999999999993,1.5236999162575233,0.8387593248402698,center,0.0,True,0
NOR,2017,1,392.0,0,3.7167550464911105,7.996886277410971,3.714714503565288,27.37,4.282171773845683,1.285285496434712,left,0.0,True,0
NOR,2017,2,147.0,0,2.282734310834646,8.452886219018078,3.714714503565288,27.37,4.73817171545279,1.285285496434712,left,0.0,True,0
NOR,2017,3,112.0,0,5.468205532733116,4.280245981054555,3.714714503565288,27.37,0.5655314774892668,1.285285496434712,left,0.0,True,0
NOR,2017,4,82.0,0,6.108419093666852,2.1541936408746,3.714714503565288,27.37,1.5605208626906881,1.285285496434712,left,0.0,True,0
NOR,2017,5,47.0,0,4.198935421411491,4.980791711526509,3.714714503565288,27.37,1.2660772079612208,1.285285496434712,left,0.0,True,0
NOR,2017,6,54.0,0,4.305246385686675,5.422032595007121,3.714714503565288,27.37,1.7073180914418327,1.285285496434712,left,0.0,True,0
NOR,2017,7,32.0,0,4.881281164793678,3.059275607863264,3.714714503565288,27.37,0.6554388957020238,1.285285496434712,left,0.0,True,0
NZL,1996,4,68.0,0,7.382352941176471,8.029434250764526,7.683929692404269,33.89999999999999,0.34550455836025673,2.683929692404269,right,0.0,True,0
NZL,1996,5,31.0,0,6.0,6.673345759552656,7.683929692404269,33.89999999999999,1.0105839328516133,2.683929692404269,right,0.0,True,0
NZL,2002,3,46.0,0,3.456134408670868,7.465919856148689,3.782889577651176,41.26,3.683030278497513,1.2171104223488238,left,0.0,True,0
NZL,2014,2,139.0,0,3.50754638314081,2.878302473006783,7.166637810994813,47.04,4.2883353379880305,2.1666378109948132,right,0.0,True,0
NZL,2017,3,149.0,0,2.9400785360941537,2.5489570490738416,7.240946868375472,44.449999999999996,4.6919898193016305,2.240946868375472,right,0.0,True,0
NZL,2017,4,37.0,0,4.501950648590657,4.580174854288095,7.240946868375472,44.449999999999996,2.660772014087377,2.240946868375472,right,0.0,True,0
NZL,2020,2,152.0,0,7.34134704704355,2.234679880571185,3.56648446260037,50.01,1.3318045820291848,1.43351553739963,left,0.0,True,0
NZL,2020,3,41.0,0,3.77734597466642,7.382312186428582,3.56648446260037,50.01,3.8158277238282117,1.43351553739963,left,0.0,True,0
NZL,2020,5,35.0,0,5.775897163228548,4.554089905187414,3.56648446260037,50.01,0.9876054425870442,1.43351553739963,left,0.0,True,0
PER,2000,4,43.0,0,2.813953488372093,3.396205357142857,6.543991416309013,42.199999999999996,3.147786059166156,1.5439914163090132,right,0.0,False,0
PER,2001,1,189.0,0,2.888888888888889,4.898338220918866,5.031434184675835,26.199999999999992,0.13309596375696842,0.03143418467583459,center,0.0,False,0
PER,2011,3,136.0,0,2.9658171619408913,6.616691486751616,3.1483768074536997,25.300000000000008,3.4683146792979165,1.8516231925463003,left,0.0,False,0
PER,2011,5,34.0,0,3.6761443561152247,5.278735656479794,3.1483768074536997,25.300000000000008,2.1303588490260945,1.8516231925463003,left,0.0,False,0
PER,2021,4,38.0,0,3.2781434806593515,5.175165737575828,3.2929021130730995,13.409999999999998,1.8822636245027282,1.7070978869269005,left,0.0,False,0
PHL,2016,5,44.0,0,5.5227272727272725,6.091150442477876,5.7789291882556135,41.72,0.3122212542222629,0.7789291882556135,center,0.0,False,0
POL,2001,7,34.0,0,3.509344600811824,6.08819417760305,1.3543381859854984,41.040000000000006,4.733855991617552,3.6456618140145016,far-left,0.0,False,0
POL,2005,7,53.0,0,3.763066821884074,2.4237355661147553,7.328626081470164,26.990000000000006,4.904890515355408,2.328626081470164,right,0.0,False,0
POL,2011,4,77.0,0,4.703743839015603,2.1675467423440864,5.906586608032613,39.18,3.739039865688526,0.9065866080326126,center,0.0,False,0
PRT,2002,2,48.0,0,5.416666666666667,7.720909886264217,7.310729613733906,40.800000000000004,0.41018027253031164,2.3107296137339057,right,0.0,False,0
PRT,2002,3,40.0,0,2.15,1.9094865100087033,7.310729613733906,40.800000000000004,5.401243103725203,2.3107296137339057,right,0.0,False,0
PRT,2009,1,213.0,0,3.6942055714328093,6.894725883191397,4.995907101177993,36.56,1.8988187820134037,0.0040928988220070295,center,0.0,False,0
PRT,2009,3,86.0,0,4.094978250429106,2.1886295128691295,4.995907101177993,36.56,2.8072775883088634,0.0040928988220070295,center,0.0,False,0
PRT,2009,4,69.0,0,3.4997451240820925,2.7204699380820805,4.995907101177993,36.56,2.2754371630959125,0.0040928988220070295,center,0.0,False,0
PRT,2015,2,46.0,0,1.6037500073334001,1.4137101552299178,7.992797722732663,40.07,6.579087567502746,2.9927977227326634,right,0.0,False,0
PRT,2015,3,84.0,0,1.467699618243657,1.3735775161665713,7.992797722732663,40.07,6.619220206566093,2.9927977227326634,right,0.0,False,0
PRT,2019,1,143.0,0,4.194772216366603,7.210614980315694,4.420939678461451,38.21,2.789675301854243,0.5790603215385488,center,0.0,False,0
PRT,2019,2,62.0,0,5.703098721244124,2.0634101512109484,4.420939678461451,38.21,2.357529527250503,0.5790603215385488,center,0.0,False,0
PRT,2019,3,81.0,0,5.089135980857671,1.886768910045571,4.420939678461451,38.21,2.5341707684158803,0.5790603215385488,center,0.0,False,0
ROU,2004,1,62.0,0,3.5806451612903225,6.864321608040201,4.140776699029126,36.800000000000004,2.723544909011075,0.8592233009708741,center,0.0,False,0
ROU,2004,3,48.0,0,3.3541666666666665,3.7581521739130435,4.140776699029126,36.800000000000004,0.38262452511608247,0.8592233009708741,center,0.0,False,0
ROU,2009,2,107.0,0,3.7889371436149055,6.619052453366932,7.152123805442095,,0.5330713520751624,2.152123805442095,right,0.0,False,0
ROU,2012,8,73.0,0,2.144133433744285,6.686515518537288,3.7868163666274195,58.63000000000001,2.8996991519098683,1.2131836333725805,left,0.0,False,0
RUS,1999,4,31.0,0,2.935483870967742,5.131601731601732,1.8920916481892092,24.199999999999992,3.239510083412523,3.107908351810791,far-left,0.0,False,0
RUS,2004,3,59.0,0,4.508474576271187,4.671782762691854,6.947019867549669,,2.2752371048578146,1.9470198675496686,right,0.0,False,0
RUS,2004,5,35.0,0,3.8,5.551351351351351,6.947019867549669,,1.3956685161983176,1.9470198675496686,right,0.0,False,0
SRB,2012,1,155.0,0,3.4242991708432506,4.513333247301772,5.4766192404259835,24.039999999999996,0.9632859931242113,0.47661924042598347,center,0.0,False,0
SRB,2012,2,114.0,0,6.34578179907583,3.598530187001321,5.4766192404259835,24.039999999999996,1.8780890534246626,0.47661924042598347,center,0.0,False,0
SRB,2012,6,34.0,0,4.483721387894665,5.204146978477307,5.4766192404259835,24.039999999999996,0.2724722619486766,0.47661924042598347,center,0.0,False,0
SVK,2010,2,74.0,0,3.3987428964046233,7.133952772962544,2.949625455288885,34.790000000000006,4.184327317673659,2.050374544711115,left,0.0,False,0
SVK,2010,5,31.0,0,7.040670365838331,4.595512646199752,2.949625455288885,34.790000000000006,1.6458871909108668,2.050374544711115,left,0.0,False,0
SVK,2016,1,61.0,0,2.02943857332494,7.277122499316166,2.4160890036222717,28.279999999999998,4.861033495693894,2.5839109963777283,left,0.0,False,0
SVK,2016,3,63.0,0,5.452266540972605,4.909272127675172,2.4160890036222717,28.279999999999998,2.4931831240529005,2.5839109963777283,left,0.0,False,0
SVK,2016,4,38.0,0,1.6724144479471308,5.94653558755664,2.4160890036222717,28.279999999999998,3.530446583934368,2.5839109963777283,left,0.0,False,0
SVK,2016,6,37.0,0,3.528540937699584,5.972858039021669,2.4160890036222717,28.279999999999998,3.5567690353993973,2.5839109963777283,left,0.0,False,0
SVK,2020,1,108.0,0,1.2986358859894962,1.9564008964610908,6.914190545407931,25.030000000000005,4.95778964894684,1.9141905454079309,right,0.0,False,0
SVK,2020,2,46.0,0,4.493496195380696,6.110640588876674,6.914190545407931,25.030000000000005,0.8035499565312572,1.9141905454079309,right,0.0,False,0
SVK,2020,3,40.0,0,1.5469801877878822,4.823755451675323,6.914190545407931,25.030000000000005,2.0904350937326077,1.9141905454079309,right,0.0,False,0
SVK,2020,5,48.0,0,5.310918911241813,7.296725866147359,6.914190545407931,25.030000000000005,0.38253532073942775,1.9141905454079309,right,0.0,False,0
SVN,2008,2,34.0,0,6.264705882352941,3.100449775112444,3.168374816983895,30.5,0.06792504187145099,1.8316251830161052,left,0.0,False,0
SVN,2011,1,44.0,0,1.5909090909090908,7.581504702194358,2.9206349206349205,28.509999999999998,4.6608697815594375,2.0793650793650795,left,0.0,False,0
SWE,1998,1,202.0,0,3.5346534653465347,9.01975051975052,3.47871235721703,36.4,5.54103816253349,1.52128764278297,left,0.0,True,0
SWE,1998,5,47.0,0,4.319148936170213,6.403208556149733,3.47871235721703,36.4,2.9244961989327027,1.52128764278297,left,0.0,True,0
SWE,2002,3,66.0,0,4.03030303030303,7.134715025906735,3.5181451612903225,39.85000000000001,3.616569864616413,1.4818548387096775,left,0.0,True,0
SWE,2002,4,102.0,0,6.607843137254902,1.3148335015136225,3.5181451612903225,39.85000000000001,2.2033116597767,1.4818548387096775,left,0.0,True,0
SWE,2006,2,75.0,0,4.16,6.25,3.548418024928092,34.99000000000001,2.701581975071908,1.4515819750719081,left,0.0,True,0
SWE,2006,3,75.0,0,4.4,6.75266731328807,3.548418024928092,34.99000000000001,3.204249288359978,1.4515819750719081,left,0.0,True,0
SWE,2006,5,74.0,0,6.121621621621622,1.342003853564547,3.548418024928092,34.99000000000001,2.206414171363545,1.4515819750719081,left,0.0,True,0
SWE,2006,6,62.0,0,5.5,3.543307086614173,3.548418024928092,34.99000000000001,0.005110938313918734,1.4515819750719081,left,0.0,True,0
SWE,2014,1,178.0,0,4.106741573033708,8.18542199488491,3.7264631043257,31.009999999999994,4.45895889055921,1.2735368956743,left,0.0,True,0
SWE,2014,2,30.0,0,5.0,7.1940740740740745,3.7264631043257,31.009999999999994,3.4676109697483746,1.2735368956743,left,0.0,True,0
SWE,2014,3,66.0,0,6.318181818181818,3.854922279792746,3.7264631043257,31.009999999999994,0.1284591754670461,1.2735368956743,left,0.0,True,0
SWE,2014,4,51.0,0,4.372549019607843,6.265122265122265,3.7264631043257,31.009999999999994,2.5386591607965654,1.2735368956743,left,0.0,True,0
SWE,2014,5,51.0,0,6.7254901960784315,1.4335038363171355,3.7264631043257,31.009999999999994,2.2929592680085644,1.2735368956743,left,0.0,True,0
SWE,2014,6,42.0,0,5.0,6.59741935483871,3.7264631043257,31.009999999999994,2.87095625051301,1.2735368956743,left,0.0,True,0
SWE,2018,8,36.0,0,6.342136831607802,1.8943782411056638,3.1728699666052673,28.259999999999994,1.2784917254996035,1.8271300333947327,left,0.0,True,0
TUR,2011,2,63.0,0,2.532238553675898,7.899841081825658,8.056750024068041,49.830000000000005,0.15690894224238328,3.056750024068041,far-right,0.0,False,0
TUR,2011,3,49.0,0,2.8207532662543833,2.294943275457991,8.056750024068041,49.830000000000005,5.76180674861005,3.056750024068041,far-right,0.0,False,0
TUR,2015,2,114.0,0,1.6557450790038961,7.053074691549776,8.380784914028375,40.87,1.3277102224785988,3.380784914028375,far-right,0.0,False,0
TUR,2015,3,95.0,0,1.1532817135997484,1.416718396863415,8.380784914028375,40.87,6.9640665171649605,3.380784914028375,far-right,0.0,False,0
TUR,2018,2,46.0,0,1.4026510058239945,1.4408074475381678,8.469875850663861,42.55999999999999,7.029068403125693,3.469875850663861,far-right,0.0,False,0
TUR,2018,3,47.0,0,6.344639854357462,7.835864048925072,8.469875850663861,42.55999999999999,0.6340118017387892,3.469875850663861,far-right,0.0,False,0
TUR,2018,4,36.0,0,1.8376930529435227,5.394529268797627,8.469875850663861,42.55999999999999,3.075346581866234,3.469875850663861,far-right,0.0,False,0
TWN,1996,2,91.0,0,3.78021978021978,5.109375,5.7976190476190474,49.600000000000016,0.6882440476190474,0.7976190476190474,center,0.0,True,0
TWN,2004,2,159.0,0,3.108501025890274,5.111211128617573,4.897057665812548,,0.214153462805025,0.10294233418745158,center,0.0,True,0
TWN,2004,3,52.0,0,6.15676018588888,5.037412245764122,4.897057665812548,,0.1403545799515733,0.10294233418745158,center,0.0,True,0
URY,2019,1,363.0,0,2.3554471488648083,7.826537709684501,2.845886577434837,40.489999999999995,4.980651132249664,2.154113422565163,left,0.0,True,0
URY,2019,2,106.0,0,2.266363788694807,7.057303236913393,2.845886577434837,40.489999999999995,4.211416659478556,2.154113422565163,left,0.0,True,0
URY,2019,3,40.0,0,1.635259291527236,7.6639226760768535,2.845886577434837,40.489999999999995,4.8180360986420165,2.154113422565163,left,0.0,True,0
USA,2004,1,424.0,0,3.0516143610225153,4.150723220704529,6.61034811301267,49.89999999999998,2.459624892308141,1.6103481130126696,right,1.0,True,0
ZAF,2009,2,41.0,0,4.951219512195122,4.034682080924855,6.447227191413238,65.89999999999999,2.4125451104883826,1.447227191413238,right,0.0,False,0
ZAF,2014,1,197.0,0,2.9448466633010737,4.808711460057944,5.809316045291287,62.149999999999984,1.0006045852333427,0.8093160452912871,center,0.0,False,0
ZAF,2014,2,65.0,0,4.721529750490393,3.395179871205739,5.809316045291287,62.149999999999984,2.4141361740855483,0.8093160452912871,center,0.0,False,0
AUS,2004,2,83.0,1,5.433734939759036,3.2125,4.313904494382022,37.63999999999999,1.1014044943820225,0.6860955056179776,center,1.0,True,0
AUS,2013,2,234.0,1,5.37257146420144,2.985480833246824,4.166888603354759,33.38,1.1814077701079353,0.8331113966452408,center,1.0,True,0
AUS,2019,2,239.0,1,6.214068746343528,3.0045632024512043,3.899561830833693,33.34000000000002,0.8949986283824884,1.1004381691663072,left,1.0,True,0
AUS,2019,3,60.0,1,3.0760722203425517,6.175591801910037,3.899561830833693,33.34000000000002,2.276029971076344,1.1004381691663072,left,1.0,True,0
AUS,2019,5,39.0,1,2.1668352210678803,6.396461279473314,3.899561830833693,33.34000000000002,2.4968994486396214,1.1004381691663072,left,1.0,True,0
AUT,2008,3,47.0,1,3.632456387630542,7.366314487312008,5.694807606712212,26.0,1.6715068805997957,0.694807606712212,center,0.0,True,0
AUT,2008,4,69.0,1,3.859938450149247,2.5650281672048383,5.694807606712212,26.0,3.1297794395073737,0.694807606712212,center,0.0,True,0
AUT,2013,3,86.0,1,3.4241656531058595,3.1685284120219372,5.504048158188782,23.990000000000002,2.335519746166845,0.5040481581887821,center,0.0,True,0
AUT,2017,0,303.0,1,3.580326254598813,6.277252549137649,3.467966142155906,26.86000000000001,2.809286406981743,1.5320338578440942,left,0.0,True,0
AUT,2017,2,163.0,1,2.929479040696059,7.993293714746346,3.467966142155906,26.86000000000001,4.52532757259044,1.5320338578440942,left,0.0,True,0
AUT,2017,4,33.0,1,4.606480037061198,2.897417426267105,3.467966142155906,26.86000000000001,0.5705487158888007,1.5320338578440942,left,0.0,True,0
BGR,2014,3,50.0,1,0.8996796176067786,8.02954666345129,1.1798392505258708,15.400000000000004,6.84970741292542,3.8201607494741294,far-left,0.0,False,0
BRA,2002,7,30.0,1,4.915986385600863,4.756231428569424,6.264709745957148,14.300000000000002,1.5084783173877243,1.2647097459571484,right,0.0,False,0
BRA,2006,2,59.0,1,2.761000167278694,5.768046150632781,4.039862642820136,15.0,1.7281835078126448,0.9601373571798639,center,0.0,False,0
CAN,2011,3,47.0,1,6.553191489361702,3.695259593679458,3.4210526315789473,30.649999999999995,0.27420696210051076,1.5789473684210527,left,1.0,False,0
CAN,2011,4,33.0,1,6.424242424242424,3.310077519379845,3.4210526315789473,30.649999999999995,0.11097511219910228,1.5789473684210527,left,1.0,False,0
CAN,2015,2,178.0,1,2.2752808988764044,3.4850299401197606,7.38232795242141,31.910000000000007,3.8972980123016496,2.3823279524214103,right,1.0,False,0
CAN,2015,3,32.0,1,2.625,4.000945179584121,7.38232795242141,31.910000000000007,3.3813827728372896,2.3823279524214103,right,1.0,False,0
CAN,2015,4,44.0,1,2.090909090909091,3.08503100088574,7.38232795242141,31.910000000000007,4.297296951535671,2.3823279524214103,right,1.0,False,0
CAN,2019,0,689.0,1,2.8501967319759816,6.896624649183683,4.400080595110253,33.12,2.4965440540734303,0.5999194048897474,center,1.0,False,0
CAN,2019,2,438.0,1,5.742540090288437,3.3519152013465834,4.400080595110253,33.12,1.0481653937636692,0.5999194048897474,center,1.0,False,0
CAN,2019,3,94.0,1,4.570377388483259,4.454362121638477,4.400080595110253,33.12,0.054281526528224155,0.5999194048897474,center,1.0,False,0
CAN,2019,4,209.0,1,5.438487871061406,3.1877096577141466,4.400080595110253,33.12,1.212370937396106,0.5999194048897474,center,1.0,False,0
CAN,2019,5,54.0,1,2.1075805119735755,7.193252071421027,4.400080595110253,33.12,2.793171476310774,0.5999194048897474,center,1.0,False,0
CHL,2009,0,64.0,1,7.692891466775442,9.184377517288043,8.723957802677655,18.509999999999994,0.46041971461038855,3.7239578026776545,far-right,0.0,True,0
CHL,2009,3,32.0,1,2.3401561502803143,4.114825521316052,8.723957802677655,18.509999999999994,4.609132281361602,3.7239578026776545,far-right,0.0,True,0
CHL,2009,4,70.0,1,1.7966331046758734,2.9929982773179096,8.723957802677655,18.509999999999994,5.730959525359745,3.7239578026776545,far-right,0.0,True,0
CHL,2017,3,74.0,1,1.2106846162666711,2.5808839218107296,8.210377152942918,15.98,5.629493231132189,3.210377152942918,far-right,0.0,True,0
CHL,2017,6,38.0,1,1.0609174577493363,1.5488387765975726,8.210377152942918,15.98,6.661538376345345,3.210377152942918,far-right,0.0,True,0
CZE,1996,5,74.0,1,3.891891891891892,7.381478334749363,3.382978723404255,26.400000000000002,3.9984996113451077,1.6170212765957448,left,0.0,True,0
CZE,2002,2,75.0,1,1.88,0.7664399092970522,8.243428571428572,24.47,7.47698866213152,3.2434285714285718,far-right,0.0,True,0
CZE,2010,3,117.0,1,0.9658119658119658,1.2095350206003532,8.264619019492025,20.220000000000002,7.055083998891672,3.2646190194920255,far-right,0.0,True,0
CZE,2010,4,101.0,1,4.217821782178218,6.686390532544379,8.264619019492025,20.220000000000002,1.5782284869476468,3.2646190194920255,far-right,0.0,True,0
CZE,2010,5,37.0,1,4.135135135135135,5.355878634639697,8.264619019492025,20.220000000000002,2.9087403848523286,3.2646190194920255,far-right,0.0,True,0
CZE,2010,7,36.0,1,3.4444444444444446,5.633247089262613,8.264619019492025,20.220000000000002,2.6313719302294123,3.2646190194920255,far-right,0.0,True,0
CZE,2017,4,78.0,1,1.6923076923076923,1.355783308931186,8.268801191362622,11.319999999999999,6.9130178824314354,3.2688011913626216,far-right,0.0,True,0
CZE,2021,3,68.0,1,4.284470684784709,5.678437130511579,5.295317110033847,27.13,0.3831200204777323,0.29531711003384675,center,0.0,True,0
CZE,2021,4,60.0,1,5.76538398108955,3.0445694837116077,5.295317110033847,27.13,2.250747626322239,0.29531711003384675,center,0.0,True,0
CZE,2021,5,50.0,1,3.7235325109098674,7.950558502518776,5.295317110033847,27.13,2.655241392484929,0.29531711003384675,center,0.0,True,0
CZE,2021,8,37.0,1,1.2255166682854708,6.688569729539248,5.295317110033847,27.13,1.3932526195054011,0.29531711003384675,center,0.0,True,0
DEU,1998,0,500.0,1,3.5748384769143233,3.3732270461816336,5.828673336320737,32.199999999999996,2.455446290139103,0.8286733363207368,center,0.0,True,0
DEU,1998,2,38.0,1,6.939374868004222,6.355572493058759,5.828673336320737,32.199999999999996,0.5268991567380219,0.8286733363207368,center,0.0,True,0
DEU,1998,3,106.0,1,2.816365819973517,2.8337623117998727,5.828673336320737,32.199999999999996,2.994911024520864,0.8286733363207368,center,0.0,True,0
DEU,1998,4,42.0,1,6.6076736429844685,4.963991620058089,5.828673336320737,32.199999999999996,0.8646817162626474,0.8286733363207368,center,0.0,True,0
DEU,1998,5,118.0,1,2.6724821943874737,2.3148418110682836,5.828673336320737,32.199999999999996,3.5138315252524532,0.8286733363207368,center,0.0,True,0
DEU,2002,2,66.0,1,7.592959450185395,6.730706868884397,6.187750042151253,29.5,0.5429568267331444,1.1877500421512526,right,0.0,True,0
DEU,2005,0,624.0,1,3.4984685973066387,3.691980999528914,6.122066015942058,27.800000000000008,2.430085016413144,1.1220660159420577,right,0.0,True,0
DEU,2005,2,102.0,1,5.98097949639509,5.23686794253966,6.122066015942058,27.800000000000008,0.8851980734023979,1.1220660159420577,right,0.0,True,0
DEU,2005,3,203.0,1,2.3857675186088474,1.199239492745715,6.122066015942058,27.800000000000008,4.922826523196343,1.1220660159420577,right,0.0,True,0
DEU,2005,4,145.0,1,2.932978043622901,3.3503316174653603,6.122066015942058,27.800000000000008,2.7717343984766973,1.1220660159420577,right,0.0,True,0
DEU,2005,5,55.0,1,7.614948719675036,6.550125276021966,6.122066015942058,27.800000000000008,0.428059260079908,1.1220660159420577,right,0.0,True,0
DEU,2009,3,189.0,1,5.08356972498637,1.1519584363856805,3.646715088993212,23.029999999999998,2.4947566526075313,1.3532849110067882,left,0.0,True,0
DEU,2009,4,120.0,1,5.520546666448306,3.2768689133338014,3.646715088993212,23.029999999999998,0.36984617565941047,1.3532849110067882,left,0.0,True,0
DEU,2009,5,62.0,1,3.238930820404744,6.9750500281201,3.646715088993212,23.029999999999998,3.3283349391268886,1.3532849110067882,left,0.0,True,0
DEU,2013,2,147.0,1,5.503129277609362,1.1558549548149684,3.684293225436426,25.73,2.528438270621457,1.3157067745635742,left,0.0,True,0
DEU,2013,3,105.0,1,6.401799672147293,3.319749926116405,3.684293225436426,25.73,0.3645432993200206,1.3157067745635742,left,0.0,True,0
DEU,2013,4,33.0,1,4.779958094931099,6.881042647822964,3.684293225436426,25.73,3.1967494223865383,1.3157067745635742,left,0.0,True,0
DEU,2017,4,162.0,1,6.053372649867784,1.1402754426233515,3.471074062403725,20.51,2.3307986197803734,1.528925937596275,left,0.0,True,0
DEU,2017,5,200.0,1,6.81599135533085,3.2045092135615403,3.471074062403725,20.51,0.2665648488421848,1.528925937596275,left,0.0,True,0
DEU,2017,6,45.0,1,5.612518420791515,6.032272408645631,3.471074062403725,20.51,2.561198346241906,1.528925937596275,left,0.0,True,0
DEU,2021,2,508.0,1,4.178333817293997,3.020367635599159,5.419810310901745,18.900000000000002,2.3994426753025864,0.41981031090174525,center,0.0,True,0
DNK,1998,5,35.0,1,6.120343621712026,5.534038214562317,7.55949724797851,24.0,2.025459033416193,2.55949724797851,right,0.0,True,0
DNK,2001,4,146.0,1,6.301369863013699,2.7779569892473117,4.378645833333334,29.10000000000001,1.6006888440860219,0.6213541666666664,center,0.0,True,0
DNK,2001,6,41.0,1,5.780487804878049,1.4722222222222223,4.378645833333334,29.10000000000001,2.9064236111111112,0.6213541666666664,center,0.0,True,0
DNK,2007,7,33.0,1,5.606060606060606,1.398687448728466,4.373831775700935,25.5,2.975144326972469,0.6261682242990654,center,0.0,True,0
DNK,2019,3,120.0,1,4.729814875757025,4.4750531052321225,6.791261246052906,23.090000000000003,2.316208140820783,1.7912612460529056,right,0.0,True,0
DNK,2019,6,82.0,1,7.24376145316973,7.084400289400833,6.791261246052906,23.090000000000003,0.29313904334792706,1.7912612460529056,right,0.0,True,0
ESP,1996,0,222.0,1,2.3202684705224246,7.836252401630056,4.016096937552244,37.60000000000001,3.8201554640778124,0.983903062447756,center,0.0,True,0
ESP,1996,2,101.0,1,3.8110757104145843,2.27918962410843,4.016096937552244,37.60000000000001,1.736907313443814,0.983903062447756,center,0.0,True,0
ESP,2000,2,61.0,1,4.509172910334964,2.2515019894803783,3.706513545198292,34.69999999999999,1.4550115557179137,1.293486454801708,left,0.0,True,0
ESP,2000,3,39.0,1,3.708371712340893,5.903922204230825,3.706513545198292,34.69999999999999,2.197408659032533,1.293486454801708,left,0.0,True,0
ESP,2008,5,50.0,1,1.1434070799113363,1.6088447121641973,7.738570876207332,40.38999999999999,6.129726164043134,2.7385708762073318,right,0.0,True,0
EST,2011,2,111.0,1,1.9366466832190958,6.99127062220244,3.2149507957805032,23.30000000000001,3.7763198264219366,1.7850492042194968,left,0.0,True,0
FIN,2007,3,51.0,1,2.0392156862745097,1.868032786885246,7.981069958847737,22.259999999999994,6.113037171962491,2.981069958847737,right,0.0,True,0
FIN,2007,6,40.0,1,4.875,6.002540220152413,7.981069958847737,22.259999999999994,1.9785297386953236,2.981069958847737,right,0.0,True,0
FIN,2007,7,42.0,1,4.428571428571429,5.807124239791485,7.981069958847737,22.259999999999994,2.1739457190562517,2.981069958847737,right,0.0,True,0
FIN,2011,4,99.0,1,6.141414141414141,1.888521882741536,4.292803970223325,19.099999999999998,2.404282087481789,0.7071960297766751,center,0.0,True,0
FIN,2011,7,37.0,1,5.351351351351352,6.025597269624574,4.292803970223325,19.099999999999998,1.7327932994012487,0.7071960297766751,center,0.0,True,0
FIN,2019,5,149.0,1,1.8641986800997195,1.5883986234298533,6.640724384176888,17.479999999999997,5.052325760747035,1.6407243841768882,right,0.0,True,0
FIN,2019,6,54.0,1,1.1136923577761983,6.312421814681746,6.640724384176888,17.479999999999997,0.32830256949514247,1.6407243841768882,right,0.0,True,0
FRA,2002,0,160.0,1,1.7113392373498701,6.674688475462631,7.736018755808237,,1.0613302803456062,2.736018755808237,right,1.0,True,0
FRA,2002,3,57.0,1,1.3850344468042672,6.356017212655396,7.736018755808237,,1.380001543152841,2.736018755808237,right,1.0,True,0
FRA,2007,2,242.0,1,4.783501973521615,5.843645155081929,3.415817319503466,24.730000000000004,2.427827835578463,1.584182680496534,left,1.0,True,0
FRA,2007,4,47.0,1,4.218756724003611,1.9253547044343204,3.415817319503466,24.730000000000004,1.4904626150691456,1.584182680496534,left,1.0,True,0
FRA,2007,5,71.0,1,5.427704299485896,3.426356086475329,3.415817319503466,24.730000000000004,0.010538766971862845,1.584182680496534,left,1.0,True,0
FRA,2007,6,55.0,1,5.159228122330593,1.3178747515423013,3.415817319503466,24.730000000000004,2.097942567961165,1.584182680496534,left,1.0,True,0
FRA,2012,2,130.0,1,4.457780022714956,8.76266616407659,7.74043029265662,,1.0222358714199702,2.7404302926566197,right,1.0,True,0
FRA,2012,5,92.0,1,2.7308639949995794,3.355720694121811,7.74043029265662,,4.384709598534808,2.7404302926566197,right,1.0,True,0
GBR,2015,3,89.0,1,4.040429804510428,4.790396969145362,3.5312978361915346,31.179999999999996,1.259099132953827,1.4687021638084654,left,1.0,False,0
GBR,2015,4,39.0,1,4.034895816245988,4.402096804628066,3.5312978361915346,31.179999999999996,0.8707989684365312,1.4687021638084654,left,1.0,False,0
GBR,2015,5,58.0,1,5.114850836649449,4.338843597830629,3.5312978361915346,31.179999999999996,0.8075457616390946,1.4687021638084654,left,1.0,False,0
GBR,2017,2,46.0,1,3.65223821930165,4.269940973240869,2.7316846842666918,40.97000000000002,1.5382562889741775,2.2683153157333082,left,1.0,False,0
GBR,2017,5,117.0,1,7.436662930432908,4.2968564127758055,2.7316846842666918,40.97000000000002,1.5651717285091138,2.2683153157333082,left,1.0,False,0
GBR,2019,5,39.0,1,1.7079272696263013,7.600519268069941,2.625714202934937,32.980000000000004,4.974805065135003,2.374285797065063,left,1.0,False,0
GRC,2009,2,47.0,1,1.9361702127659575,1.9947534102833158,7.790890269151139,33.48000000000001,5.796136858867823,2.790890269151139,right,0.0,False,0
GRC,2009,4,44.0,1,2.590909090909091,3.247588424437299,7.790890269151139,33.48000000000001,4.54330184471384,2.790890269151139,right,0.0,False,0
GRC,2012,0,145.0,1,1.1322168033370745,7.61273145077914,2.8159969692127236,26.88999999999999,4.796734481566417,2.1840030307872764,left,0.0,False,0
GRC,2012,2,61.0,1,2.2272162947918988,5.981434577177595,2.8159969692127236,26.88999999999999,3.165437607964871,2.1840030307872764,left,0.0,False,0
GRC,2012,4,36.0,1,1.1993033589727775,9.305157358481726,2.8159969692127236,26.88999999999999,6.489160389269002,2.1840030307872764,left,0.0,False,0
GRC,2012,5,54.0,1,3.3383814000762304,4.122364288821603,2.8159969692127236,26.88999999999999,1.3063673196088796,2.1840030307872764,left,0.0,False,0
GRC,2015,5,85.0,1,2.545524523919838,6.617952978248608,8.033238027221204,27.946762402088765,1.4152850489725957,3.033238027221204,far-right,0.0,False,0
GRC,2019,5,36.0,1,4.383165477819581,3.4588429708313093,3.905646769543094,31.529999999999998,0.44680379871178477,1.094353230456906,left,0.0,False,0
HKG,2008,2,57.0,1,5.891872964895848,5.891605071995898,6.3484706470035475,20.5,0.4568655750076491,1.3484706470035475,right,0.0,False,
HUN,1998,4,30.0,1,6.7660126260324445,7.880772661620165,6.438028793571395,25.699999999999996,1.4427438680487699,1.4380287935713953,right,0.0,False,0
HUN,2002,2,49.0,1,2.037969345675096,2.873127589746689,8.111892460569702,41.07000000000001,5.2387648708230135,3.1118924605697025,far-right,0.0,False,0
HUN,2018,4,51.0,1,2.2784500200034294,1.7738540106683438,7.193004371306889,19.060000000000002,5.419150360638546,2.1930043713068894,right,0.0,False,0
IND,2019,2,72.0,1,1.2660047247259394,1.92467487859733,3.339502772760476,19.460000000000008,1.414827894163146,1.660497227239524,left,1.0,False,0
IND,2019,3,121.0,1,2.8278816927024937,2.21024416744305,3.339502772760476,19.460000000000008,1.129258605317426,1.660497227239524,left,1.0,False,0
IND,2019,4,154.0,1,3.055006951060004,3.170224387954263,3.339502772760476,19.460000000000008,0.16927838480621293,1.660497227239524,left,1.0,False,0
IND,2019,5,116.0,1,3.355613053352059,4.977450889203383,3.339502772760476,19.460000000000008,1.637948116442907,1.660497227239524,left,1.0,False,0
IND,2019,6,110.0,1,3.4542401994684333,3.802087445659576,3.339502772760476,19.460000000000008,0.4625846728991001,1.660497227239524,left,1.0,False,0
IND,2019,7,56.0,1,1.8301722473000515,3.050369661572501,3.339502772760476,19.460000000000008,0.2891331111879749,1.660497227239524,left,1.0,False,0
IND,2019,8,83.0,1,6.90616853948114,2.033470762136628,3.339502772760476,19.460000000000008,1.306032010623848,1.660497227239524,left,1.0,False,0
IRL,2002,3,59.0,1,3.326912368845791,3.1187827631242526,5.9679235988970865,22.5,2.849140835772834,0.9679235988970865,center,0.0,True,0
IRL,2002,4,46.0,1,5.080525421834233,6.224695432697964,5.9679235988970865,22.5,0.25677183380087776,0.9679235988970865,center,0.0,True,0
IRL,2002,5,62.0,1,3.4988973937921783,4.387344416952596,5.9679235988970865,22.5,1.5805791819444908,0.9679235988970865,center,0.0,True,0
IRL,2011,3,57.0,1,4.886493831244475,2.8247836540909015,4.5072325606458365,19.449999999999996,1.682448906554935,0.49276743935416345,center,0.0,True,0
IRL,2016,5,57.0,1,4.005353883734325,3.8253035418034664,6.345763659134979,24.350000000000005,2.520460117331513,1.3457636591349793,right,0.0,True,0
ISL,2003,3,97.0,1,5.711340206185567,2.2538200339558574,4.083475298126065,30.94999999999999,1.8296552641702077,0.9165247018739349,center,0.0,True,1
ISL,2003,4,48.0,1,5.354166666666667,5.4904761904761905,4.083475298126065,30.94999999999999,1.4070008923501254,0.9165247018739349,center,0.0,True,1
ISL,2009,2,186.0,1,1.8383650091176962,2.1829543832710137,8.110825547068988,23.699999999999996,5.927871163797974,3.1108255470689876,far-right,0.0,True,1
ISL,2009,4,36.0,1,1.9929246688517483,4.1092465127713345,8.110825547068988,23.699999999999996,4.001579034297653,3.1108255470689876,far-right,0.0,True,1
ISL,2013,3,100.0,1,3.36,2.278004905968929,6.25638911788953,24.430000000000003,3.9783842119206008,1.2563891178895297,right,0.0,True,1
ISL,2016,4,53.0,1,4.830188679245283,3.7286585365853657,2.192727272727273,15.900000000000004,1.5359312638580929,2.807272727272727,left,0.0,True,1
ISL,2016,5,66.0,1,6.515151515151516,4.888568683957733,2.192727272727273,15.900000000000004,2.6958414112304605,2.807272727272727,left,0.0,True,1
ISL,2017,4,155.0,1,5.406451612903226,5.73630717108978,2.31347438752784,16.889999999999993,3.42283278356194,2.68652561247216,left,0.0,True,1
ISL,2017,7,77.0,1,4.883116883116883,6.292553191489362,2.31347438752784,16.889999999999993,3.979078803961522,2.68652561247216,left,0.0,True,1
ISR,1996,3,33.0,1,7.181818181818182,7.315560391730141,7.463463463463463,25.800000000000004,0.14790307173332184,2.463463463463463,right,0.0,False,0
ISR,1996,4,52.0,1,2.173076923076923,1.5093360995850622,7.463463463463463,25.800000000000004,5.954127363878401,2.463463463463463,right,0.0,False,0
ISR,2003,2,107.0,1,4.5514018691588785,4.884859474161378,2.876385336743393,14.460000000000004,2.008474137417985,2.123614663256607,left,0.0,False,0
ISR,2003,3,37.0,1,2.135135135135135,7.00091407678245,2.876385336743393,14.460000000000004,4.1245287400390565,2.123614663256607,left,0.0,False,0
ISR,2003,4,48.0,1,1.5,8.242424242424242,2.876385336743393,14.460000000000004,5.366038905680849,2.123614663256607,left,0.0,False,0
ISR,2003,5,99.0,1,5.818181818181818,1.7563540753724802,2.876385336743393,14.460000000000004,1.120031261370913,2.123614663256607,left,0.0,False,0
ISR,2006,3,78.0,1,2.858974358974359,6.844361602982293,3.957720588235294,15.059999999999999,2.8866410147469987,1.042279411764706,left,0.0,False,0
ISR,2006,5,59.0,1,2.5762711864406778,7.354838709677419,3.957720588235294,15.059999999999999,3.397118121442125,1.042279411764706,left,0.0,False,0
ITA,2006,2,42.0,1,2.479448685481079,7.944049741752178,3.2703207793152456,31.27,4.6737289624369325,1.7296792206847544,left,0.0,True,0
ITA,2006,5,31.0,1,6.941692309563482,2.023369150546798,3.2703207793152456,31.27,1.2469516287684477,1.7296792206847544,left,0.0,True,0
ITA,2018,4,50.0,1,3.1216613052772164,7.274765680960754,3.373877665664861,18.759999999999998,3.900888015295893,1.6261223343351392,left,0.0,True,0
ITA,2018,5,57.0,1,4.545250090382801,3.099444189013789,3.373877665664861,18.759999999999998,0.27443347665107165,1.6261223343351392,left,0.0,True,0
JPN,2007,0,342.0,1,3.757309941520468,5.240072202166065,6.514563106796117,,1.2744909046300519,1.5145631067961167,right,0.0,True,0
JPN,2007,2,47.0,1,4.808510638297872,5.312022900763359,6.514563106796117,,1.202540206032758,1.5145631067961167,right,0.0,True,0
JPN,2007,4,52.0,1,3.0,3.269631031220435,6.514563106796117,,3.2449320755756816,1.5145631067961167,right,0.0,True,0
JPN,2013,2,83.0,1,3.607437406326051,3.082031068760064,4.643390377127477,,1.5613593083674129,0.35660962287252307,center,0.0,True,0
JPN,2013,3,76.0,1,3.1301010489638377,4.9613893815051515,4.643390377127477,,0.3179990043776746,0.35660962287252307,center,0.0,True,0
JPN,2013,4,97.0,1,3.5173553752613853,5.745175704966478,4.643390377127477,,1.1017853278390008,0.35660962287252307,center,0.0,True,0
KEN,2013,3,38.0,1,6.973684210526316,1.7984189723320159,2.328922495274102,21.389999999999997,0.5305035229420862,2.671077504725898,left,1.0,False,0
KOR,2004,2,115.0,1,2.0869565217391304,3.230769230769231,7.332058148431522,35.800000000000004,4.101288917662291,2.332058148431522,right,0.0,False,0
KOR,2008,5,45.0,1,4.933333333333334,4.367486338797814,4.220095693779904,25.17000000000001,0.14739064501790988,0.7799043062200957,center,0.0,False,0
KOR,2012,2,45.0,1,5.288888888888889,3.05297157622739,3.7433414043583535,36.45999999999999,0.6903698281309634,1.2566585956416465,left,0.0,False,0
KOR,2016,0,415.0,1,4.03855421686747,7.529863481228669,3.8208191126279862,37.0,3.709044368600683,1.1791808873720138,left,0.0,False,0
LTU,2020,3,64.0,1,3.9916802651366963,3.2547997440823333,4.055463364536554,18.069999999999993,0.800663620454221,0.9445366354634457,center,0.0,False,0
LVA,2010,3,34.0,1,1.6824587416971053,6.716682696005764,3.524689255595438,26.610000000000007,3.1919934404103256,1.475310744404562,left,0.0,True,0
LVA,2014,5,37.0,1,4.263765176854802,5.583142155156821,6.37485795530163,21.869999999999997,0.791715800144809,1.3748579553016302,right,0.0,True,0
MEX,2003,3,48.0,1,4.117922762796986,4.2261998361526665,5.614129187601166,23.139999999999993,1.3879293514484994,0.6141291876011659,center,0.0,False,0
MEX,2012,2,74.0,1,4.651960868775738,3.334652730132945,6.528701700516076,25.88999999999999,3.194048970383131,1.5287017005160761,right,0.0,False,0
MEX,2015,4,43.0,1,5.207660444695937,5.841075587786903,6.7614916935995355,21.020000000000003,0.9204161058126328,1.7614916935995355,right,0.0,False,0
MEX,2018,0,244.0,1,2.640703069943576,4.271408540102133,5.316853552356862,17.930000000000007,1.0454450122547287,0.31685355235686163,center,0.0,False,0
NLD,1998,5,72.0,1,3.9604048461696904,2.961695075788376,7.105992999222221,24.69999999999999,4.144297923433845,2.105992999222221,right,0.0,True,0
NLD,2002,5,73.0,1,3.246263952333922,2.3854179391774735,7.578350230691473,17.0,5.1929322915139995,2.5783502306914734,right,0.0,True,0
NLD,2006,2,198.0,1,6.5093276581919906,2.6266042308254556,3.581120609826051,21.189999999999998,0.9545163790005953,1.4188793901739492,left,0.0,True,0
NLD,2006,3,287.0,1,4.784820098539723,7.167323071235505,3.581120609826051,21.189999999999998,3.5862024614094543,1.4188793901739492,left,0.0,True,0
NLD,2006,4,39.0,1,4.8196361522990925,7.565434959448548,3.581120609826051,21.189999999999998,3.984314349622497,1.4188793901739492,left,0.0,True,0
NLD,2006,5,122.0,1,6.647786775880069,2.7298788680406787,3.581120609826051,21.189999999999998,0.8512417417853722,1.4188793901739492,left,0.0,True,0
NLD,2006,6,64.0,1,4.436513126125114,5.745290626090256,3.581120609826051,21.189999999999998,2.164170016264205,1.4188793901739492,left,0.0,True,0
NLD,2006,7,53.0,1,6.3754396053215325,4.8822103005454185,3.581120609826051,21.189999999999998,1.3010896907193676,1.4188793901739492,left,0.0,True,0
NLD,2010,0,303.0,1,4.790186014546822,7.312234976814012,3.2177066786399737,19.63,4.094528298174039,1.7822933213600263,left,0.0,True,0
NLD,2010,5,148.0,1,6.183880749447827,4.561397459930602,3.2177066786399737,19.63,1.3436907812906287,1.7822933213600263,left,0.0,True,0
NLD,2010,6,143.0,1,6.904813875760435,2.3744839760557133,3.2177066786399737,19.63,0.8432227025842605,1.7822933213600263,left,0.0,True,0
NLD,2010,7,62.0,1,6.1837186829762665,5.382415462644083,3.2177066786399737,19.63,2.1647087840041093,1.7822933213600263,left,0.0,True,0
NLD,2017,0,269.0,1,2.5111823183705755,7.893697654814917,8.109532194581266,13.06,0.21583453976634903,3.1095321945812664,far-right,0.0,True,0
NLD,2017,2,163.0,1,2.057845594115607,6.156175453299503,8.109532194581266,13.06,1.9533567412817634,3.1095321945812664,far-right,0.0,True,0
NLD,2017,8,50.0,1,1.5927592587916588,3.2913901395942697,8.109532194581266,13.06,4.818142054986996,3.1095321945812664,far-right,0.0,True,0
NLD,2021,6,163.0,1,7.1400203500392605,1.7567061192169726,4.338242067942215,15.02,2.581535948725242,0.6617579320577853,center,0.0,True,0
NOR,1997,2,287.0,1,4.7874564459930316,8.036980749746707,8.30363543266769,15.300000000000002,0.2666546829209828,3.30363543266769,far-right,0.0,True,0
NOR,1997,4,147.0,1,2.639455782312925,4.146556188503366,8.30363543266769,15.300000000000002,4.157079244164324,3.30363543266769,far-right,0.0,True,0
NOR,1997,5,139.0,1,1.4964028776978417,2.4107142857142856,8.30363543266769,15.300000000000002,5.892921146953404,3.30363543266769,far-right,0.0,True,0
NOR,2001,0,264.0,1,4.3143939393939394,4.5806282722513085,8.037981269510926,21.199999999999996,3.4573529972596173,3.037981269510926,far-right,0.0,True,0
NOR,2001,3,94.0,1,3.648936170212766,2.774869109947644,8.037981269510926,21.199999999999996,5.263112159563281,3.037981269510926,far-right,0.0,True,0
NOR,2001,5,47.0,1,4.0638297872340425,4.4570826750921535,8.037981269510926,21.199999999999996,3.5808985944187723,3.037981269510926,far-right,0.0,True,0
NOR,2005,2,198.0,1,5.914141414141414,8.032426778242678,8.35974643423138,22.060000000000002,0.32731965598870083,3.359746434231379,far-right,0.0,True,0
NOR,2005,3,101.0,1,1.7524752475247525,2.5013178703215604,8.35974643423138,22.060000000000002,5.858428563909818,3.359746434231379,far-right,0.0,True,0
NOR,2005,4,59.0,1,4.220338983050848,6.147991543340381,8.35974643423138,22.060000000000002,2.2117548908909983,3.359746434231379,far-right,0.0,True,0
NOR,2005,5,51.0,1,2.980392156862745,4.397564849126522,8.35974643423138,22.060000000000002,3.962181585104857,3.359746434231379,far-right,0.0,True,0
NOR,2009,2,219.0,1,6.036529680365297,7.931216931216931,8.64373897707231,22.910000000000004,0.7125220458553789,3.64373897707231,far-right,0.0,True,0
NOR,2009,5,44.0,1,4.636363636363637,5.810395747194329,8.64373897707231,22.910000000000004,2.833343229877981,3.64373897707231,far-right,0.0,True,0
NOR,2009,6,35.0,1,2.0,4.479646017699115,8.64373897707231,22.910000000000004,4.164092959373195,3.64373897707231,far-right,0.0,True,0
NOR,2013,3,37.0,1,6.866063721199308,5.6841343286754284,8.008850995061385,26.81,2.3247166663859566,3.008850995061385,far-right,0.0,True,0
NOR,2013,4,37.0,1,4.1785564842038045,4.474404609358239,8.008850995061385,26.81,3.534446385703146,3.008850995061385,far-right,0.0,True,0
NOR,2013,5,40.0,1,6.037557475440131,4.656834341480797,8.008850995061385,26.81,3.3520166535805878,3.008850995061385,far-right,0.0,True,0
NOR,2013,6,36.0,1,3.1663684112315345,2.637540758902207,8.008850995061385,26.81,5.371310236159179,3.008850995061385,far-right,0.0,True,0
NOR,2017,0,306.0,1,3.9465649127684537,3.714714503565288,7.996886277410971,25.04,4.282171773845683,2.9968862774109706,right,0.0,True,0
NOR,2017,2,147.0,1,7.471387755651599,8.452886219018078,7.996886277410971,25.04,0.4559999416071072,2.9968862774109706,right,0.0,True,0
NOR,2017,3,112.0,1,3.9909545334524164,4.280245981054555,7.996886277410971,25.04,3.716640296356416,2.9968862774109706,right,0.0,True,0
NOR,2017,4,82.0,1,2.794251555592368,2.1541936408746,7.996886277410971,25.04,5.842692636536371,2.9968862774109706,right,0.0,True,0
NOR,2017,5,47.0,1,6.261037419036806,4.980791711526509,7.996886277410971,25.04,3.016094565884462,2.9968862774109706,right,0.0,True,0
NOR,2017,6,54.0,1,6.096243220419969,5.422032595007121,7.996886277410971,25.04,2.57485368240385,2.9968862774109706,right,0.0,True,0
NOR,2017,7,32.0,1,3.635829448658011,3.059275607863264,7.996886277410971,25.04,4.937610669547706,2.9968862774109706,right,0.0,True,0
NZL,1996,4,68.0,1,3.5441176470588234,8.029434250764526,3.825446568473833,31.0,4.203987682290693,1.1745534315261672,left,0.0,True,0
NZL,1996,5,31.0,1,4.354838709677419,6.673345759552656,3.825446568473833,31.0,2.847899191078823,1.1745534315261672,left,0.0,True,0
NZL,2002,3,46.0,1,5.529459412824806,7.465919856148689,6.93153477626738,20.930000000000003,0.534385079881309,1.9315347762673802,right,0.0,True,0
NZL,2017,3,149.0,1,7.087827898120233,2.5489570490738416,3.3565960282899434,36.88999999999999,0.8076389792161018,1.6434039717100566,left,0.0,True,0
NZL,2017,4,37.0,1,6.32915421650426,4.580174854288095,3.3565960282899434,36.88999999999999,1.2235788259981515,1.6434039717100566,left,0.0,True,0
NZL,2020,2,152.0,1,2.4765941328523997,2.234679880571185,7.105297225828598,25.579999999999995,4.870617345257413,2.105297225828598,right,0.0,True,0
NZL,2020,3,41.0,1,5.475365765844398,7.382312186428582,7.105297225828598,25.579999999999995,0.2770149605999839,2.105297225828598,right,0.0,True,0
NZL,2020,5,35.0,1,4.296908853696986,4.554089905187414,7.105297225828598,25.579999999999995,2.5512073206411836,2.105297225828598,right,0.0,True,0
PER,2000,4,43.0,1,7.465116279069767,3.396205357142857,4.857917570498915,23.300000000000008,1.461712213356058,0.14208242950108474,center,0.0,False,0
PER,2001,0,170.0,1,1.8823529411764706,5.031434184675835,4.898338220918866,19.7,0.13309596375696842,0.10166177908113383,center,0.0,False,0
PER,2001,2,38.0,1,2.473684210526316,6.145669291338582,4.898338220918866,19.7,1.2473310704197162,0.10166177908113383,center,0.0,False,0
PER,2006,3,65.0,1,2.7204654114036133,4.628534931326887,5.223863708169204,20.59,0.595328776842317,0.22386370816920387,center,0.0,False,0
PER,2006,4,74.0,1,2.614118916515655,4.511238645470662,5.223863708169204,20.59,0.7126250626985415,0.22386370816920387,center,0.0,False,0
PER,2011,5,34.0,1,4.5335326369453695,5.278735656479794,6.189487499314358,23.0,0.9107518428345633,1.1894874993143576,right,0.0,False,0
PER,2021,4,38.0,1,3.573242363352093,5.175165737575828,6.4605942564709435,11.340000000000002,1.2854285188951158,1.4605942564709435,right,0.0,False,0
PHL,2016,5,44.0,1,6.386363636363637,6.091150442477876,5.542677448337826,17.039999999999996,0.5484729941400506,0.5426774483378258,center,0.0,False,0
POL,2005,7,53.0,1,3.7862367750619126,2.4237355661147553,6.614887688413711,24.139999999999993,4.191152122298956,1.6148876884137113,right,0.0,False,0
POL,2007,0,586.0,1,2.0238470859357056,6.28419530530603,7.004747160314364,32.11000000000001,0.7205518550083339,2.0047471603143636,right,0.0,False,0
POL,2007,3,111.0,1,3.2093233079813888,4.86361910212047,7.004747160314364,32.11000000000001,2.1411280581938934,2.0047471603143636,right,0.0,False,0
PRT,2002,2,48.0,1,3.3958333333333335,7.720909886264217,4.617495711835335,30.400000000000002,3.103414174428883,0.3825042881646654,center,0.0,False,0
PRT,2002,3,40.0,1,3.875,1.9094865100087033,4.617495711835335,30.400000000000002,2.7080092018266315,0.3825042881646654,center,0.0,False,0
PRT,2009,3,86.0,1,3.1684963588154393,2.1886295128691295,6.894725883191397,29.11000000000001,4.706096370322268,1.8947258831913967,right,0.0,False,0
PRT,2009,4,69.0,1,2.4009778739383716,2.7204699380820805,6.894725883191397,29.11000000000001,4.174255945109316,1.8947258831913967,right,0.0,False,0
PRT,2015,0,279.0,1,2.8326018482987974,7.992797722732663,3.890752239556748,33.57,4.102045483175916,1.1092477604432518,left,0.0,False,0
PRT,2015,2,46.0,1,4.696545870904785,1.4137101552299178,3.890752239556748,33.57,2.4770420843268304,1.1092477604432518,left,0.0,False,0
PRT,2015,3,84.0,1,5.34622546157992,1.3735775161665713,3.890752239556748,33.57,2.517174723390177,1.1092477604432518,left,0.0,False,0
PRT,2019,2,62.0,1,2.2985464617568274,2.0634101512109484,7.210614980315694,29.190000000000005,5.147204829104746,2.210614980315694,right,0.0,False,0
PRT,2019,3,81.0,1,1.8945368892941266,1.886768910045571,7.210614980315694,29.190000000000005,5.323846070270124,2.210614980315694,right,0.0,False,0
ROU,2009,2,107.0,1,5.242326209315005,6.619052453366932,2.503347931608258,,4.1157045217586745,2.496652068391742,left,0.0,False,0
ROU,2012,8,73.0,1,7.479601910064507,6.686515518537288,6.650700174746426,16.51,0.03581534379086193,1.6507001747464258,right,0.0,False,0
RUS,2004,5,35.0,1,1.2,5.551351351351351,2.3279924599434496,,3.2233588914079014,2.6720075400565504,left,0.0,False,0
SLV,2019,0,34.0,1,3.771731931828538,5.066088818892629,4.986297858079571,,0.07979096081305759,0.013702141920428623,center,0.0,False,0
SLV,2019,2,102.0,1,2.133079338835549,2.5530774648796557,4.986297858079571,,2.4332203931999157,0.013702141920428623,center,0.0,False,0
SRB,2012,3,42.0,1,2.7671787120108524,4.8880219103713705,4.513333247301772,22.06,0.37468866306959825,0.4866667526982278,center,0.0,False,0
SVK,2010,2,74.0,1,5.632979652457356,7.133952772962544,7.64920727716843,15.42,0.5152545042058865,2.64920727716843,right,0.0,False,0
SVK,2010,5,31.0,1,1.6229051067552214,4.595512646199752,7.64920727716843,15.42,3.0536946309686783,2.64920727716843,right,0.0,False,0
SVK,2016,3,63.0,1,3.196627849030398,4.909272127675172,7.277122499316166,12.099999999999998,2.3678503716409933,2.2771224993161656,right,0.0,False,0
SVK,2020,0,104.0,1,1.5813716489331964,6.914190545407931,1.9564008964610908,18.289999999999996,4.95778964894684,3.0435991035389094,far-left,0.0,False,0
SVK,2020,2,46.0,1,2.6371443739346057,6.110640588876674,1.9564008964610908,18.289999999999996,4.154239692415583,3.0435991035389094,far-left,0.0,False,0
SVK,2020,3,40.0,1,2.3928099533482934,4.823755451675323,1.9564008964610908,18.289999999999996,2.8673545552142325,3.0435991035389094,far-left,0.0,False,0
SVK,2020,5,48.0,1,1.3406275063494182,7.296725866147359,1.9564008964610908,18.289999999999996,5.340324969686268,3.0435991035389094,far-left,0.0,False,0
SVN,2008,2,34.0,1,1.3823529411764706,3.100449775112444,6.651785714285714,29.300000000000008,3.5513359391732706,1.6517857142857144,right,0.0,False,0
SWE,1998,4,35.0,1,4.914285714285715,5.427368421052631,9.01975051975052,22.899999999999995,3.5923820986978887,4.01975051975052,far-right,0.0,True,0
SWE,1998,5,47.0,1,6.340425531914893,6.403208556149733,9.01975051975052,22.899999999999995,2.6165419636007874,4.01975051975052,far-right,0.0,True,0
SWE,2002,3,66.0,1,5.575757575757576,7.134715025906735,8.947368421052632,15.259999999999998,1.8126533951458965,3.947368421052632,far-right,0.0,True,0
SWE,2006,3,75.0,1,6.96,6.75266731328807,8.496631376323387,26.23,1.7439640630353175,3.4966313763233874,far-right,0.0,True,0
SWE,2006,5,74.0,1,2.1621621621621623,1.342003853564547,8.496631376323387,26.23,7.15462752275884,3.4966313763233874,far-right,0.0,True,0
SWE,2014,2,30.0,1,5.066666666666666,7.1940740740740745,8.18542199488491,23.32999999999999,0.9913479208108358,3.1854219948849103,far-right,0.0,True,0
SWE,2014,3,66.0,1,4.212121212121212,3.854922279792746,8.18542199488491,23.32999999999999,4.330499715092165,3.1854219948849103,far-right,0.0,True,0
SWE,2014,4,51.0,1,6.588235294117647,6.265122265122265,8.18542199488491,23.32999999999999,1.920299729762645,3.1854219948849103,far-right,0.0,True,0
SWE,2014,5,51.0,1,2.803921568627451,1.4335038363171355,8.18542199488491,23.32999999999999,6.751918158567775,3.1854219948849103,far-right,0.0,True,0
SWE,2014,6,42.0,1,6.523809523809524,6.59741935483871,8.18542199488491,23.32999999999999,1.5880026400462004,3.1854219948849103,far-right,0.0,True,0
SWE,2018,7,132.0,1,2.9138601241873223,2.8578057837637783,8.19274469886714,19.84,5.334938915103361,3.1927446988671395,far-right,0.0,True,0
SWE,2018,8,36.0,1,1.8364230689553838,1.8943782411056638,8.19274469886714,19.84,6.2983664577614755,3.1927446988671395,far-right,0.0,True,0
TUR,2011,3,49.0,1,1.6556992483016684,2.294943275457991,1.8676871162103192,25.980000000000004,0.4272561592476718,3.1323128837896808,far-left,0.0,False,0
TUR,2015,2,114.0,1,1.9399385891314185,7.053074691549776,2.0066493499723306,24.949999999999996,5.046425341577446,2.9933506500276694,left,0.0,False,0
TUR,2018,2,46.0,1,2.111827611389235,1.4408074475381678,2.259295333095906,22.65,0.818487885557738,2.740704666904094,left,0.0,False,0
TUR,2018,3,47.0,1,2.495130772544714,7.835864048925072,2.259295333095906,22.65,5.576568715829167,2.740704666904094,left,0.0,False,0
TUR,2018,4,36.0,1,2.8834672593605744,5.394529268797627,2.259295333095906,22.65,3.1352339357017214,2.740704666904094,left,0.0,False,0
TWN,1996,2,91.0,1,3.010989010989011,5.109375,4.4421487603305785,29.800000000000008,0.6672262396694215,0.5578512396694215,center,0.0,True,0
TWN,2004,2,159.0,1,5.532512403649495,5.111211128617573,5.524759928642017,,0.4135488000244436,0.524759928642017,center,0.0,True,0
TWN,2004,3,52.0,1,2.90793476432858,5.037412245764122,5.524759928642017,,0.4873476828778953,0.524759928642017,center,0.0,True,0
URY,2019,2,106.0,1,6.502439149076361,7.057303236913393,7.826537709684501,29.699999999999992,0.7692344727711076,2.8265377096845006,right,0.0,True,0
URY,2019,3,40.0,1,7.277691424271826,7.6639226760768535,7.826537709684501,29.699999999999992,0.16261503360764706,2.8265377096845006,right,0.0,True,0
USA,2020,0,3128.0,1,1.9967380455400656,3.289535318363898,7.111263040282378,47.23000000000002,3.8217277219184806,2.1112630402823784,right,1.0,True,0
ZAF,2009,2,41.0,1,4.2926829268292686,4.034682080924855,4.671296296296297,16.660000000000004,0.6366142153714414,0.3287037037037033,center,0.0,False,0
AUS,2019,3,60.0,2,1.6930777402632426,6.175591801910037,3.0045632024512043,10.400000000000002,3.1710285994588325,1.9954367975487957,left,1.0,True,0
AUS,2019,5,39.0,2,1.0792422451894723,6.396461279473314,3.0045632024512043,10.400000000000002,3.39189807702211,1.9954367975487957,left,1.0,True,0
AUT,2008,3,47.0,2,5.395386037485987,7.366314487312008,7.953473482224042,17.5,0.5871589949120342,2.953473482224042,right,0.0,True,0
AUT,2008,4,69.0,2,0.7981997731584127,2.5650281672048383,7.953473482224042,17.5,5.3884453150192035,2.953473482224042,right,0.0,True,0
AUT,2013,3,86.0,2,0.47046174739701224,3.1685284120219372,7.210469541395964,20.509999999999998,4.0419411293740275,2.2104695413959643,right,0.0,True,0
AUT,2017,4,33.0,2,0.8190430269166407,2.897417426267105,7.993293714746346,25.97,5.095876288479241,2.993293714746346,right,0.0,True,0
BGR,2014,3,50.0,2,0.4434104716086667,8.02954666345129,4.384616159172491,14.839999999999998,3.6449305042787996,0.6153838408275094,center,0.0,False,0
BRA,2002,7,30.0,2,4.9263025187955085,4.756231428569424,6.246134944116001,13.400000000000002,1.489903515546577,1.246134944116001,right,0.0,False,0
CAN,2011,3,47.0,2,4.361702127659575,3.695259593679458,5.050463439752832,18.900000000000002,1.355203846073374,0.05046343975283207,center,1.0,False,0
CAN,2011,4,33.0,2,5.181818181818182,3.310077519379845,5.050463439752832,18.900000000000002,1.740385920372987,0.05046343975283207,center,1.0,False,0
CAN,2015,3,32.0,2,6.71875,4.000945179584121,3.4850299401197606,19.72,0.51591523946436,1.5149700598802394,left,1.0,False,0
CAN,2015,4,44.0,2,6.545454545454546,3.08503100088574,3.4850299401197606,19.72,0.39999893923402086,1.5149700598802394,left,1.0,False,0
CHE,1999,4,53.0,2,3.849056603773585,3.029166666666667,6.156305506216697,19.900000000000002,3.12713883955003,1.1563055062166967,right,0.0,True,0
CHL,2009,0,64.0,2,2.927991404096982,9.184377517288043,5.054414740329515,14.919999999999996,4.129962776958528,0.05441474032951543,center,0.0,True,0
CHL,2009,3,32.0,2,6.169197198008186,4.114825521316052,5.054414740329515,14.919999999999996,0.9395892190134632,0.05441474032951543,center,0.0,True,0
CHL,2009,4,70.0,2,5.593178419417922,2.9929982773179096,5.054414740329515,14.919999999999996,2.061416463011606,0.05441474032951543,center,0.0,True,0
CHL,2017,3,74.0,2,3.1987895354921534,2.5808839218107296,4.492470973554163,10.280000000000001,1.911587051743433,0.5075290264458374,center,0.0,True,0
CHL,2017,5,37.0,2,1.6992415282680275,2.9564691874970213,4.492470973554163,10.280000000000001,1.5360017860571413,0.5075290264458374,center,0.0,True,0
CHL,2017,6,38.0,2,1.8973035560598264,1.5488387765975726,4.492470973554163,10.280000000000001,2.9436321969565897,0.5075290264458374,center,0.0,True,0
CZE,1996,5,74.0,2,0.6621621621621622,7.381478334749363,0.5964912280701754,10.299999999999999,6.784987106679187,4.4035087719298245,far-left,0.0,True,0
CZE,2006,1,339.0,2,3.9587020648967552,2.9033134166214016,1.0442286947141317,12.81,1.85908472190727,3.955771305285868,far-left,0.0,True,0
CZE,2006,4,101.0,2,1.5940594059405941,6.1883623275344934,1.0442286947141317,12.81,5.1441336328203615,3.955771305285868,far-left,0.0,True,0
CZE,2013,0,207.0,2,4.217391304347826,2.4473173884938593,1.138780804150454,14.91,1.3085365843434054,3.861219195849546,far-left,0.0,True,0
CZE,2013,1,123.0,2,2.0,6.029325513196481,1.138780804150454,14.91,4.8905447090460274,3.861219195849546,far-left,0.0,True,0
CZE,2013,3,79.0,2,0.7974683544303798,8.149440421329823,1.138780804150454,14.91,7.010659617179369,3.861219195849546,far-left,0.0,True,0
CZE,2013,4,56.0,2,1.125,8.429407937540663,1.138780804150454,14.91,7.29062713339021,3.861219195849546,far-left,0.0,True,0
CZE,2013,6,44.0,2,2.090909090909091,4.841677943166441,1.138780804150454,14.91,3.702897139015987,3.861219195849546,far-left,0.0,True,0
CZE,2021,4,60.0,2,2.5844483535814415,3.0445694837116077,5.930038768108166,15.620000000000001,2.8854692843965584,0.9300387681081661,center,0.0,True,0
CZE,2021,8,37.0,2,5.475300288147117,6.688569729539248,5.930038768108166,15.620000000000001,0.7585309614310818,0.9300387681081661,center,0.0,True,0
DEU,1998,3,106.0,2,1.6766543408466803,2.8337623117998727,6.355572493058759,7.299999999999998,3.521810181258886,1.3555724930587587,right,0.0,True,0
DEU,1998,4,42.0,2,5.923110884637814,4.963991620058089,6.355572493058759,7.299999999999998,1.3915808730006693,1.3555724930587587,right,0.0,True,0
DEU,2005,4,145.0,2,2.8064769006791788,3.3503316174653603,5.23686794253966,9.8,1.8865363250742995,0.23686794253965981,center,0.0,True,0
DEU,2005,5,55.0,2,5.582452478736058,6.550125276021966,5.23686794253966,9.8,1.3132573334823059,0.23686794253965981,center,0.0,True,0
DEU,2009,5,62.0,2,5.407079196607674,6.9750500281201,5.843514877826862,14.560000000000002,1.1315351502932387,0.8435148778268617,center,0.0,True,0
DEU,2013,3,105.0,2,4.282852459247063,3.319749926116405,1.1558549548149684,8.590000000000003,2.1638949713014366,3.844145045185032,far-left,0.0,True,0
DEU,2013,4,33.0,2,1.6141225770669296,6.881042647822964,1.1558549548149684,8.590000000000003,5.725187693007996,3.844145045185032,far-left,0.0,True,0
DEU,2017,3,107.0,2,1.4708195506265698,4.908356577478022,8.858021926157987,12.639999999999997,3.9496653486799644,3.8580219261579867,far-right,0.0,True,0
DEU,2017,5,200.0,2,0.23785559191347208,3.2045092135615403,8.858021926157987,12.639999999999997,5.653512712596447,3.8580219261579867,far-right,0.0,True,0
DEU,2021,5,90.0,2,3.498429449654683,5.936386576337345,3.020367635599159,14.75,2.916018940738186,1.9796323644008411,left,0.0,True,0
DNK,2001,4,146.0,2,1.0273972602739727,2.7779569892473117,8.125799573560768,12.0,5.347842584313456,3.1257995735607675,far-right,0.0,True,0
DNK,2001,6,41.0,2,0.8292682926829268,1.4722222222222223,8.125799573560768,12.0,6.653577351338545,3.1257995735607675,far-right,0.0,True,0
DNK,2007,7,33.0,2,0.2727272727272727,1.398687448728466,7.9984177215189876,13.900000000000004,6.599730272790522,2.9984177215189876,right,0.0,True,0
DNK,2019,3,120.0,2,0.8850824930130211,4.4750531052321225,7.182835925579733,8.620000000000001,2.70778282034761,2.1828359255797327,right,0.0,True,0
DNK,2019,4,124.0,2,1.1136318592412842,2.4129599557677244,7.182835925579733,8.620000000000001,4.769875969812008,2.1828359255797327,right,0.0,True,0
ESP,1996,0,222.0,2,3.158602897561164,7.836252401630056,2.27918962410843,10.5,5.557062777521626,2.72081037589157,left,0.0,True,0
ESP,1996,3,41.0,2,3.143134498878222,5.763656532100888,2.27918962410843,10.5,3.484466907992458,2.72081037589157,left,0.0,True,0
ESP,2000,3,39.0,2,3.3338062824404164,5.903922204230825,2.2515019894803783,5.5,3.6524202147504465,2.7484980105196217,left,0.0,True,0
FIN,2003,0,164.0,2,4.774390243902439,6.191163210099188,7.464711274060495,18.599999999999994,1.2735480639613064,2.4647112740604946,right,0.0,True,0
FIN,2007,3,51.0,2,5.450980392156863,1.868032786885246,4.155555555555556,21.439999999999998,2.2875227686703097,0.8444444444444441,center,0.0,True,0
FIN,2007,6,40.0,2,4.65,6.002540220152413,4.155555555555556,21.439999999999998,1.8469846645968575,0.8444444444444441,center,0.0,True,0
FIN,2007,7,42.0,2,4.785714285714286,5.807124239791485,4.155555555555556,21.439999999999998,1.6515686842359294,0.8444444444444441,center,0.0,True,0
FIN,2011,7,37.0,2,6.27027027027027,6.025597269624574,5.511304347826087,19.099999999999998,0.5142929217984866,0.511304347826087,center,0.0,True,0
FIN,2015,5,86.0,2,2.260444352757175,2.1366444298588223,6.132940893334194,17.650000000000006,3.9962964634753715,1.1329408933341938,right,0.0,True,0
FIN,2015,7,44.0,2,5.704783876481694,6.181403925580239,6.132940893334194,17.650000000000006,0.04846303224604487,1.1329408933341938,right,0.0,True,0
FRA,2002,3,57.0,2,4.036201509431322,6.356017212655396,3.6213451743486265,,2.7346720383067695,1.3786548256513735,left,1.0,True,0
FRA,2012,3,134.0,2,1.2785898232467452,1.4071997522600295,8.76266616407659,,7.35546641181656,3.76266616407659,far-right,1.0,True,0
FRA,2012,4,115.0,2,1.9560511871738704,5.156499170410082,8.76266616407659,,3.606166993666508,3.76266616407659,far-right,1.0,True,0
FRA,2012,5,92.0,2,1.0906834980931743,3.355720694121811,8.76266616407659,,5.406945469954779,3.76266616407659,far-right,1.0,True,0
GBR,2015,5,58.0,2,1.1045008527150941,4.338843597830629,6.884220456002707,12.879999999999997,2.5453768581720775,1.8842204560027067,right,1.0,False,0
GRC,2009,4,44.0,2,4.590909090909091,3.247588424437299,1.9947534102833158,7.540000000000003,1.2528350141539832,3.005246589716684,far-left,0.0,False,0
GRC,2012,1,125.0,2,1.132178293853759,2.8159969692127236,5.981434577177595,12.28,3.165437607964871,0.9814345771775947,center,0.0,False,0
GRC,2012,3,40.0,2,0.5901282397494317,6.89632654306885,5.981434577177595,12.28,0.9148919658912549,0.9814345771775947,center,0.0,False,0
GRC,2012,4,36.0,2,1.027451533227016,9.305157358481726,5.981434577177595,12.28,3.323722781304131,0.9814345771775947,center,0.0,False,0
GRC,2012,5,54.0,2,3.843849574386991,4.122364288821603,5.981434577177595,12.28,1.8590702883559915,0.9814345771775947,center,0.0,False,0
GRC,2015,5,85.0,2,0.6176051423108725,6.617952978248608,9.1008445025573,6.626879084967321,2.482891524308691,4.100844502557299,far-right,0.0,False,0
GRC,2015,6,46.0,2,0.3282923146332256,6.854849258084789,9.1008445025573,6.626879084967321,2.2459952444725104,4.100844502557299,far-right,0.0,False,0
GRC,2015,7,31.0,2,0.1532004967606556,5.725393016640125,9.1008445025573,6.626879084967321,3.375451485917174,4.100844502557299,far-right,0.0,False,0
GRC,2019,5,36.0,2,1.5206814647988163,3.4588429708313093,5.221604494046487,8.1,1.762761523215178,0.2216044940464874,center,0.0,False,0
HKG,2012,1,78.0,2,5.08113413009219,6.206862836728712,5.885195781849751,13.650000000000006,0.3216670548789615,0.8851957818497507,center,0.0,False,
HKG,2016,1,91.0,2,6.30676434670902,6.281844201440389,6.369759426512198,9.22,0.08791522507180893,1.3697594265121982,right,0.0,False,
HUN,1998,4,30.0,2,5.39040139256846,7.880772661620165,7.081080906909248,12.099999999999996,0.799691754710917,2.081080906909248,right,0.0,False,0
HUN,2018,4,51.0,2,5.299068411727725,1.7738540106683438,1.5100822136429943,11.909999999999998,0.2637717970253495,3.4899177863570054,far-left,0.0,False,0
IRL,2002,3,59.0,2,4.731008460071898,3.1187827631242526,3.625752142139668,10.7,0.5069693790154153,1.374247857860332,left,0.0,True,0
IRL,2002,5,62.0,2,5.843492874593189,4.387344416952596,3.625752142139668,10.7,0.7615922748129278,1.374247857860332,left,0.0,True,0
IRL,2011,0,159.0,2,2.229243872227352,6.7958459802777815,5.9295581693182315,17.449999999999996,0.86628781095955,0.9295581693182315,center,0.0,True,0
IRL,2011,1,44.0,2,2.3031983079092426,4.5072325606458365,5.9295581693182315,17.449999999999996,1.422325608672395,0.9295581693182315,center,0.0,True,0
IRL,2011,3,57.0,2,2.9245770262988,2.8247836540909015,5.9295581693182315,17.449999999999996,3.10477451522733,0.9295581693182315,center,0.0,True,0
IRL,2016,0,215.0,2,1.4588577014461581,6.605944219639503,3.1366088851014013,13.849999999999996,3.4693353345381017,1.8633911148985987,left,0.0,True,0
IRL,2016,3,54.0,2,1.7940976703739302,4.340597525630399,3.1366088851014013,13.849999999999996,1.2039886405289972,1.8633911148985987,left,0.0,True,0
IRL,2016,5,57.0,2,2.745399060381261,3.8253035418034664,3.1366088851014013,13.849999999999996,0.6886946567020651,1.8633911148985987,left,0.0,True,0
IRL,2016,6,34.0,2,1.9083519271995448,4.425156631787881,3.1366088851014013,13.849999999999996,1.2885477466864796,1.8633911148985987,left,0.0,True,0
ISL,2009,4,36.0,2,5.1137660156567435,4.1092465127713345,2.1829543832710137,21.699999999999996,1.9262921295003208,2.8170456167289863,left,0.0,True,1
ISL,2013,0,262.0,2,3.1946564885496183,8.317292006525285,4.228995057660626,12.849999999999996,4.088296948864659,0.7710049423393741,center,0.0,True,1
ISL,2013,1,114.0,2,3.412280701754386,6.25638911788953,4.228995057660626,12.849999999999996,2.027394060228904,0.7710049423393741,center,0.0,True,1
ISL,2013,3,100.0,2,6.06,2.278004905968929,4.228995057660626,12.849999999999996,1.950990151691697,0.7710049423393741,center,0.0,True,1
ISL,2016,4,53.0,2,4.264150943396227,3.7286585365853657,4.888568683957733,14.5,1.1599101473723676,0.11143131604226664,center,0.0,True,1
ISL,2016,5,66.0,2,5.378787878787879,4.888568683957733,4.888568683957733,14.5,0.0,0.11143131604226664,center,0.0,True,1
ISR,1996,3,33.0,2,5.212121212121212,7.315560391730141,6.2125435540069684,8.700000000000001,1.1030168377231728,1.2125435540069684,right,0.0,False,0
ISR,1996,4,52.0,2,1.75,1.5093360995850622,6.2125435540069684,8.700000000000001,4.703207454421906,1.2125435540069684,right,0.0,False,0
ISR,2003,3,37.0,2,0.35135135135135137,7.00091407678245,4.884859474161378,12.28,2.1160546026210714,0.11514052583862178,center,0.0,False,0
ISR,2003,4,48.0,2,3.6666666666666665,8.242424242424242,4.884859474161378,12.28,3.357564768262864,0.11514052583862178,center,0.0,False,0
ISR,2006,5,59.0,2,4.47457627118644,7.354838709677419,6.0348605577689245,9.53,1.3199781519084945,1.0348605577689245,right,0.0,False,0
ISR,2020,7,73.0,2,0.6990045185470595,7.827943014889848,1.403612942983088,12.669999999999996,6.42433007190676,3.596387057016912,far-left,0.0,False,0
ITA,2006,0,66.0,2,7.149194679274009,7.57895266782734,7.944049741752178,12.340000000000002,0.36509707392483737,2.9440497417521776,right,0.0,True,0
ITA,2006,1,51.0,2,2.231629189402102,3.2703207793152456,7.944049741752178,12.340000000000002,4.6737289624369325,2.9440497417521776,right,0.0,True,0
ITA,2006,5,31.0,2,2.05523054281857,2.023369150546798,7.944049741752178,12.340000000000002,5.92068059120538,2.9440497417521776,right,0.0,True,0
ITA,2018,1,342.0,2,1.3845170239435087,3.373877665664861,7.594560122704764,17.349999999999998,4.220682457039903,2.594560122704764,right,0.0,True,0
ITA,2018,4,50.0,2,7.121127650757401,7.274765680960754,7.594560122704764,17.349999999999998,0.31979444174401017,2.594560122704764,right,0.0,True,0
ITA,2018,5,57.0,2,1.9203668837418952,3.099444189013789,7.594560122704764,17.349999999999998,4.495115933690975,2.594560122704764,right,0.0,True,0
JPN,2007,4,52.0,2,2.3846153846153846,3.269631031220435,5.312022900763359,,2.0423918695429237,0.3120229007633588,center,0.0,True,0
JPN,2013,5,84.0,2,2.168652763346119,5.143806641457008,3.082031068760064,,2.061775572696944,1.917968931239936,left,0.0,True,0
LTU,2016,3,42.0,2,4.018133361687177,5.710019670790925,3.2620837895342634,15.039999999999996,2.4479358812566616,1.7379162104657366,left,0.0,False,0
LTU,2016,5,33.0,2,4.727477409593161,4.735898717388231,3.2620837895342634,15.039999999999996,1.4738149278539678,1.7379162104657366,left,0.0,False,0
LTU,2020,5,88.0,2,1.2007722904270954,5.263298780744027,3.4896298800854035,9.77,1.773668900658623,1.5103701199145965,left,0.0,False,0
LVA,2010,3,34.0,2,5.162058635612936,6.716682696005764,6.241290259702305,20.110000000000003,0.4753924363034585,1.2412902597023052,right,0.0,True,0
LVA,2011,3,44.0,2,4.5729277072536965,7.020228128753338,6.395652949781218,18.829999999999995,0.6245751789721199,1.3956529497812182,right,0.0,True,0
LVA,2014,5,37.0,2,4.942774368563828,5.583142155156821,6.36015852447728,19.530000000000005,0.7770163693204584,1.3601585244772796,right,0.0,True,0
MEX,2003,3,48.0,2,3.7631992045003826,4.2261998361526665,3.828274058647828,17.610000000000003,0.3979257775048386,1.1717259413521721,left,0.0,False,0
MEX,2018,0,244.0,2,1.5784129688916668,4.271408540102133,5.2041479253057386,16.539999999999996,0.9327393852036057,0.20414792530573855,center,0.0,False,0
MEX,2018,1,109.0,2,2.5790356752229533,5.316853552356862,5.2041479253057386,16.539999999999996,0.11270562705112308,0.20414792530573855,center,0.0,False,0
NLD,1998,3,117.0,2,4.677871376648571,5.103137375345206,6.225207279476175,18.400000000000006,1.122069904130969,1.2252072794761748,right,0.0,True,0
NLD,1998,5,72.0,2,4.306446579155977,2.961695075788376,6.225207279476175,18.400000000000006,3.2635122036877986,1.2252072794761748,right,0.0,True,0
NLD,2002,1,89.0,2,5.764993715979428,7.578350230691473,7.005383355124561,15.440000000000001,0.5729668755669124,2.005383355124561,right,0.0,True,0
NLD,2002,4,144.0,2,3.9838579473679814,2.2645908889212447,7.005383355124561,15.440000000000001,4.740792466203317,2.005383355124561,right,0.0,True,0
NLD,2002,5,73.0,2,3.954496913432427,2.3854179391774735,7.005383355124561,15.440000000000001,4.619965415947087,2.005383355124561,right,0.0,True,0
NLD,2002,6,83.0,2,5.337668986083498,4.464182910610463,7.005383355124561,15.440000000000001,2.5412004445140983,2.005383355124561,right,0.0,True,0
NLD,2002,7,61.0,2,3.901869786294342,6.45576546953408,7.005383355124561,15.440000000000001,0.5496178855904814,2.005383355124561,right,0.0,True,0
NLD,2006,4,39.0,2,5.577277489313216,7.565434959448548,2.6266042308254556,16.579999999999995,4.938830728623092,2.3733957691745444,left,0.0,True,0
NLD,2006,7,53.0,2,6.3863004986795175,4.8822103005454185,2.6266042308254556,16.579999999999995,2.255606069719963,2.3733957691745444,left,0.0,True,0
NLD,2010,5,148.0,2,1.5900981903489855,4.561397459930602,7.767437165899051,15.449999999999996,3.2060397059684487,2.767437165899051,right,0.0,True,0
NLD,2010,7,62.0,2,2.148525435770009,5.382415462644083,7.767437165899051,15.449999999999996,2.385021703254968,2.767437165899051,right,0.0,True,0
NLD,2021,6,163.0,2,1.2805337703790776,1.7567061192169726,8.278291101063111,10.789999999999997,6.521584981846138,3.278291101063111,far-right,0.0,True,0
NOR,1997,5,139.0,2,3.258992805755396,2.4107142857142856,8.036980749746707,14.300000000000002,5.626266464032422,3.036980749746707,far-right,0.0,True,0
NOR,2001,0,264.0,2,2.8446969696969697,4.5806282722513085,8.086659663865547,14.599999999999996,3.506031391614238,3.0866596638655466,far-right,0.0,True,0
NOR,2001,1,216.0,2,5.083333333333333,8.037981269510926,8.086659663865547,14.599999999999996,0.048678394354620735,3.0866596638655466,far-right,0.0,True,0
NOR,2001,3,94.0,2,1.7872340425531914,2.774869109947644,8.086659663865547,14.599999999999996,5.311790553917902,3.0866596638655466,far-right,0.0,True,0
NOR,2001,5,47.0,2,2.872340425531915,4.4570826750921535,8.086659663865547,14.599999999999996,3.629576988773393,3.0866596638655466,far-right,0.0,True,0
NOR,2005,3,101.0,2,3.2475247524752477,2.5013178703215604,8.032426778242678,14.099999999999996,5.5311089079211175,3.0324267782426784,far-right,0.0,True,0
NOR,2005,5,51.0,2,3.627450980392157,4.397564849126522,8.032426778242678,14.099999999999996,3.6348619291161564,3.0324267782426784,far-right,0.0,True,0
NOR,2009,4,40.0,2,4.325,4.484669811320755,7.931216931216931,17.240000000000002,3.4465471198961763,2.931216931216931,right,0.0,True,0
NOR,2009,5,44.0,2,6.363636363636363,5.810395747194329,7.931216931216931,17.240000000000002,2.120821184022602,2.931216931216931,right,0.0,True,0
NOR,2009,6,35.0,2,5.6571428571428575,4.479646017699115,7.931216931216931,17.240000000000002,3.4515709135178163,2.931216931216931,right,0.0,True,0
NOR,2013,1,254.0,2,6.03404852041622,8.008850995061385,8.338178649712727,16.349999999999998,0.32932765465134217,3.3381786497127273,far-right,0.0,True,0
NOR,2013,3,37.0,2,3.9855280972385865,5.6841343286754284,8.338178649712727,16.349999999999998,2.654044321037299,3.3381786497127273,far-right,0.0,True,0
NOR,2013,4,37.0,2,1.985092993293912,4.474404609358239,8.338178649712727,16.349999999999998,3.863774040354488,3.3381786497127273,far-right,0.0,True,0
NOR,2013,5,40.0,2,2.9319891094836876,4.656834341480797,8.338178649712727,16.349999999999998,3.68134430823193,3.3381786497127273,far-right,0.0,True,0
NOR,2013,6,36.0,2,0.5195823812102135,2.637540758902207,8.338178649712727,16.349999999999998,5.700637890810521,3.3381786497127273,far-right,0.0,True,0
NOR,2017,0,306.0,2,2.0194879263328973,3.714714503565288,8.452886219018078,15.19,4.73817171545279,3.452886219018078,far-right,0.0,True,0
NOR,2017,1,392.0,2,5.93748147463392,7.996886277410971,8.452886219018078,15.19,0.4559999416071072,3.452886219018078,far-right,0.0,True,0
NOR,2017,3,112.0,2,2.7025731736691503,4.280245981054555,8.452886219018078,15.19,4.172640237963523,3.452886219018078,far-right,0.0,True,0
NOR,2017,4,82.0,2,0.4772821394183484,2.1541936408746,8.452886219018078,15.19,6.298692578143478,3.452886219018078,far-right,0.0,True,0
NOR,2017,5,47.0,2,3.027368106723293,4.980791711526509,8.452886219018078,15.19,3.472094507491569,3.452886219018078,far-right,0.0,True,0
NOR,2017,6,54.0,2,2.9099020386033816,5.422032595007121,8.452886219018078,15.19,3.030853624010957,3.452886219018078,far-right,0.0,True,0
NOR,2017,7,32.0,2,1.4816647835294277,3.059275607863264,8.452886219018078,15.19,5.393610611154814,3.452886219018078,far-right,0.0,True,0
NZL,1996,4,68.0,2,3.338235294117647,8.029434250764526,5.4371399525584545,13.400000000000002,2.5922942982060713,0.4371399525584545,center,0.0,True,0
NZL,1996,5,31.0,2,4.870967741935484,6.673345759552656,5.4371399525584545,13.400000000000002,1.2362058069942012,0.4371399525584545,center,0.0,True,0
NZL,2020,3,41.0,2,1.705148542937255,7.382312186428582,2.234679880571185,7.860000000000001,5.147632305857396,2.765320119428815,left,0.0,True,0
NZL,2020,5,35.0,2,4.745498666054544,4.554089905187414,2.234679880571185,7.860000000000001,2.319410024616229,2.765320119428815,left,0.0,True,0
PER,2011,3,136.0,2,4.085576842300736,6.616691486751616,5.6422642868222095,14.799999999999999,0.9744271999294067,0.6422642868222095,center,0.0,False,0
PER,2011,5,34.0,2,3.443211685691548,5.278735656479794,5.6422642868222095,14.799999999999999,0.3635286303424152,0.6422642868222095,center,0.0,False,0
POL,1997,5,58.0,2,4.789782726580149,4.118005153017562,5.601667536643127,13.3,1.483662383625565,0.6016675366431272,center,0.0,False,0
POL,2005,7,53.0,2,1.9937287160766628,2.4237355661147553,4.596396942495742,11.41,2.172661376380987,0.40360305750425773,center,0.0,False,0
POL,2007,3,111.0,2,2.9384310394745827,4.86361910212047,1.966371959054749,13.150000000000004,2.897247143065721,3.033628040945251,far-left,0.0,False,0
PRT,2002,3,40.0,2,2.375,1.9094865100087033,7.720909886264217,8.799999999999999,5.811423376255514,2.7209098862642174,right,0.0,False,0
PRT,2009,3,86.0,2,2.863645086017617,2.1886295128691295,6.325085508582439,10.430000000000003,4.136455995713309,1.325085508582439,right,0.0,False,0
PRT,2009,4,69.0,2,2.5185337271638253,2.7204699380820805,6.325085508582439,10.430000000000003,3.6046155705003584,1.325085508582439,right,0.0,False,0
PRT,2015,0,279.0,2,1.961045090922657,7.992797722732663,1.4137101552299178,10.58,6.579087567502746,3.586289844770082,far-left,0.0,False,0
PRT,2015,3,84.0,2,6.059054293210482,1.3735775161665713,1.4137101552299178,10.58,0.04013263906334652,3.586289844770082,far-left,0.0,False,0
PRT,2019,1,143.0,2,2.8778617559434556,7.210614980315694,2.0634101512109484,10.01,5.147204829104746,2.9365898487890516,left,0.0,False,0
PRT,2019,3,81.0,2,6.143864963122942,1.886768910045571,2.0634101512109484,10.01,0.1766412411653775,2.9365898487890516,left,0.0,False,0
ROU,2004,1,62.0,2,7.225806451612903,6.864321608040201,6.768006700167504,31.479999999999997,0.09631490787269659,1.7680067001675042,right,0.0,False,0
ROU,2012,7,82.0,2,1.9455759103368406,5.408842726156072,3.972130559657889,13.990000000000002,1.4367121664981832,1.0278694403421111,left,0.0,False,0
SLV,2019,0,34.0,2,2.8550445058784213,5.066088818892629,2.5530774648796557,,2.5130113540129733,2.4469225351203443,left,0.0,False,0
SRB,2012,3,42.0,2,3.3050909689124985,4.8880219103713705,3.598530187001321,14.51,1.2894917233700496,1.4014698129986791,left,0.0,False,0
SRB,2012,6,34.0,2,3.519851665990184,5.204146978477307,3.598530187001321,14.51,1.605616791475986,1.4014698129986791,left,0.0,False,0
SVK,2016,1,61.0,2,6.089451945611921,7.277122499316166,7.213150257611274,11.03,0.06397224170489135,2.2131502576112743,right,0.0,False,0
SVK,2016,4,38.0,2,2.807244863078735,5.94653558755664,7.213150257611274,11.03,1.2666146700546346,2.2131502576112743,right,0.0,False,0
SVK,2020,1,108.0,2,3.0556979714875943,1.9564008964610908,6.110640588876674,8.239999999999998,4.154239692415583,1.1106405888766737,right,0.0,False,0
SVK,2020,3,40.0,2,2.5898912690445255,4.823755451675323,6.110640588876674,8.239999999999998,1.2868851372013506,1.1106405888766737,right,0.0,False,0
SVK,2020,5,48.0,2,4.115292073252238,7.296725866147359,6.110640588876674,8.239999999999998,1.186085277270685,1.1106405888766737,right,0.0,False,0
SVN,2004,1,86.0,2,5.1976744186046515,3.190562613430127,3.5064935064935066,10.169999999999998,0.3159308930633795,1.4935064935064934,left,0.0,False,0
SVN,2011,1,44.0,2,2.409090909090909,7.581504702194358,2.8701095461658843,10.519999999999996,4.711395156028473,2.1298904538341157,left,0.0,False,0
SWE,1998,5,47.0,2,2.4893617021276597,6.403208556149733,1.242798353909465,12.0,5.160410202240268,3.757201646090535,far-left,0.0,True,0
SWE,2002,3,66.0,2,6.0,7.134715025906735,6.542231491136601,13.389999999999999,0.5924835347701345,1.5422314911366009,right,0.0,True,0
SWE,2006,3,75.0,2,5.706666666666667,6.75266731328807,6.25,7.879999999999998,0.5026673132880699,1.25,right,0.0,True,0
SWE,2014,3,66.0,2,0.6212121212121212,3.854922279792746,7.1940740740740745,12.859999999999998,3.3391517942813285,2.1940740740740745,right,0.0,True,0
SWE,2014,4,51.0,2,1.3725490196078431,6.265122265122265,7.1940740740740745,12.859999999999998,0.9289518089518092,2.1940740740740745,right,0.0,True,0
SWE,2014,5,51.0,2,0.45098039215686275,1.4335038363171355,7.1940740740740745,12.859999999999998,5.760570237756939,2.1940740740740745,right,0.0,True,0
SWE,2018,6,226.0,2,0.9169452077827364,6.348573069935601,8.272425943474364,17.53,1.9238528735387623,3.2724259434743637,far-right,0.0,True,0
SWE,2018,8,36.0,2,0.07978310826761222,1.8943782411056638,8.272425943474364,17.53,6.3780477023687,3.2724259434743637,far-right,0.0,True,0
TUR,2011,3,49.0,2,0.7197247692590659,2.294943275457991,7.899841081825658,13.01,5.604897806367667,2.8998410818256577,right,0.0,False,0
TUR,2015,1,214.0,2,1.9199597533528259,2.0066493499723306,7.053074691549776,16.289999999999992,5.046425341577446,2.053074691549776,right,0.0,False,0
TUR,2018,3,47.0,2,0.6875807774087302,7.835864048925072,1.4408074475381678,11.7,6.395056601386904,3.559192552461832,far-left,0.0,False,0
TUR,2018,4,36.0,2,0.41542428905225964,5.394529268797627,1.4408074475381678,11.7,3.9537218212594594,3.559192552461832,far-left,0.0,False,0
TWN,2004,3,52.0,2,1.2416491570922823,5.037412245764122,5.111211128617573,,0.07379888285345171,0.11121112861757343,center,0.0,True,0
URY,2019,3,40.0,2,5.349065897075421,7.6639226760768535,7.057303236913393,12.799999999999997,0.6066194391634605,2.057303236913393,right,0.0,True,0
AUS,2004,2,83.0,3,3.180722891566265,3.2125,6.586360266864344,5.89,3.373860266864344,1.586360266864344,right,1.0,True,0
AUS,2019,5,39.0,3,3.7710343559465325,6.396461279473314,6.175591801910037,4.509999999999999,0.22086947756327735,1.1755918019100369,right,1.0,True,0
BRA,2002,7,30.0,3,5.920558532699575,4.756231428569424,6.169985472304189,13.400000000000004,1.413754043734765,1.1699854723041891,right,0.0,False,0
CHL,2005,0,69.0,3,7.10209624007732,8.960390137835136,8.260492691764272,14.120000000000001,0.6998974460708638,3.260492691764272,far-right,0.0,True,0
CHL,2009,0,64.0,3,2.309856436480853,9.184377517288043,4.114825521316052,12.99,5.069551995971991,0.8851744786839477,center,0.0,True,0
CHL,2009,4,70.0,3,5.795475185721119,2.9929982773179096,4.114825521316052,12.99,1.1218272439981427,0.8851744786839477,center,0.0,True,0
CHL,2017,5,37.0,3,2.8451092044037942,2.9564691874970213,2.5808839218107296,9.760000000000002,0.3755852656862917,2.4191160781892704,left,0.0,True,0
CHL,2017,6,38.0,3,4.070201102562047,1.5488387765975726,2.5808839218107296,9.760000000000002,1.032045145213157,2.4191160781892704,left,0.0,True,0
CZE,1996,5,74.0,3,5.472972972972973,7.381478334749363,6.1962296486718085,8.100000000000001,1.1852486860775544,1.1962296486718085,right,0.0,True,0
CZE,2010,1,192.0,3,0.9635416666666666,8.264619019492025,1.2095350206003532,11.27,7.055083998891672,3.7904649793996468,far-left,0.0,True,0
CZE,2010,2,159.0,3,1.0440251572327044,7.893995098039215,1.2095350206003532,11.27,6.684460077438862,3.7904649793996468,far-left,0.0,True,0
CZE,2010,5,37.0,3,1.2972972972972974,5.355878634639697,1.2095350206003532,11.27,4.146343614039344,3.7904649793996468,far-left,0.0,True,0
CZE,2010,7,36.0,3,1.4166666666666667,5.633247089262613,1.2095350206003532,11.27,4.42371206866226,3.7904649793996468,far-left,0.0,True,0
CZE,2013,2,124.0,3,0.9758064516129032,1.138780804150454,8.149440421329823,12.0,7.010659617179369,3.149440421329823,far-right,0.0,True,0
CZE,2013,6,44.0,3,3.5681818181818183,4.841677943166441,8.149440421329823,12.0,3.307762478163382,3.149440421329823,far-right,0.0,True,0
CZE,2021,4,60.0,3,4.079698752130175,3.0445694837116077,5.678437130511579,9.56,2.6338676467999713,0.6784371305115791,center,0.0,True,0
CZE,2021,5,50.0,3,2.77669711820432,7.950558502518776,5.678437130511579,9.56,2.272121372007197,0.6784371305115791,center,0.0,True,0
CZE,2021,8,37.0,3,1.6380159937837924,6.688569729539248,5.678437130511579,9.56,1.0101325990276688,0.6784371305115791,center,0.0,True,0
DEU,1998,2,38.0,3,1.4577219288982748,6.355572493058759,2.8337623117998727,4.9,3.521810181258886,2.1662376882001273,left,0.0,True,0
DEU,1998,4,42.0,3,2.9938061188261242,4.963991620058089,2.8337623117998727,4.9,2.1302293082582167,2.1662376882001273,left,0.0,True,0
DEU,1998,5,118.0,3,4.913249529895927,2.3148418110682836,2.8337623117998727,4.9,0.5189205007315891,2.1662376882001273,left,0.0,True,0
DEU,2002,2,66.0,3,2.456173317994875,6.730706868884397,2.943146370242982,8.6,3.787560498641415,2.056853629757018,left,0.0,True,0
DEU,2005,2,102.0,3,1.2582869638642906,5.23686794253966,1.199239492745715,8.700000000000001,4.037628449793945,3.800760507254285,far-left,0.0,True,0
DEU,2013,2,147.0,3,5.0703409187473065,1.1558549548149684,3.319749926116405,8.450000000000001,2.1638949713014366,1.6802500738835948,left,0.0,True,0
DEU,2013,4,33.0,3,3.5856114869188875,6.881042647822964,3.319749926116405,8.450000000000001,3.561292721706559,1.6802500738835948,left,0.0,True,0
DNK,2001,6,41.0,3,2.731707317073171,1.4722222222222223,6.978757302177376,9.099999999999998,5.506535079955154,1.9787573021773763,right,0.0,True,0
DNK,2007,7,33.0,3,7.242424242424242,1.398687448728466,2.9700078926598263,13.0,1.5713204439313604,2.0299921073401737,left,0.0,True,0
FIN,2003,2,112.0,3,2.625,7.464711274060495,2.3405797101449277,9.9,5.124131563915567,2.6594202898550723,left,0.0,True,0
FIN,2007,2,199.0,3,4.296482412060302,4.155555555555556,1.868032786885246,8.82,2.2875227686703097,3.131967213114754,far-left,0.0,True,0
FIN,2007,6,40.0,3,3.725,6.002540220152413,1.868032786885246,8.82,4.134507433267167,3.131967213114754,far-left,0.0,True,0
FIN,2007,7,42.0,3,3.738095238095238,5.807124239791485,1.868032786885246,8.82,3.939091452906239,3.131967213114754,far-left,0.0,True,0
FIN,2011,7,37.0,3,5.378378378378378,6.025597269624574,6.332510288065843,15.8,0.3069130184412696,1.3325102880658433,right,0.0,True,0
FIN,2015,7,44.0,3,5.082550358064552,6.181403925580239,4.271830864462441,16.509999999999998,1.909573061117798,0.7281691355375592,center,0.0,True,0
FIN,2019,6,54.0,3,4.028170262112115,6.312421814681746,6.012624668672603,13.76,0.2997971460091424,1.0126246686726033,right,0.0,True,0
FRA,2007,0,705.0,3,2.1092614675805175,7.987460370246974,7.722109890700973,4.289999999999999,0.2653504795460009,2.722109890700973,right,1.0,True,0
FRA,2007,2,242.0,3,0.4978821873161325,5.843645155081929,7.722109890700973,4.289999999999999,1.878464735619044,2.722109890700973,right,1.0,True,0
FRA,2007,4,47.0,3,0.2522339149467645,1.9253547044343204,7.722109890700973,4.289999999999999,5.796755186266653,2.722109890700973,right,1.0,True,0
FRA,2007,6,55.0,3,0.41143241847603135,1.3178747515423013,7.722109890700973,4.289999999999999,6.404235139158672,2.722109890700973,right,1.0,True,0
GBR,2015,4,39.0,3,3.7930123453454554,4.402096804628066,4.790396969145362,8.06,0.3883001645172959,0.20960303085463838,center,1.0,False,0
GBR,2015,5,58.0,3,4.1830356039447345,4.338843597830629,4.790396969145362,8.06,0.4515533713147324,0.20960303085463838,center,1.0,False,0
GRC,2009,2,47.0,3,1.0,1.9947534102833158,8.497894736842106,5.63,6.50314132655879,3.497894736842106,far-right,0.0,False,0
GRC,2009,4,44.0,3,1.0454545454545454,3.247588424437299,8.497894736842106,5.63,5.250306312404807,3.497894736842106,far-right,0.0,False,0
GRC,2012,0,145.0,3,1.8832529820511081,7.61273145077914,6.89632654306885,7.510000000000001,0.7164049077102908,1.8963265430688496,right,0.0,False,0
GRC,2012,2,61.0,3,1.7098420459603831,5.981434577177595,6.89632654306885,7.510000000000001,0.9148919658912549,1.8963265430688496,right,0.0,False,0
GRC,2012,4,36.0,3,3.316219811977409,9.305157358481726,6.89632654306885,7.510000000000001,2.408830815412876,1.8963265430688496,right,0.0,False,0
GRC,2012,6,35.0,3,2.066168421052631,1.0404512082351554,6.89632654306885,7.510000000000001,5.855875334833694,1.8963265430688496,right,0.0,False,0
GRC,2015,6,46.0,3,4.5086894272113724,6.854849258084789,6.159033769095639,6.170819758276406,0.6958154889891501,1.1590337690956387,right,0.0,False,0
GRC,2015,7,31.0,3,1.5689653062847564,5.725393016640125,6.159033769095639,6.170819758276406,0.4336407524555135,1.1590337690956387,right,0.0,False,0
GRC,2019,5,36.0,3,3.337872454667826,3.4588429708313093,1.5391672107705183,5.3,1.919675760060791,3.4608327892294817,far-left,0.0,False,0
IND,2019,2,72.0,3,1.2546763790246436,1.92467487859733,2.21024416744305,3.6199999999999997,0.28556928884571997,2.78975583255695,left,1.0,False,0
IND,2019,4,154.0,3,3.3845615296655,3.170224387954263,2.21024416744305,3.6199999999999997,0.9599802205112131,2.78975583255695,left,1.0,False,0
IRL,2002,4,46.0,3,1.784948376595936,6.224695432697964,3.1187827631242526,6.5,3.1059126695737116,1.8812172368757474,left,0.0,True,0
IRL,2016,5,57.0,3,4.38456013490538,3.8253035418034664,4.340597525630399,6.61,0.5152939838269321,0.6594024743696014,center,0.0,True,0
ISL,2007,4,45.0,3,2.9475007927916095,5.526872554369206,5.584725258391225,11.700000000000001,0.05785270402201892,0.5847252583912246,center,0.0,True,1
ISL,2009,4,36.0,3,3.020421486036243,4.1092465127713345,5.629443772838094,14.8,1.5201972600667597,0.6294437728380942,center,0.0,True,1
ISL,2016,0,273.0,3,4.908424908424909,8.548592188919164,6.271468144044321,11.5,2.277124044874843,1.271468144044321,right,0.0,True,1
ISL,2016,2,75.0,3,1.3866666666666667,4.888568683957733,6.271468144044321,11.5,1.3828994600865876,1.271468144044321,right,0.0,True,1
ISL,2016,4,53.0,3,2.5660377358490565,3.7286585365853657,6.271468144044321,11.5,2.5428096074589552,1.271468144044321,right,0.0,True,1
ISL,2016,5,66.0,3,2.257575757575758,4.888568683957733,6.271468144044321,11.5,1.3828994600865876,1.271468144044321,right,0.0,True,1
ISL,2016,6,69.0,3,2.1159420289855073,3.8192883895131087,6.271468144044321,11.5,2.4521797545312123,1.271468144044321,right,0.0,True,1
ISR,2003,1,119.0,3,1.3781512605042017,2.876385336743393,7.00091407678245,8.22,4.1245287400390565,2.0009140767824496,right,0.0,False,0
ISR,2003,2,107.0,3,1.0186915887850467,4.884859474161378,7.00091407678245,8.22,2.1160546026210714,2.0009140767824496,right,0.0,False,0
ISR,2003,5,99.0,3,1.3636363636363635,1.7563540753724802,7.00091407678245,8.22,5.244560001409969,2.0009140767824496,right,0.0,False,0
ISR,2006,5,59.0,3,5.067796610169491,7.354838709677419,6.844361602982293,8.989999999999998,0.5104771066951264,1.8443616029822927,right,0.0,False,0
ISR,2020,7,73.0,3,3.828782794493678,7.827943014889848,6.869270586929774,7.689999999999999,0.9586724279600736,1.8692705869297743,right,0.0,False,0
ITA,2006,1,51.0,3,6.388917851226265,3.2703207793152456,3.768492277155593,,0.4981714978403473,1.2315077228444071,left,0.0,True,0
ITA,2006,2,42.0,3,2.7300635851841046,7.944049741752178,3.768492277155593,,4.175557464596585,1.2315077228444071,left,0.0,True,0
ITA,2006,5,31.0,3,5.66563081526168,2.023369150546798,3.768492277155593,,1.745123126608795,1.2315077228444071,left,0.0,True,0
ITA,2018,4,50.0,3,6.208098430936459,7.274765680960754,7.273658407796817,14.0,0.0011072731639369948,2.273658407796817,right,0.0,True,0
ITA,2018,5,57.0,3,1.654193057661879,3.099444189013789,7.273658407796817,14.0,4.174214218783028,2.273658407796817,right,0.0,True,0
JPN,2007,2,47.0,3,1.4893617021276595,5.312022900763359,2.5179723502304148,,2.794050550532944,2.4820276497695852,left,0.0,True,0
JPN,2013,2,83.0,3,3.9246387630213326,3.082031068760064,4.9613893815051515,,1.8793583127450875,0.03861061849484848,center,0.0,True,0
KOR,2008,5,45.0,3,3.6,4.367486338797814,6.93711467324291,13.180000000000003,2.5696283344450954,1.9371146732429096,right,0.0,False,0
KOR,2012,2,45.0,3,2.3333333333333335,3.05297157622739,5.796052631578948,3.240000000000002,2.7430810553515577,0.7960526315789478,center,0.0,False,0
LVA,2014,5,37.0,3,4.776199004450999,5.583142155156821,6.718555692265958,16.610000000000003,1.1354135371091365,1.7185556922659577,right,0.0,True,0
MEX,2018,2,117.0,3,3.243272552689427,5.2041479253057386,4.090924449580162,5.27,1.1132234757255768,0.9090755504198382,center,0.0,False,0
NLD,2002,1,89.0,3,3.295443334434288,7.578350230691473,3.4804221137516236,15.110000000000001,4.097928116939849,1.5195778862483764,left,0.0,True,0
NLD,2002,2,210.0,3,4.089933007935797,7.005383355124561,3.4804221137516236,15.110000000000001,3.5249612413729374,1.5195778862483764,left,0.0,True,0
NLD,2002,4,144.0,3,6.074773635567874,2.2645908889212447,3.4804221137516236,15.110000000000001,1.2158312248303789,1.5195778862483764,left,0.0,True,0
NLD,2002,5,73.0,3,5.201936207916474,2.3854179391774735,3.4804221137516236,15.110000000000001,1.0950041745741501,1.5195778862483764,left,0.0,True,0
NLD,2002,6,83.0,3,5.878126242544731,4.464182910610463,3.4804221137516236,15.110000000000001,0.9837607968588391,1.5195778862483764,left,0.0,True,0
NLD,2002,7,61.0,3,3.864911612830869,6.45576546953408,3.4804221137516236,15.110000000000001,2.975343355782456,1.5195778862483764,left,0.0,True,0
NLD,2006,4,39.0,3,5.078051118129425,7.565434959448548,7.167323071235505,14.669999999999998,0.3981118882130428,2.167323071235505,right,0.0,True,0
NLD,2006,5,122.0,3,4.186923414907468,2.7298788680406787,7.167323071235505,14.669999999999998,4.4374442031948265,2.167323071235505,right,0.0,True,0
NLD,2006,6,64.0,3,4.208716551378003,5.745290626090256,7.167323071235505,14.669999999999998,1.4220324451452493,2.167323071235505,right,0.0,True,0
NLD,2006,7,53.0,3,5.613674748232533,4.8822103005454185,7.167323071235505,14.669999999999998,2.2851127706900867,2.167323071235505,right,0.0,True,0
NLD,2010,0,303.0,3,5.816378991241843,7.312234976814012,5.888701843504478,13.610000000000003,1.423533133309534,0.888701843504478,center,0.0,True,0
NLD,2010,5,148.0,3,5.027106329179954,4.561397459930602,5.888701843504478,13.610000000000003,1.3273043835738756,0.888701843504478,center,0.0,True,0
NLD,2010,7,62.0,3,7.1492156644882385,5.382415462644083,5.888701843504478,13.610000000000003,0.506286380860395,0.888701843504478,center,0.0,True,0
NLD,2017,8,50.0,3,5.447013775913254,3.2913901395942697,5.041954871385203,12.230000000000002,1.750564731790933,0.04195487138520271,center,0.0,True,0
NLD,2021,6,163.0,3,4.446294248558539,1.7567061192169726,5.994904954469294,9.5,4.238198835252321,0.9949049544692938,center,0.0,True,0
NOR,1997,2,287.0,3,5.905923344947735,8.036980749746707,5.765816326530612,13.699999999999996,2.271164423216095,0.7658163265306124,center,0.0,True,0
NOR,1997,4,147.0,3,6.727891156462585,4.146556188503366,5.765816326530612,13.699999999999996,1.6192601380272462,0.7658163265306124,center,0.0,True,0
NOR,1997,5,139.0,3,4.820143884892087,2.4107142857142856,5.765816326530612,13.699999999999996,3.355102040816327,0.7658163265306124,center,0.0,True,0
NOR,2001,1,216.0,3,3.7314814814814814,8.037981269510926,2.774869109947644,12.5,5.263112159563281,2.225130890052356,left,0.0,True,0
NOR,2001,5,47.0,3,5.148936170212766,4.4570826750921535,2.774869109947644,12.5,1.6822135651445094,2.225130890052356,left,0.0,True,0
NOR,2005,4,59.0,3,2.8983050847457625,6.147991543340381,2.5013178703215604,8.830000000000002,3.6466736730188205,2.4986821296784396,left,0.0,True,0
NOR,2005,5,51.0,3,4.450980392156863,4.397564849126522,2.5013178703215604,8.830000000000002,1.8962469788049616,2.4986821296784396,left,0.0,True,0
NOR,2009,2,219.0,3,2.538812785388128,7.931216931216931,2.4879340788699236,6.200000000000002,5.443282852347007,2.5120659211300764,left,0.0,True,0
NOR,2009,5,44.0,3,2.5454545454545454,5.810395747194329,2.4879340788699236,6.200000000000002,3.3224616683244057,2.5120659211300764,left,0.0,True,0
NOR,2009,6,35.0,3,4.257142857142857,4.479646017699115,2.4879340788699236,6.200000000000002,1.9917119388291913,2.5120659211300764,left,0.0,True,0
NOR,2013,0,327.0,3,4.416264947855422,4.16124067515973,5.6841343286754284,5.590000000000002,1.5228936535156983,0.6841343286754284,center,0.0,True,0
NOR,2013,1,254.0,3,5.075961183335412,8.008850995061385,5.6841343286754284,5.590000000000002,2.3247166663859566,0.6841343286754284,center,0.0,True,0
NOR,2013,4,37.0,3,5.511369517580082,4.474404609358239,5.6841343286754284,5.590000000000002,1.2097297193171892,0.6841343286754284,center,0.0,True,0
NOR,2013,5,40.0,3,4.890598567123911,4.656834341480797,5.6841343286754284,5.590000000000002,1.0272999871946311,0.6841343286754284,center,0.0,True,0
NOR,2013,6,36.0,3,3.8581405379610336,2.637540758902207,5.6841343286754284,5.590000000000002,3.0465935697732216,0.6841343286754284,center,0.0,True,0
NOR,2017,0,306.0,3,5.606181624017679,3.714714503565288,4.280245981054555,10.319999999999999,0.5655314774892668,0.7197540189454452,center,0.0,True,0
NOR,2017,1,392.0,3,3.6993450317353123,7.996886277410971,4.280245981054555,10.319999999999999,3.716640296356416,0.7197540189454452,center,0.0,True,0
NOR,2017,2,147.0,3,3.655971779025461,8.452886219018078,4.280245981054555,10.319999999999999,4.172640237963523,0.7197540189454452,center,0.0,True,0
NOR,2017,4,82.0,3,5.001554298197481,2.1541936408746,4.280245981054555,10.319999999999999,2.126052340179955,0.7197540189454452,center,0.0,True,0
NOR,2017,5,47.0,3,4.5918364928629165,4.980791711526509,4.280245981054555,10.319999999999999,0.700545730471954,0.7197540189454452,center,0.0,True,0
NOR,2017,6,54.0,3,5.8066710482434996,5.422032595007121,4.280245981054555,10.319999999999999,1.1417866139525659,0.7197540189454452,center,0.0,True,0
NOR,2017,7,32.0,3,3.672337503298309,3.059275607863264,4.280245981054555,10.319999999999999,1.2209703731912906,0.7197540189454452,center,0.0,True,0
NZL,1996,4,68.0,3,1.3676470588235294,8.029434250764526,2.676767676767677,11.2,5.352666573996849,2.323232323232323,left,0.0,True,0
NZL,2017,4,37.0,3,6.059605614321309,4.580174854288095,2.5489570490738416,6.269999999999998,2.0312178052142533,2.4510429509261584,left,0.0,True,0
POL,2005,7,53.0,3,3.4087521271570513,2.4237355661147553,1.4000029187136722,11.31,1.023732647401083,3.599997081286328,far-left,0.0,False,0
PRT,2002,2,48.0,3,2.2083333333333335,7.720909886264217,1.9094865100087033,7.0,5.811423376255514,3.090513489991297,far-left,0.0,False,0
PRT,2015,2,46.0,3,5.434088380179093,1.4137101552299178,1.3735775161665713,8.569999999999999,0.04013263906334652,3.6264224838334287,far-left,0.0,False,0
PRT,2019,2,62.0,3,5.048289493556369,2.0634101512109484,1.886768910045571,6.6599999999999975,0.1766412411653775,3.113231089954429,far-left,0.0,False,0
ROU,2004,1,62.0,3,3.435483870967742,6.864321608040201,3.7581521739130435,12.989999999999998,3.1061694341271573,1.2418478260869565,left,0.0,False,0
SRB,2012,6,34.0,3,3.9172017022742085,5.204146978477307,4.8880219103713705,6.989999999999999,0.31612506810593644,0.11197808962862954,center,0.0,False,0
SVK,2010,2,74.0,3,4.084381401621927,7.133952772962544,6.937223206080625,8.52,0.19672956688191867,1.937223206080625,right,0.0,False,0
SVK,2010,5,31.0,3,2.699028005448711,4.595512646199752,6.937223206080625,8.52,2.341710559880873,1.937223206080625,right,0.0,False,0
SVK,2016,1,61.0,3,3.1199737020995046,7.277122499316166,4.909272127675172,8.64,2.3678503716409933,0.09072787232482771,center,0.0,False,0
SVK,2016,4,38.0,3,2.8394792814007372,5.94653558755664,4.909272127675172,8.64,1.0372634598814674,0.09072787232482771,center,0.0,False,0
SVK,2020,1,108.0,3,3.0250176314425414,1.9564008964610908,4.823755451675323,7.97,2.8673545552142325,0.17624454832467684,center,0.0,False,0
SVK,2020,5,48.0,3,0.539017594572918,7.296725866147359,4.823755451675323,7.97,2.4729704144720355,0.17624454832467684,center,0.0,False,0
SVN,2008,1,30.0,3,3.566666666666667,6.651785714285714,4.050746268656717,7.5,2.601039445628998,0.9492537313432834,center,0.0,False,0
SWE,2006,2,75.0,3,5.453333333333333,6.25,6.75266731328807,7.540000000000003,0.5026673132880699,1.75266731328807,right,0.0,True,0
SWE,2006,5,74.0,3,2.7567567567567566,1.342003853564547,6.75266731328807,7.540000000000003,5.410663459723523,1.75266731328807,right,0.0,True,0
SWE,2006,6,62.0,3,3.6129032258064515,3.543307086614173,6.75266731328807,7.540000000000003,3.2093602266738968,1.75266731328807,right,0.0,True,0
SWE,2014,2,30.0,3,2.3666666666666667,7.1940740740740745,3.854922279792746,6.89,3.3391517942813285,1.145077720207254,left,0.0,True,0
SWE,2014,4,51.0,3,4.137254901960785,6.265122265122265,3.854922279792746,6.89,2.4101999853295193,1.145077720207254,left,0.0,True,0
SWE,2014,5,51.0,3,7.176470588235294,1.4335038363171355,3.854922279792746,6.89,2.4214184434756105,1.145077720207254,left,0.0,True,0
SWE,2014,6,42.0,3,4.333333333333333,6.59741935483871,3.854922279792746,6.89,2.742497075045964,1.145077720207254,left,0.0,True,0
SWE,2018,8,36.0,3,4.682093665239028,1.8943782411056638,5.79774343629746,8.609999999999998,3.903365195191796,0.79774343629746,center,0.0,True,0
TUR,2015,1,214.0,3,1.6467214993877488,2.0066493499723306,1.416718396863415,13.120000000000001,0.5899309531089156,3.583281603136585,far-left,0.0,False,0
TUR,2015,2,114.0,3,0.47888353459522853,7.053074691549776,1.416718396863415,13.120000000000001,5.636356294686362,3.583281603136585,far-left,0.0,False,0
TUR,2018,2,46.0,3,0.5891368160671457,1.4408074475381678,7.835864048925072,11.099999999999996,6.395056601386904,2.835864048925072,right,0.0,False,0
TUR,2018,4,36.0,3,1.7418618567276458,5.394529268797627,7.835864048925072,11.099999999999996,2.4413347801274448,2.835864048925072,right,0.0,False,0
AUT,2008,1,277.0,4,2.687596910332678,5.694807606712212,2.5650281672048383,10.400000000000002,3.1297794395073737,2.4349718327951617,left,0.0,True,0
AUT,2008,2,111.0,4,2.054535361664822,7.953473482224042,2.5650281672048383,10.400000000000002,5.3884453150192035,2.4349718327951617,left,0.0,True,0
AUT,2008,3,47.0,4,2.456772236681374,7.366314487312008,2.5650281672048383,10.400000000000002,4.801286320107169,2.4349718327951617,left,0.0,True,0
AUT,2013,2,61.0,4,1.8303013817566365,7.210469541395964,5.024685730648291,5.73,2.1857838107476733,0.02468573064829105,center,0.0,True,0
CHL,2005,5,45.0,4,5.280216899839454,1.1607995015147063,2.876064937225083,10.049999999999997,1.7152654357103765,2.123935062774917,left,0.0,True,0
CHL,2009,3,32.0,4,6.986444810468107,4.114825521316052,2.9929982773179096,9.900000000000002,1.1218272439981427,2.0070017226820904,left,0.0,True,0
CHL,2017,5,37.0,4,2.3991588772243873,2.9564691874970213,3.660291521789982,6.100000000000001,0.7038223342929606,1.3397084782100181,left,0.0,True,0
CHL,2017,6,38.0,4,2.7402285244639026,1.5488387765975726,3.660291521789982,6.100000000000001,2.111452745192409,1.3397084782100181,left,0.0,True,0
CZE,1996,5,74.0,4,1.364864864864865,7.381478334749363,5.9340344168260035,8.099999999999998,1.4474439179233594,0.9340344168260035,center,0.0,True,0
CZE,2013,0,207.0,4,1.4154589371980677,2.4473173884938593,8.429407937540663,7.730000000000004,5.982090549046804,3.429407937540663,far-right,0.0,True,0
CZE,2013,1,123.0,4,2.317073170731707,6.029325513196481,8.429407937540663,7.730000000000004,2.4000824243441823,3.429407937540663,far-right,0.0,True,0
CZE,2013,2,124.0,4,0.8548387096774194,1.138780804150454,8.429407937540663,7.730000000000004,7.29062713339021,3.429407937540663,far-right,0.0,True,0
CZE,2013,3,79.0,4,4.974683544303797,8.149440421329823,8.429407937540663,7.730000000000004,0.2799675162108404,3.429407937540663,far-right,0.0,True,0
CZE,2013,6,44.0,4,2.9318181818181817,4.841677943166441,8.429407937540663,7.730000000000004,3.5877299943742225,3.429407937540663,far-right,0.0,True,0
CZE,2017,1,91.0,4,1.0769230769230769,8.268801191362622,1.355783308931186,7.769999999999997,6.9130178824314354,3.644216691068814,far-left,0.0,True,0
CZE,2017,6,45.0,4,1.6888888888888889,5.153069153069153,1.355783308931186,7.769999999999997,3.797285844137967,3.644216691068814,far-left,0.0,True,0
CZE,2021,5,50.0,4,4.67925683668499,7.950558502518776,3.0445694837116077,4.659999999999999,4.905989018807168,1.9554305162883923,left,0.0,True,0
CZE,2021,8,37.0,4,1.917451786620045,6.688569729539248,3.0445694837116077,4.659999999999999,3.64400024582764,1.9554305162883923,left,0.0,True,0
DEU,1998,3,106.0,4,2.50704903565704,2.8337623117998727,4.963991620058089,4.899999999999999,2.1302293082582167,0.03600837994191064,center,0.0,True,0
DEU,2005,0,624.0,4,5.646797163627697,3.691980999528914,3.3503316174653603,8.099999999999996,0.34164938206355355,1.6496683825346397,left,0.0,True,0
DEU,2005,2,102.0,4,3.4148245177214362,5.23686794253966,3.3503316174653603,8.099999999999996,1.8865363250742995,1.6496683825346397,left,0.0,True,0
DEU,2005,3,203.0,4,4.0781526242780854,1.199239492745715,3.3503316174653603,8.099999999999996,2.1510921247196455,1.6496683825346397,left,0.0,True,0
DEU,2005,5,55.0,4,2.825467357885051,6.550125276021966,3.3503316174653603,8.099999999999996,3.1997936585566054,1.6496683825346397,left,0.0,True,0
DEU,2009,2,112.0,4,3.7038856756841456,5.843514877826862,3.2768689133338014,10.710000000000004,2.5666459644930604,1.7231310866661986,left,0.0,True,0
DNK,1998,5,35.0,4,2.3623992701839747,5.534038214562317,8.625655524548053,7.400000000000002,3.091617309985736,3.625655524548053,far-right,0.0,True,0
DNK,2001,6,41.0,4,6.585365853658536,1.4722222222222223,2.7779569892473117,6.400000000000001,1.3057347670250894,2.2220430107526883,left,0.0,True,0
FIN,2003,2,112.0,4,3.9464285714285716,7.464711274060495,4.74412041392286,8.0,2.7205908601376345,0.2558795860771399,center,0.0,True,0
FIN,2007,2,199.0,4,4.969849246231155,4.155555555555556,4.773600668337511,8.460000000000003,0.6180451127819548,0.22639933166248927,center,0.0,True,0
FIN,2007,6,40.0,4,5.1,6.002540220152413,4.773600668337511,8.460000000000003,1.2289395518149027,0.22639933166248927,center,0.0,True,0
FIN,2007,7,42.0,4,4.833333333333333,5.807124239791485,4.773600668337511,8.460000000000003,1.0335235714539746,0.22639933166248927,center,0.0,True,0
FIN,2011,1,208.0,4,5.447115384615385,4.292803970223325,1.888521882741536,8.1,2.404282087481789,3.1114781172584642,far-left,0.0,True,0
FIN,2011,7,37.0,4,3.4594594594594597,6.025597269624574,1.888521882741536,8.1,4.137075386883038,3.1114781172584642,far-left,0.0,True,0
FIN,2019,6,54.0,4,5.59866237486251,6.312421814681746,4.222476595610924,11.489999999999998,2.089945219070822,0.7775234043890764,center,0.0,True,0
FRA,2002,1,32.0,4,3.1925342380534762,7.736018755808237,2.2846138950608332,,5.451404860747404,2.7153861049391668,left,1.0,True,0
FRA,2002,3,57.0,4,1.333278517020465,6.356017212655396,2.2846138950608332,,4.071403317594562,2.7153861049391668,left,1.0,True,0
FRA,2007,3,35.0,4,2.2028234931714237,7.722109890700973,1.9253547044343204,4.289999999999999,5.796755186266653,3.07464529556568,far-left,1.0,True,0
FRA,2007,5,71.0,4,3.3590654097709725,3.426356086475329,1.9253547044343204,4.289999999999999,1.5010013820410084,3.07464529556568,far-left,1.0,True,0
FRA,2007,6,55.0,4,4.953023276016002,1.3178747515423013,1.9253547044343204,4.289999999999999,0.6074799528920192,3.07464529556568,far-left,1.0,True,0
GRC,2009,2,47.0,4,3.5319148936170213,1.9947534102833158,3.247588424437299,4.600000000000001,1.2528350141539832,1.752411575562701,left,0.0,False,0
GRC,2012,1,125.0,4,0.3715023787753236,2.8159969692127236,9.305157358481726,6.92,6.489160389269002,4.3051573584817255,far-right,0.0,False,0
GRC,2012,2,61.0,4,0.5142182979078567,5.981434577177595,9.305157358481726,6.92,3.323722781304131,4.3051573584817255,far-right,0.0,False,0
GRC,2012,3,40.0,4,1.9331541534921997,6.89632654306885,9.305157358481726,6.92,2.408830815412876,4.3051573584817255,far-right,0.0,False,0
GRC,2012,5,54.0,4,0.6600228687587348,4.122364288821603,9.305157358481726,6.92,5.182793069660122,4.3051573584817255,far-right,0.0,False,0
GRC,2015,5,85.0,4,2.4124786665650078,6.617952978248608,1.2645556150429622,5.510313643491897,5.353397363205646,3.735444384957038,far-left,0.0,False,0
GRC,2015,6,46.0,4,2.6452112624184,6.854849258084789,1.2645556150429622,5.510313643491897,5.590293643041827,3.735444384957038,far-left,0.0,False,0
GRC,2015,7,31.0,4,3.254519481949602,5.725393016640125,1.2645556150429622,5.510313643491897,4.460837401597163,3.735444384957038,far-left,0.0,False,0
GRC,2019,5,36.0,4,0.19913344047250614,3.4588429708313093,7.8640809101734686,3.700000000000001,4.405237939342159,2.8640809101734686,right,0.0,False,0
HKG,2012,1,78.0,4,2.933789203849874,6.206862836728712,3.331020837511161,7.0600000000000005,2.8758419992175512,1.668979162488839,left,0.0,False,
HKG,2012,5,32.0,4,4.531417124309044,5.575112133062047,3.331020837511161,7.0600000000000005,2.2440912955508856,1.668979162488839,left,0.0,False,
IRL,2016,5,57.0,4,4.574220512001999,3.8253035418034664,2.470997470235132,3.9500000000000006,1.3543060715683346,2.529002529764868,left,0.0,True,0
ISL,2017,2,227.0,4,4.185022026431718,3.5207033465683493,5.73630717108978,10.710000000000004,2.2156038245214305,0.7363071710897797,center,0.0,True,1
ISL,2017,3,75.0,4,5.1466666666666665,6.1267267267267265,5.73630717108978,10.710000000000004,0.39041955563694675,0.7363071710897797,center,0.0,True,1
ISR,1996,3,33.0,4,1.2121212121212122,7.315560391730141,1.5093360995850622,7.5,5.806224292145079,3.490663900414938,far-left,0.0,False,0
ISR,2013,1,111.0,4,1.8018018018018018,5.041095890410959,6.694103194103194,8.75,1.6530073036922355,1.694103194103194,right,0.0,False,0
ISR,2013,2,58.0,4,1.9310344827586208,3.7421236872812136,6.694103194103194,8.75,2.9519795068219805,1.694103194103194,right,0.0,False,0
ISR,2020,3,33.0,4,8.281502581021229,6.869270586929774,6.81333889581963,5.980000000000002,0.0559316911101444,1.81333889581963,right,0.0,False,0
ITA,2006,1,51.0,4,3.149505516359859,3.2703207793152456,5.633724245608617,6.76,2.3634034662933714,0.633724245608617,center,0.0,True,0
ITA,2006,2,42.0,4,5.7120417099373855,7.944049741752178,5.633724245608617,6.76,2.3103254961435606,0.633724245608617,center,0.0,True,0
ITA,2006,5,31.0,4,3.2659665040927273,2.023369150546798,5.633724245608617,6.76,3.610355095061819,0.633724245608617,center,0.0,True,0
JPN,2007,2,47.0,4,2.4893617021276597,5.312022900763359,3.269631031220435,,2.0423918695429237,1.730368968779565,left,0.0,True,0
JPN,2013,3,76.0,4,4.606534924142153,4.9613893815051515,5.745175704966478,,0.7837863234613263,0.7451757049664778,center,0.0,True,0
JPN,2017,1,73.0,4,4.595137560203207,4.188345004573435,3.1442593309892266,7.900000000000001,1.0440856735842083,1.8557406690107734,left,0.0,True,0
KOR,2008,5,45.0,4,5.222222222222222,4.367486338797814,3.251231527093596,5.68,1.1162548117042181,1.748768472906404,left,0.0,False,0
LVA,2011,2,79.0,4,3.544948255544882,6.395652949781218,5.627638648342708,12.22,0.7680143014385106,0.6276386483427077,center,0.0,True,0
LVA,2011,3,44.0,4,3.0708030302290243,7.020228128753338,5.627638648342708,12.22,1.3925894804106305,0.6276386483427077,center,0.0,True,0
MEX,2018,2,117.0,4,5.46285227969568,5.2041479253057386,4.802251772169718,4.79,0.4018961531360201,0.19774822783028156,center,0.0,False,0
NLD,2002,5,73.0,4,5.742036992211417,2.3854179391774735,2.2645908889212447,6.950000000000001,0.12082705025622875,2.7354091110787553,left,0.0,True,0
NLD,2002,7,61.0,4,4.0885561875757235,6.45576546953408,2.2645908889212447,6.950000000000001,4.191174580612834,2.7354091110787553,left,0.0,True,0
NOR,1997,2,287.0,4,2.4285714285714284,8.036980749746707,4.146556188503366,7.900000000000002,3.890424561243341,0.8534438114966338,center,0.0,True,0
NOR,2001,1,216.0,4,5.412037037037037,8.037981269510926,5.893828451882845,12.400000000000004,2.144152817628081,0.893828451882845,center,0.0,True,0
NOR,2001,3,94.0,4,4.191489361702128,2.774869109947644,5.893828451882845,12.400000000000004,3.118959341935201,0.893828451882845,center,0.0,True,0
NOR,2001,5,47.0,4,6.659574468085107,4.4570826750921535,5.893828451882845,12.400000000000004,1.4367457767906915,0.893828451882845,center,0.0,True,0
NOR,2005,1,126.0,4,3.253968253968254,8.35974643423138,6.147991543340381,6.779999999999999,2.2117548908909983,1.147991543340381,right,0.0,True,0
NOR,2005,2,198.0,4,4.393939393939394,8.032426778242678,6.147991543340381,6.779999999999999,1.8844352349022975,1.147991543340381,right,0.0,True,0
NOR,2005,3,101.0,4,2.8613861386138613,2.5013178703215604,6.147991543340381,6.779999999999999,3.6466736730188205,1.147991543340381,right,0.0,True,0
NOR,2005,5,51.0,4,4.8431372549019605,4.397564849126522,6.147991543340381,6.779999999999999,1.7504266942138589,1.147991543340381,right,0.0,True,0
NOR,2009,2,219.0,4,3.6666666666666665,7.931216931216931,4.484669811320755,6.150000000000001,3.4465471198961763,0.5153301886792452,center,0.0,True,0
NOR,2009,5,44.0,4,5.068181818181818,5.810395747194329,4.484669811320755,6.150000000000001,1.3257259358735745,0.5153301886792452,center,0.0,True,0
NOR,2009,6,35.0,4,4.742857142857143,4.479646017699115,4.484669811320755,6.150000000000001,0.00502379362163996,0.5153301886792452,center,0.0,True,0
NOR,2013,3,37.0,4,5.393582447138784,5.6841343286754284,4.474404609358239,5.480000000000002,1.2097297193171892,0.5255953906417608,center,0.0,True,0
NOR,2013,5,40.0,4,4.646861573641222,4.656834341480797,4.474404609358239,5.480000000000002,0.18242973212255809,0.5255953906417608,center,0.0,True,0
NOR,2013,6,36.0,4,5.116243143948779,2.637540758902207,4.474404609358239,5.480000000000002,1.8368638504560324,0.5255953906417608,center,0.0,True,0
NOR,2017,0,306.0,4,4.961954015223461,3.714714503565288,2.1541936408746,6.019999999999998,1.5605208626906881,2.8458063591254,left,0.0,True,0
NOR,2017,1,392.0,4,2.2659260371988004,7.996886277410971,2.1541936408746,6.019999999999998,5.842692636536371,2.8458063591254,left,0.0,True,0
NOR,2017,2,147.0,4,1.5641905992917828,8.452886219018078,2.1541936408746,6.019999999999998,6.298692578143478,2.8458063591254,left,0.0,True,0
NOR,2017,3,112.0,4,3.676758663674687,4.280245981054555,2.1541936408746,6.019999999999998,2.126052340179955,2.8458063591254,left,0.0,True,0
NOR,2017,5,47.0,4,3.5491727712459507,4.980791711526509,2.1541936408746,6.019999999999998,2.826598070651909,2.8458063591254,left,0.0,True,0
NOR,2017,6,54.0,4,3.368932019900419,5.422032595007121,2.1541936408746,6.019999999999998,3.267838954132521,2.8458063591254,left,0.0,True,0
NOR,2017,7,32.0,4,6.375428780200672,3.059275607863264,2.1541936408746,6.019999999999998,0.9050819669886643,2.8458063591254,left,0.0,True,0
NZL,2020,5,35.0,4,3.081329682453055,4.554089905187414,5.926889329806596,2.6000000000000005,1.3727994246191821,0.9268893298065963,center,0.0,True,0
PER,2006,3,65.0,4,6.187381950182979,4.628534931326887,4.511238645470662,7.070000000000001,0.11729628585622454,0.48876135452933767,center,0.0,False,0
PER,2011,5,34.0,4,4.924397757540697,5.278735656479794,5.941982195835112,10.200000000000001,0.6632465393553177,0.941982195835112,center,0.0,False,0
PHL,2016,5,44.0,4,6.045454545454546,6.091150442477876,5.6716417910447765,6.619999999999999,0.4195086514330999,0.6716417910447765,center,0.0,False,0
POL,2005,7,53.0,4,1.0187960636971127,2.4237355661147553,6.525721557253328,7.97,4.101985991138573,1.5257215572533278,right,0.0,False,0
PRT,2009,3,86.0,4,4.182770608023221,2.1886295128691295,2.7204699380820805,7.860000000000001,0.5318404252129509,2.2795300619179195,left,0.0,False,0
PRT,2019,2,62.0,4,1.7415347123349143,2.0634101512109484,7.676879005543484,4.44,5.613468854332536,2.6768790055434843,right,0.0,False,0
PRT,2019,3,81.0,4,1.8691022139114153,1.886768910045571,7.676879005543484,4.44,5.790110095497914,2.6768790055434843,right,0.0,False,0
ROU,2004,1,62.0,4,3.1451612903225805,6.864321608040201,4.805369127516778,6.200000000000002,2.0589524805234225,0.19463087248322175,center,0.0,False,0
RUS,1999,2,115.0,4,1.182608695652174,5.0994248151191455,5.131601731601732,5.8999999999999995,0.03217691648258647,0.13160173160173194,center,0.0,False,0
SVK,2020,5,48.0,4,4.861173305707792,7.296725866147359,6.763753317031616,6.97,0.5329725491157422,1.7637533170316164,right,0.0,False,0
SVN,2008,2,34.0,4,2.264705882352941,3.100449775112444,5.391044776119403,5.399999999999999,2.2905950010069596,0.39104477611940336,center,0.0,False,0
SVN,2011,1,44.0,4,3.4545454545454546,7.581504702194358,4.626427406199022,6.970000000000001,2.955077295995336,0.3735725938009784,center,0.0,False,0
SWE,2002,3,66.0,4,2.227272727272727,7.134715025906735,1.3148335015136225,8.390000000000002,5.819881524393113,3.6851664984863772,far-left,0.0,True,0
SWE,2006,5,74.0,4,1.9594594594594594,1.342003853564547,6.891838741396263,6.5900000000000025,5.549834887831716,1.8918387413962634,right,0.0,True,0
SWE,2014,2,30.0,4,3.8333333333333335,7.1940740740740745,6.265122265122265,6.110000000000001,0.9289518089518092,1.2651222651222653,right,0.0,True,0
SWE,2014,3,66.0,4,4.833333333333333,3.854922279792746,6.265122265122265,6.110000000000001,2.4101999853295193,1.2651222651222653,right,0.0,True,0
SWE,2014,6,42.0,4,5.833333333333333,6.59741935483871,6.265122265122265,6.110000000000001,0.33229708971644456,1.2651222651222653,right,0.0,True,0
SWE,2018,8,36.0,4,7.7789626582004034,1.8943782411056638,0.8354046129645841,8.0,1.0589736281410795,4.1645953870354155,far-left,0.0,True,0
TUR,2011,3,49.0,4,1.736178912042551,2.294943275457991,7.592414357212333,1.2699999999999998,5.297471081754342,2.5924143572123333,right,0.0,False,0
TUR,2018,2,46.0,4,0.8713961109630644,1.4408074475381678,5.394529268797627,9.960000000000004,3.9537218212594594,0.3945292687976272,center,0.0,False,0
AUS,2019,3,60.0,5,4.402071685622415,6.175591801910037,6.396461279473314,3.079999999999999,0.22086947756327735,1.3964612794733142,right,1.0,True,0
AUT,2017,2,163.0,5,1.021362321678544,7.993293714746346,2.4695908599739886,3.8000000000000007,5.523702854772358,2.5304091400260114,left,0.0,True,0
AUT,2017,4,33.0,5,5.063453120420531,2.897417426267105,2.4695908599739886,3.8000000000000007,0.42782656629311644,2.5304091400260114,left,0.0,True,0
CZE,2017,1,91.0,5,2.901098901098901,8.268801191362622,3.1479289940828403,7.279999999999999,5.120872197279781,1.8520710059171597,left,0.0,True,0
CZE,2017,3,64.0,5,2.46875,5.889699179580674,3.1479289940828403,7.279999999999999,2.741770185497834,1.8520710059171597,left,0.0,True,0
CZE,2017,6,45.0,5,4.466666666666667,5.153069153069153,3.1479289940828403,7.279999999999999,2.005140158986313,1.8520710059171597,left,0.0,True,0
CZE,2021,4,60.0,5,2.6242189361039343,3.0445694837116077,7.950558502518776,3.6100000000000003,4.905989018807168,2.950558502518776,right,0.0,True,0
CZE,2021,8,37.0,5,5.507803714615642,6.688569729539248,7.950558502518776,3.6100000000000003,1.261988772979528,2.950558502518776,right,0.0,True,0
DEU,1998,4,42.0,5,0.4774899236756371,4.963991620058089,2.3148418110682836,5.1000000000000005,2.649149808989806,2.6851581889317164,left,0.0,True,0
DEU,2013,3,105.0,5,2.687543004284598,3.319749926116405,5.697566925362974,4.759999999999999,2.3778169992465688,0.6975669253629739,center,0.0,True,0
DEU,2013,4,33.0,5,3.973728745265534,6.881042647822964,5.697566925362974,4.759999999999999,1.18347572245999,0.6975669253629739,center,0.0,True,0
DEU,2017,2,81.0,5,2.2043275410294454,8.858021926157987,3.2045092135615403,8.940000000000001,5.653512712596447,1.7954907864384597,left,0.0,True,0
DEU,2017,4,162.0,5,5.778668053952704,1.1402754426233515,3.2045092135615403,8.940000000000001,2.0642337709381886,1.7954907864384597,left,0.0,True,0
DEU,2017,6,45.0,5,4.211933732925167,6.032272408645631,3.2045092135615403,8.940000000000001,2.8277631950840907,1.7954907864384597,left,0.0,True,0
DNK,2001,6,41.0,5,5.390243902439025,1.4722222222222223,4.611725663716814,5.200000000000001,3.1395034414945915,0.3882743362831862,center,0.0,True,0
FIN,2011,3,127.0,5,4.330708661417323,6.332510288065843,4.863060016906171,7.299999999999998,1.4694502711596726,0.13693998309382938,center,0.0,True,0
FIN,2011,4,99.0,5,5.4646464646464645,1.888521882741536,4.863060016906171,7.299999999999998,2.974538134164635,0.13693998309382938,center,0.0,True,0
FIN,2011,7,37.0,5,3.72972972972973,6.025597269624574,4.863060016906171,7.299999999999998,1.162537252718403,0.13693998309382938,center,0.0,True,0
FIN,2015,7,44.0,5,3.689877554212426,6.181403925580239,2.1366444298588223,7.13,4.044759495721417,2.8633555701411777,left,0.0,True,0
FRA,2007,3,35.0,5,1.9024011593614412,7.722109890700973,3.426356086475329,3.25,4.295753804225644,1.5736439135246711,left,1.0,True,0
FRA,2007,4,47.0,5,4.452656831587669,1.9253547044343204,3.426356086475329,3.25,1.5010013820410084,1.5736439135246711,left,1.0,True,0
FRA,2007,6,55.0,5,4.306236698212915,1.3178747515423013,3.426356086475329,3.25,2.1084813349330274,1.5736439135246711,left,1.0,True,0
GRC,2012,1,125.0,5,3.007238120410321,2.8159969692127236,4.122364288821603,6.25,1.3063673196088796,0.8776357111783968,center,0.0,False,0
GRC,2012,2,61.0,5,4.197600781771645,5.981434577177595,4.122364288821603,6.25,1.8590702883559915,0.8776357111783968,center,0.0,False,0
GRC,2012,3,40.0,5,2.4571169765102887,6.89632654306885,4.122364288821603,6.25,2.7739622542472464,0.8776357111783968,center,0.0,False,0
GRC,2012,4,36.0,5,2.2092272629819876,9.305157358481726,4.122364288821603,6.25,5.182793069660122,0.8776357111783968,center,0.0,False,0
GRC,2012,6,35.0,5,2.200515789473684,1.0404512082351554,4.122364288821603,6.25,3.081913080586448,0.8776357111783968,center,0.0,False,0
GRC,2015,6,46.0,5,0.966697050888969,6.854849258084789,6.617952978248608,4.418783570300159,0.23689627983618067,1.6179529782486082,right,0.0,False,0
GRC,2015,7,31.0,5,4.203001976030689,5.725393016640125,6.617952978248608,4.418783570300159,0.8925599616084829,1.6179529782486082,right,0.0,False,0
HKG,2008,3,34.0,5,3.091390233780606,6.192514800218809,4.5524282288917535,4.3,1.6400865713270552,0.44757177110824653,center,0.0,False,
ISL,2016,6,69.0,5,5.6521739130434785,3.8192883895131087,4.888568683957733,7.200000000000002,1.0692802944446247,0.11143131604226664,center,0.0,True,1
ISR,2003,1,119.0,5,5.605042016806722,2.876385336743393,1.7563540753724802,5.21,1.120031261370913,3.2436459246275198,far-left,0.0,False,0
ISR,2003,3,37.0,5,1.3243243243243243,7.00091407678245,1.7563540753724802,5.21,5.244560001409969,3.2436459246275198,far-left,0.0,False,0
ISR,2020,3,33.0,5,1.4989723989976382,6.869270586929774,3.2977023285437297,5.829999999999999,3.5715682583860446,1.7022976714562703,left,0.0,False,0
ITA,2006,1,51.0,5,6.183020733171917,3.2703207793152456,2.023369150546798,5.840000000000001,1.2469516287684477,2.976630849453202,left,0.0,True,0
ITA,2006,2,42.0,5,1.9585937167878245,7.944049741752178,2.023369150546798,5.840000000000001,5.92068059120538,2.976630849453202,left,0.0,True,0
JPN,2013,2,83.0,5,2.4487373129573236,3.082031068760064,5.143806641457008,,2.061775572696944,0.14380664145700806,center,0.0,True,0
JPN,2013,3,76.0,5,2.8931677136435745,4.9613893815051515,5.143806641457008,,0.18241725995185654,0.14380664145700806,center,0.0,True,0
LVA,2011,3,44.0,5,1.3368736476552843,7.020228128753338,4.0827517844773915,2.4099999999999997,2.9374763442759466,0.9172482155226085,center,0.0,True,0
LVA,2018,1,73.0,5,3.002801637676115,5.3943117919113615,5.487446853291422,9.969999999999999,0.09313506138006034,0.4874468532914218,center,0.0,True,0
LVA,2018,3,30.0,5,2.6502962691650715,5.504887875060072,5.487446853291422,9.969999999999999,0.01744102176864981,0.4874468532914218,center,0.0,True,0
NLD,2002,7,61.0,5,4.238878349369024,6.45576546953408,2.3854179391774735,5.9,4.070347530356607,2.6145820608225265,left,0.0,True,0
NLD,2006,7,53.0,5,6.426792742394613,4.8822103005454185,2.7298788680406787,4.600000000000001,2.15233143250474,2.2701211319593213,left,0.0,True,0
NOR,1997,2,287.0,5,2.6062717770034842,8.036980749746707,2.4107142857142856,6.0,5.626266464032422,2.5892857142857144,left,0.0,True,0
NOR,2001,1,216.0,5,2.8981481481481484,8.037981269510926,4.4570826750921535,5.599999999999999,3.5808985944187723,0.5429173249078465,center,0.0,True,0
NOR,2005,3,101.0,5,5.435643564356436,2.5013178703215604,4.397564849126522,6.480000000000002,1.8962469788049616,0.602435150873478,center,0.0,True,0
NOR,2005,4,59.0,5,4.932203389830509,6.147991543340381,4.397564849126522,6.480000000000002,1.7504266942138589,0.602435150873478,center,0.0,True,0
NOR,2009,1,129.0,5,3.744186046511628,8.64373897707231,5.810395747194329,5.540000000000001,2.833343229877981,0.8103957471943293,center,0.0,True,0
NOR,2009,6,35.0,5,3.7142857142857144,4.479646017699115,5.810395747194329,5.540000000000001,1.3307497294952144,0.8103957471943293,center,0.0,True,0
NOR,2013,4,37.0,5,4.786803651459593,4.474404609358239,4.656834341480797,5.230000000000003,0.18242973212255809,0.34316565851920267,center,0.0,True,0
NOR,2013,6,36.0,5,5.495076491047749,2.637540758902207,4.656834341480797,5.230000000000003,2.0192935825785905,0.34316565851920267,center,0.0,True,0
NOR,2017,0,306.0,5,3.159894404943013,3.714714503565288,4.980791711526509,4.369999999999999,1.2660772079612208,0.01920828847349121,center,0.0,True,0
NOR,2017,1,392.0,5,4.488372049277004,7.996886277410971,4.980791711526509,4.369999999999999,3.016094565884462,0.01920828847349121,center,0.0,True,0
NOR,2017,3,112.0,5,2.7118264012071656,4.280245981054555,4.980791711526509,4.369999999999999,0.700545730471954,0.01920828847349121,center,0.0,True,0
NOR,2017,4,82.0,5,3.463346516611967,2.1541936408746,4.980791711526509,4.369999999999999,2.826598070651909,0.01920828847349121,center,0.0,True,0
NOR,2017,6,54.0,5,4.607846272961834,5.422032595007121,4.980791711526509,4.369999999999999,0.44124088348061186,0.01920828847349121,center,0.0,True,0
NOR,2017,7,32.0,5,5.590278952389328,3.059275607863264,4.980791711526509,4.369999999999999,1.9215161036632447,0.01920828847349121,center,0.0,True,0
SVK,2010,0,409.0,5,4.3874193229629865,2.949625455288885,4.595512646199752,5.069999999999999,1.6458871909108668,0.40448735380024825,center,0.0,False,0
SVK,2010,2,74.0,5,2.4034599266419674,7.133952772962544,4.595512646199752,5.069999999999999,2.538440126762792,0.40448735380024825,center,0.0,False,0
SVK,2016,1,61.0,5,4.401764639373987,7.277122499316166,6.537679666613087,6.630000000000001,0.7394428327030784,1.5376796666130872,right,0.0,False,0
SVK,2016,3,63.0,5,2.8147259947431578,4.909272127675172,6.537679666613087,6.630000000000001,1.628407538937915,1.5376796666130872,right,0.0,False,0
SVK,2016,4,38.0,5,3.4923962170990164,5.94653558755664,6.537679666613087,6.630000000000001,0.5911440790564475,1.5376796666130872,right,0.0,False,0
SVK,2020,1,108.0,5,1.5294507574728522,1.9564008964610908,7.296725866147359,6.22,5.340324969686268,2.2967258661473586,right,0.0,False,0
SVK,2020,2,46.0,5,3.8952581697955564,6.110640588876674,7.296725866147359,6.22,1.186085277270685,2.2967258661473586,right,0.0,False,0
SVK,2020,3,40.0,5,1.3922969322073935,4.823755451675323,7.296725866147359,6.22,2.4729704144720355,2.2967258661473586,right,0.0,False,0
SVN,2004,1,86.0,5,2.6511627906976742,3.190562613430127,5.343023255813954,6.269999999999998,2.1524606423838266,0.34302325581395365,center,0.0,False,0
SVN,2008,2,34.0,5,1.8823529411764706,3.100449775112444,6.072700296735905,5.200000000000001,2.9722505216234616,1.0727002967359054,right,0.0,False,0
SWE,2002,3,66.0,5,5.484848484848484,7.134715025906735,5.741735537190083,6.189999999999999,1.3929794887166524,0.7417355371900829,center,0.0,True,0
SWE,2006,2,75.0,5,2.3466666666666667,6.25,1.342003853564547,5.85,4.907996146435453,3.657996146435453,far-left,0.0,True,0
SWE,2014,2,30.0,5,2.933333333333333,7.1940740740740745,1.4335038363171355,5.7200000000000015,5.760570237756939,3.5664961636828645,far-left,0.0,True,0
SWE,2014,3,66.0,5,5.666666666666667,3.854922279792746,1.4335038363171355,5.7200000000000015,2.4214184434756105,3.5664961636828645,far-left,0.0,True,0
SWE,2018,7,132.0,5,2.3459785148313688,2.8578057837637783,7.437390787128957,6.319999999999999,4.579585003365179,2.4373907871289573,right,0.0,True,0
SWE,2018,8,36.0,5,1.2379811050783112,1.8943782411056638,7.437390787128957,6.319999999999999,5.543012546023293,2.4373907871289573,right,0.0,True,0
TUR,2018,4,36.0,5,2.611529036302502,5.394529268797627,5.702991917313348,1.3400000000000003,0.3084626485157207,0.7029919173133479,center,0.0,False,0
BRA,2002,1,166.0,6,7.497210013941717,6.264709745957148,6.264709745957148,5.1000000000000005,0.0,1.2647097459571484,right,0.0,False,0
BRA,2002,7,30.0,6,4.915986385600863,4.756231428569424,6.264709745957148,5.1000000000000005,1.5084783173877243,1.2647097459571484,right,0.0,False,0
CHL,2009,3,32.0,6,5.485185595652556,4.114825521316052,1.3885415150569804,2.7700000000000005,2.726284006259072,3.61145848494302,far-left,0.0,True,0
CHL,2017,3,74.0,6,4.715289099888364,2.5808839218107296,1.5488387765975726,4.590000000000001,1.032045145213157,3.451161223402427,far-left,0.0,True,0
CHL,2017,5,37.0,6,2.4865383825053775,2.9564691874970213,1.5488387765975726,4.590000000000001,1.4076304108994486,3.451161223402427,far-left,0.0,True,0
CZE,2013,2,124.0,6,3.0806451612903225,1.138780804150454,4.841677943166441,6.78,3.702897139015987,0.15832205683355927,center,0.0,True,0
CZE,2013,3,79.0,6,4.227848101265823,8.149440421329823,4.841677943166441,6.78,3.307762478163382,0.15832205683355927,center,0.0,True,0
CZE,2017,1,91.0,6,4.208791208791209,8.268801191362622,5.153069153069153,5.799999999999999,3.1157320382934683,0.15306915306915325,center,0.0,True,0
CZE,2017,3,64.0,6,2.140625,5.889699179580674,5.153069153069153,5.799999999999999,0.7366300265115209,0.15306915306915325,center,0.0,True,0
CZE,2017,4,78.0,6,2.641025641025641,1.355783308931186,5.153069153069153,5.799999999999999,3.797285844137967,0.15306915306915325,center,0.0,True,0
CZE,2021,8,37.0,6,6.391536892543788,6.688569729539248,5.717113796095068,,0.9714559334441795,0.7171137960950684,center,0.0,True,0
DEU,2005,2,102.0,6,0.5822201052244136,5.23686794253966,7.34242353628126,,2.1055555937416006,2.3424235362812604,right,0.0,True,0
DEU,2005,4,145.0,6,0.15399766799955208,3.3503316174653603,7.34242353628126,,3.9920919188159,2.3424235362812604,right,0.0,True,0
DEU,2005,5,55.0,6,0.5703224937723018,6.550125276021966,7.34242353628126,,0.7922982602592947,2.3424235362812604,right,0.0,True,0
FIN,2007,3,51.0,6,3.1372549019607843,1.868032786885246,6.002540220152413,4.57,4.134507433267167,1.0025402201524134,right,0.0,True,0
FRA,2002,1,32.0,6,2.0745938925321137,7.736018755808237,3.5795773528102277,,4.156441402998009,1.4204226471897723,left,1.0,True,0
FRA,2002,2,263.0,6,5.000024853127574,3.6213451743486265,3.5795773528102277,,0.04176782153839875,1.4204226471897723,left,1.0,True,0
FRA,2002,3,57.0,6,2.9734432458721565,6.356017212655396,3.5795773528102277,,2.7764398598451683,1.4204226471897723,left,1.0,True,0
GRC,2012,1,125.0,6,4.691342293625168,2.8159969692127236,1.0404512082351554,4.5,1.7755457609775682,3.9595487917648446,far-left,0.0,False,0
GRC,2012,4,36.0,6,1.0020734762445997,9.305157358481726,1.0404512082351554,4.5,8.264706150246571,3.9595487917648446,far-left,0.0,False,0
GRC,2012,5,54.0,6,3.005361453436667,4.122364288821603,1.0404512082351554,4.5,3.081913080586448,3.9595487917648446,far-left,0.0,False,0
GRC,2015,5,85.0,6,1.2902769387767066,6.617952978248608,6.854849258084789,4.188142857142856,0.23689627983618067,1.8548492580847888,right,0.0,False,0
GRC,2015,7,31.0,6,0.8450987709456195,5.725393016640125,6.854849258084789,4.188142857142856,1.1294562414446636,1.8548492580847888,right,0.0,False,0
IRL,2016,3,54.0,6,6.085832761224771,4.340597525630399,4.425156631787881,2.7199999999999998,0.08455910615748241,0.574843368212119,center,0.0,True,0
ISL,2016,4,53.0,6,3.641509433962264,3.7286585365853657,3.8192883895131087,5.700000000000002,0.09062985292774295,1.1807116104868913,left,0.0,True,1
ISR,2013,2,58.0,6,4.362068965517241,3.7421236872812136,4.507462686567164,4.990000000000001,0.7653389992859507,0.4925373134328357,center,0.0,False,0
ISR,2020,3,33.0,6,1.3486271611170202,6.869270586929774,5.975921174390505,5.74,0.8933494125392691,0.9759211743905052,center,0.0,False,0
NLD,2002,1,89.0,6,4.040656326271495,7.578350230691473,4.464182910610463,5.1000000000000005,3.1141673200810107,0.5358170893895373,center,0.0,True,0
NLD,2002,4,144.0,6,6.1323185921638315,2.2645908889212447,4.464182910610463,5.1000000000000005,2.199592021689218,0.5358170893895373,center,0.0,True,0
NLD,2002,5,73.0,6,4.8376707514552635,2.3854179391774735,4.464182910610463,5.1000000000000005,2.078764971432989,0.5358170893895373,center,0.0,True,0
NLD,2002,7,61.0,6,2.2136598495893804,6.45576546953408,4.464182910610463,5.1000000000000005,1.991582558923617,0.5358170893895373,center,0.0,True,0
NLD,2010,5,148.0,6,6.97104874101386,4.561397459930602,2.3744839760557133,6.670000000000001,2.186913483874889,2.6255160239442867,left,0.0,True,0
NLD,2017,8,50.0,6,4.8806845030895705,3.2913901395942697,3.2175801157761303,5.700000000000002,0.07381002381813939,1.7824198842238697,left,0.0,True,0
NOR,2001,1,216.0,6,4.3842592592592595,8.037981269510926,4.438716465018412,3.899999999999999,3.599264804492514,0.5612835349815883,center,0.0,True,0
NOR,2001,3,94.0,6,4.117021276595745,2.774869109947644,4.438716465018412,3.899999999999999,1.6638473550707675,0.5612835349815883,center,0.0,True,0
NOR,2001,5,47.0,6,4.23404255319149,4.4570826750921535,4.438716465018412,3.899999999999999,0.01836621007374184,0.5612835349815883,center,0.0,True,0
NOR,2005,3,101.0,6,4.742574257425742,2.5013178703215604,4.782585751978892,5.920000000000001,2.2812678816573313,0.21741424802110831,center,0.0,True,0
NOR,2005,5,51.0,6,4.0588235294117645,4.397564849126522,4.782585751978892,5.920000000000001,0.3850209028523697,0.21741424802110831,center,0.0,True,0
NOR,2009,4,40.0,6,4.325,4.484669811320755,4.479646017699115,3.880000000000001,0.00502379362163996,0.5203539823008851,center,0.0,True,0
NOR,2009,5,44.0,6,4.75,5.810395747194329,4.479646017699115,3.880000000000001,1.3307497294952144,0.5203539823008851,center,0.0,True,0
NOR,2013,1,254.0,6,2.584647512569073,8.008850995061385,2.637540758902207,4.090000000000002,5.371310236159179,2.362459241097793,left,0.0,True,0
NOR,2013,3,37.0,6,2.5162089551334663,5.6841343286754284,2.637540758902207,4.090000000000002,3.0465935697732216,2.362459241097793,left,0.0,True,0
NOR,2013,4,37.0,6,3.820113860350391,4.474404609358239,2.637540758902207,4.090000000000002,1.8368638504560324,2.362459241097793,left,0.0,True,0
NOR,2013,5,40.0,6,4.472928622152276,4.656834341480797,2.637540758902207,4.090000000000002,2.0192935825785905,2.362459241097793,left,0.0,True,0
NOR,2017,0,306.0,6,3.3019735414747715,3.714714503565288,5.422032595007121,4.200000000000002,1.7073180914418327,0.42203259500712065,center,0.0,True,0
NOR,2017,1,392.0,6,3.8566682852988334,7.996886277410971,5.422032595007121,4.200000000000002,2.57485368240385,0.42203259500712065,center,0.0,True,0
NOR,2017,2,147.0,6,2.5957835494338304,8.452886219018078,5.422032595007121,4.200000000000002,3.030853624010957,0.42203259500712065,center,0.0,True,0
NOR,2017,3,112.0,6,3.777891912965527,4.280245981054555,5.422032595007121,4.200000000000002,1.1417866139525659,0.42203259500712065,center,0.0,True,0
NOR,2017,4,82.0,6,3.4772989636286464,2.1541936408746,5.422032595007121,4.200000000000002,3.267838954132521,0.42203259500712065,center,0.0,True,0
NOR,2017,5,47.0,6,3.9316223921734994,4.980791711526509,5.422032595007121,4.200000000000002,0.44124088348061186,0.42203259500712065,center,0.0,True,0
NOR,2017,7,32.0,6,3.202813880638417,3.059275607863264,5.422032595007121,4.200000000000002,2.3627569871438565,0.42203259500712065,center,0.0,True,0
PER,2021,4,38.0,6,2.7065989441460703,5.175165737575828,4.797762643326234,7.540000000000002,0.37740309424959406,0.2022373566737663,center,0.0,False,0
POL,2001,5,41.0,6,3.247987840332963,7.180830874538599,7.992708205877531,5.6,0.8118773313389323,2.9927082058775314,right,0.0,False,0
ROU,2012,8,73.0,6,2.26422606002657,6.686515518537288,2.6913556029870893,,3.9951599155501984,2.3086443970129107,left,0.0,False,0
SVK,2010,1,159.0,6,1.5779637769257144,7.64920727716843,5.891901579430744,4.33,1.757305697737686,0.8919015794307441,center,0.0,False,0
SVK,2010,2,74.0,6,1.4168441240123215,7.133952772962544,5.891901579430744,4.33,1.2420511935317995,0.8919015794307441,center,0.0,False,0
SVK,2010,5,31.0,6,0.5649137928823013,4.595512646199752,5.891901579430744,4.33,1.2963889332309924,0.8919015794307441,center,0.0,False,0
SVK,2016,4,38.0,6,2.6341182726271413,5.94653558755664,5.972858039021669,6.5,0.026322451465029317,0.972858039021669,center,0.0,False,0
SVK,2020,1,108.0,6,1.1773239545288086,1.9564008964610908,6.6658465179905,5.769999999999998,4.70944562152941,1.6658465179905004,right,0.0,False,0
SVK,2020,2,46.0,6,2.62854506071487,6.110640588876674,6.6658465179905,5.769999999999998,0.5552059291138267,1.6658465179905004,right,0.0,False,0
SVK,2020,3,40.0,6,0.6879133695523798,4.823755451675323,6.6658465179905,5.769999999999998,1.8420910663151773,1.6658465179905004,right,0.0,False,0
SVK,2020,5,48.0,6,3.9496578833043707,7.296725866147359,6.6658465179905,5.769999999999998,0.6308793481568582,1.6658465179905004,right,0.0,False,0
SVN,1996,2,69.0,6,1.8840579710144927,6.181333333333333,4.929015084294587,,1.252318249038746,0.07098491570541299,center,0.0,False,0
SVN,2008,2,34.0,6,5.147058823529412,3.100449775112444,2.9248895434462443,5.2,0.1755602316661995,2.0751104565537557,left,0.0,False,0
SWE,2006,2,75.0,6,4.0,6.25,3.543307086614173,5.24,2.706692913385827,1.4566929133858268,left,0.0,True,0
SWE,2006,3,75.0,6,3.8666666666666667,6.75266731328807,3.543307086614173,5.24,3.2093602266738968,1.4566929133858268,left,0.0,True,0
SWE,2006,5,74.0,6,6.1891891891891895,1.342003853564547,3.543307086614173,5.24,2.201303233049626,1.4566929133858268,left,0.0,True,0
SWE,2014,1,178.0,6,6.224719101123595,8.18542199488491,6.59741935483871,5.42,1.5880026400462004,1.59741935483871,right,0.0,True,0
SWE,2014,2,30.0,6,3.533333333333333,7.1940740740740745,6.59741935483871,5.42,0.5966547192353646,1.59741935483871,right,0.0,True,0
SWE,2014,3,66.0,6,4.0606060606060606,3.854922279792746,6.59741935483871,5.42,2.742497075045964,1.59741935483871,right,0.0,True,0
SWE,2014,4,51.0,6,5.627450980392157,6.265122265122265,6.59741935483871,5.42,0.33229708971644456,1.59741935483871,right,0.0,True,0
SWE,2014,5,51.0,6,3.235294117647059,1.4335038363171355,6.59741935483871,5.42,5.163915518521574,1.59741935483871,right,0.0,True,0
SWE,2018,8,36.0,6,3.1140921813951024,1.8943782411056638,6.348573069935601,5.490000000000001,4.454194828829937,1.3485730699356013,right,0.0,True,0
TUR,2011,3,49.0,6,1.1880572533009295,2.294943275457991,6.921346241481024,0.75,4.626402966023033,1.9213462414810243,right,0.0,False,0
BGR,2014,3,50.0,7,2.03910276404694,8.02954666345129,2.309040401627087,4.1499999999999995,5.7205062618242035,2.690959598372913,left,0.0,False,0
CZE,2021,4,60.0,7,4.489313396734649,3.0445694837116077,7.566431562331311,,4.521862078619703,2.566431562331311,right,0.0,True,0
CZE,2021,5,50.0,7,2.751101921528475,7.950558502518776,7.566431562331311,,0.38412694018746496,2.566431562331311,right,0.0,True,0
CZE,2021,8,37.0,7,5.36644543011623,6.688569729539248,7.566431562331311,,0.8778618327920631,2.566431562331311,right,0.0,True,0
DNK,2001,6,41.0,7,3.3902439024390243,1.4722222222222223,5.481994459833795,2.3,4.009772237611573,0.4819944598337953,center,0.0,True,0
FIN,2007,3,51.0,7,4.7254901960784315,1.868032786885246,5.807124239791485,4.049999999999999,3.939091452906239,0.8071242397914853,center,0.0,True,0
FIN,2011,4,99.0,7,2.090909090909091,1.888521882741536,6.025597269624574,4.0,4.137075386883038,1.0255972696245736,right,0.0,True,0
FIN,2019,6,54.0,7,4.086159702116429,6.312421814681746,6.04323009802745,3.899999999999999,0.2691917166542961,1.0432300980274496,right,0.0,True,0
ISR,2020,5,62.0,7,1.9497552982966473,3.2977023285437297,7.827943014889848,5.24,4.530240686346119,2.827943014889848,right,0.0,False,0
LTU,2016,3,42.0,7,2.3339705243303714,5.710019670790925,3.6847972775770312,4.88,2.0252223932138937,1.3152027224229688,left,0.0,False,0
NOR,2009,5,44.0,7,1.0,5.810395747194329,1.1539855072463767,1.3500000000000003,4.656410239947952,3.846014492753623,far-left,0.0,True,0
NOR,2009,6,35.0,7,2.3142857142857145,4.479646017699115,1.1539855072463767,1.3500000000000003,3.325660510452738,3.846014492753623,far-left,0.0,True,0
NOR,2013,6,36.0,7,5.968709181067051,2.637540758902207,3.738883373403613,2.79,1.101342614501406,1.2611166265963871,left,0.0,True,0
NOR,2017,0,306.0,7,3.213491236571642,3.714714503565288,3.059275607863264,3.240000000000002,0.6554388957020238,1.9407243921367359,left,0.0,True,0
NOR,2017,1,392.0,7,1.7984571846710606,7.996886277410971,3.059275607863264,3.240000000000002,4.937610669547706,1.9407243921367359,left,0.0,True,0
NOR,2017,3,112.0,7,1.9160405556075186,4.280245981054555,3.059275607863264,3.240000000000002,1.2209703731912906,1.9407243921367359,left,0.0,True,0
NOR,2017,4,82.0,7,5.327699379833726,2.1541936408746,3.059275607863264,3.240000000000002,0.9050819669886643,1.9407243921367359,left,0.0,True,0
NOR,2017,5,47.0,7,4.275809276432572,4.980791711526509,3.059275607863264,3.240000000000002,1.9215161036632447,1.9407243921367359,left,0.0,True,0
NOR,2017,6,54.0,7,3.865032481526193,5.422032595007121,3.059275607863264,3.240000000000002,2.3627569871438565,1.9407243921367359,left,0.0,True,0
PRT,2015,0,279.0,7,5.756501756097041,7.992797722732663,7.994646479511897,,0.0018487567792337956,2.994646479511897,right,0.0,False,0
PRT,2015,2,46.0,7,1.6223240424046514,1.4137101552299178,7.994646479511897,,6.580936324281979,2.994646479511897,right,0.0,False,0
PRT,2015,3,84.0,7,1.1916411569444207,1.3735775161665713,7.994646479511897,,6.621068963345326,2.994646479511897,right,0.0,False,0
ROU,2012,6,198.0,7,6.517127984277833,2.6913556029870893,5.408842726156072,,2.7174871231689828,0.4088427261560721,center,0.0,False,0
ROU,2012,8,73.0,7,2.9863373413097993,6.686515518537288,5.408842726156072,,1.2776727923812157,0.4088427261560721,center,0.0,False,0
SVK,2010,1,159.0,7,2.295952112786775,7.64920727716843,4.290002663183145,4.32,3.359204613985285,0.7099973368168548,center,0.0,False,0
SVK,2010,2,74.0,7,1.6923901740489309,7.133952772962544,4.290002663183145,4.32,2.8439501097793984,0.7099973368168548,center,0.0,False,0
SVK,2010,5,31.0,7,3.176285282581315,4.595512646199752,4.290002663183145,4.32,0.3055099830166066,0.7099973368168548,center,0.0,False,0
SVN,2011,1,44.0,7,2.590909090909091,7.581504702194358,5.082706766917293,1.8000000000000005,2.4987979352770644,0.08270676691729317,center,0.0,False,0
SWE,2014,2,30.0,7,3.3666666666666667,7.1940740740740745,6.898039215686275,4.57,0.29603485838779964,1.8980392156862749,right,0.0,True,0
SWE,2014,3,66.0,7,3.227272727272727,3.854922279792746,6.898039215686275,4.57,3.043116935893529,1.8980392156862749,right,0.0,True,0
SWE,2014,5,51.0,7,2.176470588235294,1.4335038363171355,6.898039215686275,4.57,5.464535379369139,1.8980392156862749,right,0.0,True,0
SWE,2014,6,42.0,7,4.809523809523809,6.59741935483871,6.898039215686275,4.57,0.300619860847565,1.8980392156862749,right,0.0,True,0
SWE,2018,8,36.0,7,7.32930495401529,1.8943782411056638,2.8578057837637783,4.409999999999998,0.9634275426581145,2.1421942162362217,left,0.0,True,0
CHL,2017,5,37.0,8,2.7196691218440776,2.9564691874970213,2.8103971892061645,3.6099999999999994,0.1460719982908567,2.1896028107938355,left,0.0,True,0
CZE,2021,5,50.0,8,2.8310705090609063,7.950558502518776,6.688569729539248,,1.261988772979528,1.6885697295392479,right,0.0,True,0
FRA,2002,0,160.0,8,1.5709999626426583,6.674688475462631,2.4068057478668243,,4.267882727595806,2.5931942521331757,left,1.0,True,0
FRA,2002,1,32.0,8,1.0084938898009594,7.736018755808237,2.4068057478668243,,5.329213007941412,2.5931942521331757,left,1.0,True,0
FRA,2002,3,57.0,8,1.7816677921505373,6.356017212655396,2.4068057478668243,,3.9492114647885717,2.5931942521331757,left,1.0,True,0
HKG,2012,5,32.0,8,4.512780050185952,5.575112133062047,4.736149873636982,2.6900000000000004,0.838962259425065,0.2638501263630184,center,0.0,False,
IND,2019,2,72.0,8,1.2080121265437833,1.92467487859733,2.033470762136628,1.75,0.10879588353929792,2.966529237863372,left,1.0,False,0
MEX,2015,4,43.0,8,3.834225554504909,5.841075587786903,3.2133328317350958,2.8500000000000014,2.627742756051807,1.7866671682649042,left,0.0,False,0
NLD,2002,7,61.0,8,5.826378566565625,6.45576546953408,6.753113649768726,1.7200000000000002,0.29734818023464626,1.7531136497687259,right,0.0,True,0
NOR,2013,3,37.0,8,1.4072365571531118,5.6841343286754284,1.5379872691876,1.08,4.146147059487829,3.4620127308124,far-left,0.0,True,0
NOR,2013,4,37.0,8,2.9833999537511153,4.474404609358239,1.5379872691876,1.08,2.9364173401706393,3.4620127308124,far-left,0.0,True,0
NOR,2013,6,36.0,8,6.6244551102627405,2.637540758902207,1.5379872691876,1.08,1.0995534897146069,3.4620127308124,far-left,0.0,True,0
NOR,2017,0,306.0,8,3.492967366606343,3.714714503565288,1.3595461435933374,2.41,2.355168359971951,3.640453856406663,far-left,0.0,True,0
NOR,2017,1,392.0,8,1.2800194235860054,7.996886277410971,1.3595461435933374,2.41,6.637340133817633,3.640453856406663,far-left,0.0,True,0
NOR,2017,2,147.0,8,0.9058566600692061,8.452886219018078,1.3595461435933374,2.41,7.093340075424741,3.640453856406663,far-left,0.0,True,0
NOR,2017,3,112.0,8,2.6946145205894454,4.280245981054555,1.3595461435933374,2.41,2.9206998374612176,3.640453856406663,far-left,0.0,True,0
NOR,2017,4,82.0,8,6.748735595887646,2.1541936408746,1.3595461435933374,2.41,0.7946474972812625,3.640453856406663,far-left,0.0,True,0
NOR,2017,5,47.0,8,2.7674990697972044,4.980791711526509,1.3595461435933374,2.41,3.6212455679331716,3.640453856406663,far-left,0.0,True,0
NOR,2017,6,54.0,8,1.9190467925102332,5.422032595007121,1.3595461435933374,2.41,4.0624864514137835,3.640453856406663,far-left,0.0,True,0
NOR,2017,7,32.0,8,4.6532309898987165,3.059275607863264,1.3595461435933374,2.41,1.6997294642699268,3.640453856406663,far-left,0.0,True,0
PER,2021,4,38.0,8,2.823860469503429,5.175165737575828,4.0901770741671815,5.420000000000001,1.0849886634086463,0.9098229258328185,center,0.0,False,0
ROU,2012,1,52.0,8,7.370860840308428,6.650700174746426,6.686515518537288,,0.03581534379086193,1.6865155185372878,right,0.0,False,0
ROU,2012,7,82.0,8,2.764573860932978,5.408842726156072,6.686515518537288,,1.2776727923812157,1.6865155185372878,right,0.0,False,0
SWE,2014,3,66.0,8,5.257575757575758,3.854922279792746,2.3746518105849583,3.120000000000001,1.4802704692077877,2.6253481894150417,left,0.0,True,0
SWE,2014,5,51.0,8,6.549019607843137,1.4335038363171355,2.3746518105849583,3.120000000000001,0.9411479742678228,2.6253481894150417,left,0.0,True,0
TUR,2011,3,49.0,8,1.4174111786858996,2.294943275457991,2.396661611857534,0.25,0.10171833639954286,2.603338388142466,left,0.0,False,0
