code,year,in_letter,out_warmth,n_sup,party_lr,vote_share,extremeness,bloc,fptp,tier,micro
ALB,2005,0,1.7891628944208893,374.0,8.838161838161838,44.05999999999999,3.838161838161838,right,0.0,False,0
ALB,2005,1,3.2416732664958743,234.0,1.5099800399201597,39.440000000000005,3.4900199600798403,left,0.0,False,0
ALB,2005,4,3.658333882485499,73.0,2.795505617977528,8.230000000000002,2.204494382022472,left,0.0,False,0
ALB,2017,0,2.1604817228904656,432.0,2.6621499548328815,48.34,2.3378500451671185,left,0.0,False,0
ALB,2017,1,1.9850660292664868,196.0,7.532588454376164,28.849999999999998,2.532588454376164,right,0.0,False,0
ARG,2015,0,2.9761281883584045,278.0,5.281840591618734,37.4,0.2818405916187343,center,0.0,False,0
ARG,2015,6,3.00257490040422,144.0,5.670843776106934,,0.6708437761069339,center,0.0,False,0
ARG,2015,7,2.8522509403476644,42.0,4.912521440823328,,0.08747855917667202,center,0.0,False,0
ARG,2015,8,5.768263632901399,170.0,5.485221674876847,,0.485221674876847,center,0.0,False,0
AUS,1996,0,3.5641768679265438,605.0,4.327659574468085,38.699999999999996,0.6723404255319148,center,1.0,True,0
AUS,1996,1,3.4597238674277193,597.0,6.446453407510431,38.60000000000001,1.4464534075104307,right,1.0,True,0
AUS,1996,2,4.971744679544389,76.0,6.50074294205052,8.200000000000001,1.50074294205052,right,1.0,True,0
AUS,1996,3,4.084016299570378,52.0,4.687640449438202,6.700000000000001,0.31235955056179776,center,1.0,True,0
AUS,2004,0,3.7925545833840713,674.0,7.03542234332425,40.470000000000006,2.0354223433242504,right,1.0,True,0
AUS,2004,1,3.2591929224426996,512.0,4.313904494382022,37.63999999999999,0.6860955056179776,center,1.0,True,0
AUS,2004,2,4.017766092883459,83.0,3.2125,7.189999999999999,1.7875,left,1.0,True,0
AUS,2004,3,5.460145920666637,52.0,6.586360266864344,5.89,1.586360266864344,right,1.0,True,0
AUS,2007,0,3.107364672164646,638.0,4.348688419705694,43.38,0.6513115802943057,center,1.0,True,0
AUS,2007,1,3.660927553068083,666.0,6.846056782334385,36.279999999999994,1.8460567823343847,right,1.0,True,0
AUS,2007,2,4.846712407089766,66.0,6.565100671140939,5.490000000000001,1.5651006711409394,right,1.0,True,0
AUS,2007,3,4.691637492647874,98.0,3.6135298057602143,7.790000000000001,1.3864701942397857,left,1.0,True,0
AUS,2013,0,2.9234333757553923,1420.0,6.49568265614546,40.940000000000005,1.4956826561454601,right,1.0,True,0
AUS,2013,1,2.970839448868874,1356.0,4.166888603354759,33.38,0.8331113966452408,center,1.0,True,0
AUS,2013,2,3.5479897771603626,234.0,2.985480833246824,8.650000000000002,2.014519166753176,left,1.0,True,0
AUS,2013,4,4.701615664028812,147.0,6.201721718938967,4.609999999999999,1.201721718938967,right,1.0,True,0
AUS,2019,0,3.2319041511339486,570.0,6.424511062536049,36.659999999999975,1.424511062536049,right,1.0,True,0
AUS,2019,1,3.719917926274109,467.0,3.899561830833693,33.34000000000002,1.1004381691663072,left,1.0,True,0
AUS,2019,2,4.053688093125963,239.0,3.0045632024512043,10.400000000000002,1.9954367975487957,left,1.0,True,0
AUS,2019,3,4.995533461945491,60.0,6.175591801910037,4.509999999999999,1.1755918019100369,right,1.0,True,0
AUS,2019,5,3.3648586693383686,39.0,6.396461279473314,3.079999999999999,1.3964612794733142,right,1.0,True,0
AUT,2008,0,3.253123759342246,281.0,2.993937037431632,29.300000000000008,2.006062962568368,left,0.0,True,0
AUT,2008,1,3.0725444871184093,277.0,5.694807606712212,26.0,0.694807606712212,center,0.0,True,0
AUT,2008,2,3.234360521899592,111.0,7.953473482224042,17.5,2.953473482224042,right,0.0,True,0
AUT,2008,3,3.905581911353668,47.0,7.366314487312008,10.7,2.3663144873120077,right,0.0,True,0
AUT,2008,4,3.2983684835392015,69.0,2.5650281672048383,10.400000000000002,2.4349718327951617,left,0.0,True,0
AUT,2013,0,3.0068855370662284,189.0,3.8447691152249335,26.819999999999997,1.1552308847750665,left,0.0,True,0
AUT,2013,1,3.598304707930588,170.0,5.504048158188782,23.990000000000002,0.5040481581887821,center,0.0,True,0
AUT,2013,2,3.5995576596327696,61.0,7.210469541395964,20.509999999999998,2.2104695413959643,right,0.0,True,0
AUT,2013,3,3.032745061049607,86.0,3.1685284120219372,12.419999999999998,1.8314715879780628,left,0.0,True,0
AUT,2017,0,3.9944727999244867,303.0,6.277252549137649,31.470000000000002,1.277252549137649,right,0.0,True,0
AUT,2017,1,3.088666438690338,266.0,3.467966142155906,26.86000000000001,1.5320338578440942,left,0.0,True,0
AUT,2017,2,3.895077055576213,163.0,7.993293714746346,25.97,2.993293714746346,right,0.0,True,0
AUT,2017,4,2.8396489657252966,33.0,2.897417426267105,4.409999999999999,2.102582573732895,left,0.0,True,0
AUT,2017,5,3.202845573106633,55.0,2.4695908599739886,3.8000000000000007,2.5304091400260114,left,0.0,True,0
BEL,1999,0,4.200957754438533,393.0,5.694606980426412,23.494338565022417,0.6946069804264123,center,0.0,True,0
BEL,1999,1,4.417607718549214,433.0,4.43581471638121,23.394947830862165,0.56418528361879,center,0.0,True,0
BEL,1999,2,4.22016991315418,231.0,3.7809856170091938,16.563092842770907,1.2190143829908062,left,0.0,True,0
BEL,1999,3,4.146816961699793,132.0,6.938057272718021,14.824608501118568,1.9380572727180212,right,0.0,True,0
BEL,1999,4,4.338527211391813,250.0,3.6215448262323098,11.599999999999996,1.3784551737676902,left,0.0,True,0
BEL,1999,5,4.429870735163013,146.0,5.1534213227046,7.135785824345145,0.15342132270459974,center,0.0,True,0
BEL,2019,0,3.718147688096198,278.0,5.723188066230272,25.724404907975458,0.7231880662302723,center,0.0,True,0
BEL,2019,1,3.2697091954535105,181.0,8.186673154964373,19.393605442176874,3.1866731549643728,right,0.0,True,0
BEL,2019,2,3.791376846411268,223.0,4.373278374917715,14.450346106304076,0.6267216250822853,center,0.0,True,0
BEL,2019,3,3.7003765210961137,148.0,4.2946643423945,13.619065420560746,0.7053356576054997,center,0.0,True,0
BEL,2019,4,3.500298658107123,101.0,3.6151338474430332,10.772608158220024,1.3848661525569668,left,0.0,True,0
BEL,2019,5,3.750813685273191,113.0,3.865226641274131,7.609740998104865,1.134773358725869,left,0.0,True,0
BEL,2019,6,3.161044058750371,43.0,3.429570700532933,4.7078061224489804,1.570429299467067,left,0.0,True,0
BGR,2001,0,2.5661457766576063,485.0,6.5138565830266515,42.74000000000001,1.5138565830266515,right,0.0,False,0
BGR,2001,1,2.922277056254102,156.0,8.812061181388303,18.180000000000003,3.8120611813883034,right,0.0,False,0
BGR,2001,3,4.970263276360186,72.0,5.127437489380596,7.450000000000002,0.12743748938059607,center,0.0,False,0
BGR,2001,4,4.229742120622728,36.0,5.774712801186568,3.63,0.7747128011865678,center,0.0,False,0
BGR,2014,0,1.718652213737634,201.0,7.52580755711474,32.670000000000016,2.5258075571147396,right,0.0,False,0
BGR,2014,1,1.4358158545893682,140.0,1.1798392505258708,15.400000000000004,3.8201607494741294,left,0.0,False,0
BGR,2014,2,2.616205778650375,54.0,4.384616159172491,14.839999999999998,0.6153838408275094,center,0.0,False,0
BGR,2014,3,2.7598908812592646,50.0,8.02954666345129,8.89,3.02954666345129,right,0.0,False,0
BRA,2002,0,3.4827026708976883,777.0,3.5133607830164415,18.4,1.4866392169835585,left,0.0,False,0
BRA,2002,1,4.836468407667113,166.0,6.264709745957148,14.300000000000002,1.2647097459571484,right,0.0,False,0
BRA,2002,2,4.557688494463431,102.0,6.246134944116001,13.400000000000002,1.246134944116001,right,0.0,False,0
BRA,2002,3,4.493379344571623,257.0,6.169985472304189,13.400000000000004,1.1699854723041891,right,0.0,False,0
BRA,2002,7,5.105085877408325,30.0,4.756231428569424,4.6000000000000005,0.24376857143057595,center,0.0,False,0
BRA,2006,0,3.78583942550093,48.0,5.71965677810535,14.599999999999996,0.7196567781053496,center,0.0,False,0
BRA,2006,1,3.133575712047892,242.0,4.039862642820136,15.0,0.9601373571798639,center,0.0,False,0
BRA,2006,2,3.28530456225679,59.0,5.768046150632781,13.599999999999996,0.7680461506327809,center,0.0,False,0
BRA,2010,0,3.6624644146563323,636.0,4.618723404255319,16.900000000000002,0.38127659574468087,center,0.0,False,0
BRA,2010,1,4.444968296489559,128.0,6.1878557874762805,13.0,1.1878557874762805,right,0.0,False,0
BRA,2010,2,3.6726054117491076,190.0,5.877513711151737,11.900000000000002,0.877513711151737,center,0.0,False,0
BRA,2014,0,3.4095573516411095,480.0,4.303560651780326,13.940000000000001,0.6964393482196742,center,0.0,False,0
BRA,2014,1,3.3809047059257296,204.0,5.706307490144547,11.39,0.706307490144547,center,0.0,False,0
BRA,2014,2,4.3175342542865645,81.0,5.613874345549738,11.099999999999998,0.6138743455497382,center,0.0,False,0
BRA,2018,0,1.860040740662873,145.0,5.723065250379363,11.64,0.7230652503793626,center,0.0,False,0
BRA,2018,1,3.149555429843024,228.0,3.374533830580714,10.289999999999996,1.625466169419286,left,0.0,False,0
BRA,2018,2,3.3698818578756056,31.0,4.985849056603773,5.990000000000002,0.0141509433962268,center,0.0,False,0
BRA,2018,5,4.104940717063813,33.0,4.603648424543947,5.53,0.3963515754560527,center,0.0,False,0
CAN,1997,0,2.9584475071222838,338.0,5.408955223880597,38.5,0.40895522388059735,center,1.0,False,0
CAN,1997,1,2.8459450626570355,162.0,5.96141975308642,19.400000000000002,0.9614197530864201,center,1.0,False,0
CAN,1997,2,3.5111234982861323,151.0,5.9077961019490255,18.800000000000004,0.9077961019490255,center,1.0,False,0
CAN,1997,3,3.1155369471063534,137.0,3.3616858237547893,11.0,1.6383141762452107,left,1.0,False,0
CAN,1997,4,2.2913559668177212,110.0,3.599250936329588,10.700000000000003,1.4007490636704119,left,1.0,False,0
CAN,2004,0,3.2941163172497663,423.0,5.069090909090909,36.73,0.06909090909090931,center,1.0,False,0
CAN,2004,1,2.7167512070466873,360.0,6.278026905829597,29.630000000000003,1.2780269058295968,right,1.0,False,0
CAN,2004,2,3.2028970771165337,178.0,3.3832831325301207,15.680000000000003,1.6167168674698793,left,1.0,False,0
CAN,2004,3,3.137944073844245,88.0,3.684608915054668,12.390000000000002,1.315391084945332,left,1.0,False,0
CAN,2008,0,2.8206581531615784,528.0,6.921215880893301,37.69999999999999,1.9212158808933006,right,1.0,False,0
CAN,2008,1,3.5304766463068082,385.0,4.999374609130706,26.300000000000008,0.000625390869293696,center,1.0,False,0
CAN,2008,2,3.2413972242637588,116.0,3.68279198341396,10.0,1.31720801658604,left,1.0,False,0
CAN,2008,3,3.5593965159985608,212.0,3.5252844500632112,18.199999999999996,1.4747155499367888,left,1.0,False,0
CAN,2008,4,3.8824168763201397,68.0,3.4353019243530194,6.799999999999998,1.5646980756469806,left,1.0,False,0
CAN,2011,0,3.3306691252347655,291.0,7.088775510204082,39.63000000000001,2.0887755102040817,right,1.0,False,0
CAN,2011,1,3.998068345697411,188.0,3.4210526315789473,30.649999999999995,1.5789473684210527,left,1.0,False,0
CAN,2011,2,4.381010115462225,208.0,5.050463439752832,18.900000000000002,0.05046343975283207,center,1.0,False,0
CAN,2011,3,4.6964364171897,47.0,3.695259593679458,6.049999999999998,1.304740406320542,left,1.0,False,0
CAN,2011,4,4.5184649489983295,33.0,3.310077519379845,3.89,1.689922480620155,left,1.0,False,0
CAN,2015,0,4.41890321271818,388.0,4.850085178875639,39.47,0.14991482112436127,center,1.0,False,0
CAN,2015,1,3.6998035331815644,285.0,7.38232795242141,31.910000000000007,2.3823279524214103,right,1.0,False,0
CAN,2015,2,4.165272531175438,178.0,3.4850299401197606,19.72,1.5149700598802394,left,1.0,False,0
CAN,2015,3,3.9929518186950212,32.0,4.000945179584121,4.670000000000001,0.9990548204158793,center,1.0,False,0
CAN,2015,4,4.787257238810714,44.0,3.08503100088574,3.43,1.9149689991142602,left,1.0,False,0
CAN,2019,0,2.962592602209139,689.0,6.896624649183683,34.34000000000001,1.896624649183683,right,1.0,False,0
CAN,2019,1,4.089714715002651,656.0,4.400080595110253,33.12,0.5999194048897474,center,1.0,False,0
CAN,2019,2,4.110575675066161,438.0,3.3519152013465834,15.98,1.6480847986534166,left,1.0,False,0
CAN,2019,3,4.0881113053814255,94.0,4.454362121638477,7.629999999999998,0.5456378783615232,center,1.0,False,0
CAN,2019,4,4.508587739571859,209.0,3.1877096577141466,6.549999999999999,1.8122903422858534,left,1.0,False,0
CAN,2019,5,3.742647746164834,54.0,7.193252071421027,1.6200000000000008,2.1932520714210266,right,1.0,False,0
CHE,1999,0,4.211153368336128,295.0,7.595155709342561,22.5,2.595155709342561,right,0.0,True,0
CHE,1999,1,4.122823179978936,400.0,3.29228998849252,22.4,1.70771001150748,left,0.0,True,0
CHE,1999,2,4.219369765323019,266.0,6.156305506216697,19.900000000000002,1.1563055062166967,right,0.0,True,0
CHE,1999,3,4.710756457458674,149.0,5.541148608644169,15.800000000000002,0.5411486086441686,center,0.0,True,0
CHE,1999,4,4.42132585596712,53.0,3.029166666666667,5.0,1.9708333333333332,left,0.0,True,0
CHE,2003,0,3.6332262803610247,225.0,8.173469387755102,26.729999999999993,3.1734693877551017,right,0.0,True,0
CHE,2003,1,3.3180710552243746,312.0,2.8180392156862744,23.329999999999995,2.1819607843137256,left,0.0,True,0
CHE,2003,2,3.8931715169586303,163.0,6.224522292993631,17.3,1.2245222929936306,right,0.0,True,0
CHE,2003,3,4.223721587812145,105.0,5.478930307941654,14.379999999999999,0.4789303079416536,center,0.0,True,0
CHE,2003,4,3.963356635428691,77.0,2.905480540111199,7.4,2.094519459888801,left,0.0,True,0
CHE,2007,0,3.705305572964892,237.0,8.119630812921548,28.899999999999995,3.1196308129215478,right,0.0,True,0
CHE,2007,1,3.552850840317463,219.0,2.855249014690075,19.5,2.144750985309925,left,0.0,True,0
CHE,2007,2,4.273379006826439,138.0,6.114988978692138,15.799999999999999,1.1149889786921383,right,0.0,True,0
CHE,2007,3,4.257089625440652,155.0,5.350511695906433,14.5,0.35051169590643294,center,0.0,True,0
CHE,2007,4,4.130089310360196,75.0,3.0240747394897594,9.599999999999998,1.9759252605102406,left,0.0,True,0
CHE,2011,0,4.148637733978063,247.0,8.32057298098296,26.60000000000001,3.320572980982959,right,0.0,True,0
CHE,2011,1,3.607744567065394,381.0,2.7606858846918487,18.699999999999996,2.2393141153081513,left,0.0,True,0
CHE,2011,2,4.24195356445748,201.0,6.301647655259822,15.099999999999998,1.3016476552598224,right,0.0,True,0
CHE,2011,3,4.137952182012757,162.0,5.379730759461519,12.3,0.3797307594615189,center,0.0,True,0
CHE,2011,4,4.163825315893748,120.0,3.2552395209580838,8.400000000000002,1.7447604790419162,left,0.0,True,0
CHL,2005,0,3.8130446034424557,69.0,8.960390137835136,22.36,3.9603901378351356,right,0.0,True,0
CHL,2005,1,3.7024262340430383,119.0,5.183816642208058,20.76,0.1838166422080576,center,0.0,True,0
CHL,2005,2,4.37173751759894,99.0,3.9590992458019696,15.42,1.0409007541980304,left,0.0,True,0
CHL,2005,3,4.280130607760734,88.0,8.260492691764272,14.120000000000001,3.260492691764272,right,0.0,True,0
CHL,2005,4,3.6684124558529794,129.0,2.876064937225083,10.049999999999997,2.123935062774917,left,0.0,True,0
CHL,2005,5,2.584814056097509,45.0,1.1607995015147063,5.140000000000001,3.839200498485294,left,0.0,True,0
CHL,2009,0,3.9894690964286763,64.0,9.184377517288043,25.589999999999993,4.184377517288043,right,0.0,True,0
CHL,2009,1,4.720123511509116,136.0,8.723957802677655,18.509999999999994,3.7239578026776545,right,0.0,True,0
CHL,2009,2,3.5440155626683323,97.0,5.054414740329515,14.919999999999996,0.05441474032951543,center,0.0,True,0
CHL,2009,3,3.8000404776452767,32.0,4.114825521316052,12.99,0.8851744786839477,center,0.0,True,0
CHL,2009,4,3.19268687377582,70.0,2.9929982773179096,9.900000000000002,2.0070017226820904,left,0.0,True,0
CHL,2017,0,3.0622970867064927,114.0,7.90816861409298,17.81,2.90816861409298,right,0.0,True,0
CHL,2017,1,3.1716574165399987,47.0,8.210377152942918,15.98,3.210377152942918,right,0.0,True,0
CHL,2017,2,2.463555399665118,48.0,4.492470973554163,10.280000000000001,0.5075290264458374,center,0.0,True,0
CHL,2017,3,2.2209146096706958,74.0,2.5808839218107296,9.760000000000002,2.4191160781892704,left,0.0,True,0
CHL,2017,5,1.5928708616537466,37.0,2.9564691874970213,5.72,2.0435308125029787,left,0.0,True,0
CHL,2017,6,2.0104313970738006,38.0,1.5488387765975726,4.590000000000001,3.451161223402427,left,0.0,True,0
CRI,2018,0,3.4111781274600728,139.0,6.0796141845483485,19.490000000000002,1.0796141845483485,right,0.0,True,0
CRI,2018,1,3.306854959580611,91.0,5.473499704184517,18.16,0.47349970418451726,center,0.0,True,0
CRI,2018,2,3.3095928847977314,124.0,4.7254339067253435,16.270000000000003,0.27456609327465653,center,0.0,True,0
CRI,2018,3,3.950534243366059,54.0,5.389201087243431,14.599999999999998,0.38920108724343105,center,0.0,True,0
CZE,1996,0,2.896118760161599,305.0,8.934276206322796,29.599999999999998,3.934276206322796,right,0.0,True,0
CZE,1996,1,3.094577361703158,192.0,3.382978723404255,26.400000000000002,1.6170212765957448,left,0.0,True,0
CZE,1996,2,3.099976163059329,94.0,0.5964912280701754,10.299999999999999,4.4035087719298245,left,0.0,True,0
CZE,1996,3,4.187001360972912,84.0,6.1962296486718085,8.100000000000001,1.1962296486718085,right,0.0,True,0
CZE,1996,4,3.2337511977004145,58.0,5.9340344168260035,8.099999999999998,0.9340344168260035,center,0.0,True,0
CZE,1996,5,4.477002457002458,74.0,7.381478334749363,6.3999999999999995,2.381478334749363,right,0.0,True,0
CZE,2002,0,3.402575800616123,143.0,2.6955530216647663,30.199999999999992,2.3044469783352337,left,0.0,True,0
CZE,2002,1,3.195844807643197,113.0,8.243428571428572,24.47,3.2434285714285718,right,0.0,True,0
CZE,2002,2,3.8200949550610184,75.0,0.7664399092970522,18.509999999999998,4.233560090702948,left,0.0,True,0
CZE,2006,0,2.593100345405984,409.0,8.761105092091007,35.379999999999995,3.7611050920910074,right,0.0,True,0
CZE,2006,1,2.930774374781276,339.0,2.9033134166214016,32.32,2.0966865833785984,left,0.0,True,0
CZE,2006,2,3.5643257604656453,160.0,1.0442286947141317,12.81,3.955771305285868,left,0.0,True,0
CZE,2006,3,4.12269378076482,73.0,6.099382369455362,7.230000000000004,1.0993823694553617,right,0.0,True,0
CZE,2006,4,3.9072146102232743,101.0,6.1883623275344934,6.29,1.1883623275344934,right,0.0,True,0
CZE,2010,0,2.700116531582188,254.0,2.665289256198347,22.079999999999995,2.334710743801653,left,0.0,True,0
CZE,2010,1,3.5604071049078407,192.0,8.264619019492025,20.220000000000002,3.2646190194920255,right,0.0,True,0
CZE,2010,2,3.4949594680874174,159.0,7.893995098039215,16.699999999999996,2.8939950980392153,right,0.0,True,0
CZE,2010,3,2.8655510710356666,117.0,1.2095350206003532,11.27,3.7904649793996468,left,0.0,True,0
CZE,2010,4,3.539819156230085,101.0,6.686390532544379,10.879999999999997,1.6863905325443787,right,0.0,True,0
CZE,2010,5,3.580863822526392,37.0,5.355878634639697,4.390000000000001,0.35587863463969693,center,0.0,True,0
CZE,2010,7,3.512673551609904,36.0,5.633247089262613,2.4400000000000004,0.6332470892626132,center,0.0,True,0
CZE,2013,0,3.4065311170705166,207.0,2.4473173884938593,20.460000000000008,2.5526826115061407,left,0.0,True,0
CZE,2013,1,3.295168306288689,123.0,6.029325513196481,18.66,1.029325513196481,right,0.0,True,0
CZE,2013,2,3.384739848130422,124.0,1.138780804150454,14.91,3.861219195849546,left,0.0,True,0
CZE,2013,3,3.1032119390395208,79.0,8.149440421329823,12.0,3.149440421329823,right,0.0,True,0
CZE,2013,4,3.281674023150725,56.0,8.429407937540663,7.730000000000004,3.429407937540663,right,0.0,True,0
CZE,2013,6,3.508150616719949,44.0,4.841677943166441,6.78,0.15832205683355927,center,0.0,True,0
CZE,2017,0,3.1681586274767826,263.0,6.5109717868338555,29.639999999999993,1.5109717868338555,right,0.0,True,0
CZE,2017,1,3.2873608965362977,91.0,8.268801191362622,11.319999999999999,3.2688011913626216,right,0.0,True,0
CZE,2017,2,3.1449643500432787,116.0,6.151598173515982,10.799999999999999,1.151598173515982,right,0.0,True,0
CZE,2017,3,3.2119980094369907,64.0,5.889699179580674,10.64,0.8896991795806741,center,0.0,True,0
CZE,2017,4,2.8958436816092186,78.0,1.355783308931186,7.769999999999997,3.644216691068814,left,0.0,True,0
CZE,2017,5,3.6381688653233866,80.0,3.1479289940828403,7.279999999999999,1.8520710059171597,left,0.0,True,0
CZE,2017,6,3.0313292923690343,45.0,5.153069153069153,5.799999999999999,0.15306915306915325,center,0.0,True,0
CZE,2021,1,2.5948965361972554,220.0,5.295317110033847,27.13,0.29531711003384675,center,0.0,True,0
CZE,2021,3,2.975335065567501,68.0,5.678437130511579,9.56,0.6784371305115791,center,0.0,True,0
CZE,2021,4,3.80105537395687,60.0,3.0445694837116077,4.659999999999999,1.9554305162883923,left,0.0,True,0
CZE,2021,5,2.5865120311394825,50.0,7.950558502518776,3.6100000000000003,2.950558502518776,right,0.0,True,0
CZE,2021,8,3.5794076335475435,37.0,6.688569729539248,,1.6885697295392479,right,0.0,True,0
DEU,1998,0,3.4336664327393818,500.0,3.3732270461816336,43.899999999999984,1.6267729538183664,left,0.0,True,0
DEU,1998,1,4.2129894262473515,277.0,5.828673336320737,32.199999999999996,0.8286733363207368,center,0.0,True,0
DEU,1998,2,4.777915226345108,38.0,6.355572493058759,7.299999999999998,1.3555724930587587,right,0.0,True,0
DEU,1998,3,4.507429157619762,106.0,2.8337623117998727,4.9,2.1662376882001273,left,0.0,True,0
DEU,1998,4,5.025394868244756,42.0,4.963991620058089,4.899999999999999,0.03600837994191064,center,0.0,True,0
DEU,1998,5,4.012181031682428,118.0,2.3148418110682836,5.1000000000000005,2.6851581889317164,left,0.0,True,0
DEU,2002,0,3.5469237931691406,809.0,3.3777913077703707,38.5,1.6222086922296293,left,0.0,True,0
DEU,2002,1,3.951385298337294,701.0,6.187750042151253,29.5,1.1877500421512526,right,0.0,True,0
DEU,2002,2,4.4817456525501935,66.0,6.730706868884397,9.0,1.730706868884397,right,0.0,True,0
DEU,2002,3,4.404480274716544,254.0,2.943146370242982,8.6,2.056853629757018,left,0.0,True,0
DEU,2002,4,4.468261362121808,106.0,5.0450431085129885,7.399999999999999,0.04504310851298854,center,0.0,True,0
DEU,2002,5,3.9640978236431472,179.0,2.128816992600771,4.0,2.871183007399229,left,0.0,True,0
DEU,2005,0,3.501705686139669,624.0,3.691980999528914,34.19999999999999,1.308019000471086,left,0.0,True,0
DEU,2005,1,3.7110592931949724,475.0,6.122066015942058,27.800000000000008,1.1220660159420577,right,0.0,True,0
DEU,2005,2,4.163614054428826,102.0,5.23686794253966,9.8,0.23686794253965981,center,0.0,True,0
DEU,2005,3,3.3271263221761007,203.0,1.199239492745715,8.700000000000001,3.800760507254285,left,0.0,True,0
DEU,2005,4,4.127882415648605,145.0,3.3503316174653603,8.099999999999996,1.6496683825346397,left,0.0,True,0
DEU,2005,5,4.632408589408875,55.0,6.550125276021966,7.400000000000002,1.5501252760219657,right,0.0,True,0
DEU,2009,0,4.5177904583387125,445.0,6.427421240227554,27.27,1.4274212402275541,right,0.0,True,0
DEU,2009,1,4.155219028941621,326.0,3.646715088993212,23.029999999999998,1.3532849110067882,left,0.0,True,0
DEU,2009,2,4.2664555014000225,112.0,5.843514877826862,14.560000000000002,0.8435148778268617,center,0.0,True,0
DEU,2009,3,3.558540934276772,189.0,1.1519584363856805,11.889999999999997,3.8480415636143195,left,0.0,True,0
DEU,2009,4,4.1586827988121335,120.0,3.2768689133338014,10.710000000000004,1.7231310866661986,left,0.0,True,0
DEU,2009,5,4.3991860862701575,62.0,6.9750500281201,6.530000000000001,1.9750500281201004,right,0.0,True,0
DEU,2013,0,4.498583121718096,299.0,6.154317376079215,34.13,1.1543173760792147,right,0.0,True,0
DEU,2013,1,4.2807899504365095,392.0,3.684293225436426,25.73,1.3157067745635742,left,0.0,True,0
DEU,2013,2,3.8409926339878533,147.0,1.1558549548149684,8.590000000000003,3.844145045185032,left,0.0,True,0
DEU,2013,3,4.828968224047399,105.0,3.319749926116405,8.450000000000001,1.6802500738835948,left,0.0,True,0
DEU,2013,4,5.372217065545404,33.0,6.881042647822964,7.420000000000001,1.881042647822964,right,0.0,True,0
DEU,2017,1,4.694370422453086,327.0,3.471074062403725,20.51,1.528925937596275,left,0.0,True,0
DEU,2017,2,3.7382514254140466,81.0,8.858021926157987,12.639999999999997,3.8580219261579867,right,0.0,True,0
DEU,2017,3,5.162739447314074,107.0,4.908356577478022,10.75,0.09164342252197777,center,0.0,True,0
DEU,2017,4,4.345100308633426,162.0,1.1402754426233515,9.239999999999998,3.8597245573766488,left,0.0,True,0
DEU,2017,5,4.892684073372303,200.0,3.2045092135615403,8.940000000000001,1.7954907864384597,left,0.0,True,0
DEU,2017,6,5.531479135212827,45.0,6.032272408645631,6.170000000000001,1.032272408645631,right,0.0,True,0
DEU,2021,0,4.157627116311096,563.0,3.3197929404408013,25.740000000000002,1.6802070595591987,left,0.0,True,0
DEU,2021,2,4.4983052556302106,508.0,3.020367635599159,14.75,1.9796323644008411,left,0.0,True,0
DEU,2021,3,4.384396454313402,217.0,5.053965153777644,11.460000000000003,0.05396515377764377,center,0.0,True,0
DEU,2021,4,3.0248626877560487,118.0,8.633411072657431,10.340000000000002,3.633411072657431,right,0.0,True,0
DEU,2021,5,4.683790058384876,90.0,5.936386576337345,5.170000000000001,0.9363865763373447,center,0.0,True,0
DEU,2021,6,3.933709282856364,177.0,0.9038540340588407,4.89,4.096145965941159,left,0.0,True,0
DNK,1998,0,3.5979266209771734,528.0,4.338157786486184,35.899999999999984,0.6618422135138156,center,0.0,True,0
DNK,1998,1,3.987485827685327,450.0,7.55949724797851,24.0,2.55949724797851,right,0.0,True,0
DNK,1998,2,4.754303641864971,176.0,7.237451921871006,8.900000000000002,2.2374519218710063,right,0.0,True,0
DNK,1998,3,4.223117876453358,161.0,2.516842209617306,7.599999999999999,2.483157790382694,left,0.0,True,0
DNK,1998,4,4.248485969359644,59.0,8.625655524548053,7.400000000000002,3.625655524548053,right,0.0,True,0
DNK,1998,5,5.114055055471965,35.0,5.534038214562317,4.299999999999998,0.534038214562317,center,0.0,True,0
DNK,2001,0,4.185092505956492,542.0,7.323958333333334,31.199999999999992,2.3239583333333336,right,0.0,True,0
DNK,2001,1,3.6262606137925637,517.0,4.378645833333334,29.10000000000001,0.6213541666666664,center,0.0,True,0
DNK,2001,2,4.655939451873645,125.0,8.125799573560768,12.0,3.1257995735607675,right,0.0,True,0
DNK,2001,3,5.04540497016484,162.0,6.978757302177376,9.099999999999998,1.9787573021773763,right,0.0,True,0
DNK,2001,4,3.9176715318427178,146.0,2.7779569892473117,6.400000000000001,2.2220430107526883,left,0.0,True,0
DNK,2001,5,4.224215931045441,100.0,4.611725663716814,5.200000000000001,0.3882743362831862,center,0.0,True,0
DNK,2001,6,3.5474112558544264,41.0,1.4722222222222223,2.3999999999999995,3.5277777777777777,left,0.0,True,0
DNK,2007,0,4.4573348172516845,359.0,7.428350116189001,26.3,2.4283501161890007,right,0.0,True,0
DNK,2007,1,4.01011992238935,281.0,4.373831775700935,25.5,0.6261682242990654,center,0.0,True,0
DNK,2007,2,4.978072151649348,117.0,7.9984177215189876,13.900000000000004,2.9984177215189876,right,0.0,True,0
DNK,2007,3,4.027947012374704,239.0,2.9700078926598263,13.0,2.0299921073401737,left,0.0,True,0
DNK,2007,4,4.948058879201853,117.0,7.421591804570528,10.400000000000002,2.421591804570528,right,0.0,True,0
DNK,2007,5,4.55137738592517,88.0,4.622792937399679,5.1000000000000005,0.3772070626003208,center,0.0,True,0
DNK,2007,7,3.4867955839413236,33.0,1.398687448728466,2.1999999999999997,3.6013125512715343,left,0.0,True,0
DNK,2019,0,4.250843105531811,203.0,4.432454170078711,25.569999999999997,0.567545829921289,center,0.0,True,0
DNK,2019,1,3.956447968053793,211.0,6.791261246052906,23.090000000000003,1.7912612460529056,right,0.0,True,0
DNK,2019,2,4.680123474790956,69.0,7.182835925579733,8.620000000000001,2.1828359255797327,right,0.0,True,0
DNK,2019,3,4.729384623599563,120.0,4.4750531052321225,8.519999999999998,0.5249468947678775,center,0.0,True,0
DNK,2019,4,4.400783057471316,124.0,2.4129599557677244,7.610000000000001,2.5870400442322756,left,0.0,True,0
DNK,2019,5,3.7021274135238347,83.0,1.3012001195131968,6.85,3.698799880486803,left,0.0,True,0
DNK,2019,6,4.587800238130027,82.0,7.084400289400833,6.54,2.0844002894008327,right,0.0,True,0
DNK,2019,7,4.146799668285437,35.0,2.644389560570541,2.9099999999999993,2.355610439429459,left,0.0,True,0
ESP,1996,0,2.473954789568923,222.0,7.836252401630056,38.69999999999999,2.8362524016300563,right,0.0,True,0
ESP,1996,1,2.321826018564331,330.0,4.016096937552244,37.60000000000001,0.983903062447756,center,0.0,True,0
ESP,1996,2,3.0736911338755104,101.0,2.27918962410843,10.5,2.72081037589157,left,0.0,True,0
ESP,1996,3,3.6858851745738654,41.0,5.763656532100888,4.600000000000001,0.7636565321008879,center,0.0,True,0
ESP,2000,0,2.9085774557089614,305.0,7.109447767663317,45.19999999999999,2.109447767663317,right,0.0,True,0
ESP,2000,1,3.2734377512227404,213.0,3.706513545198292,34.69999999999999,1.293486454801708,left,0.0,True,0
ESP,2000,2,3.5106170683994398,61.0,2.2515019894803783,5.5,2.7484980105196217,left,0.0,True,0
ESP,2000,3,4.777571760453745,39.0,5.903922204230825,4.2,0.9039222042308248,center,0.0,True,0
ESP,2004,0,2.2683725922439373,405.0,3.2963730805123883,42.59,1.7036269194876117,left,0.0,True,0
ESP,2004,1,3.189504859605132,262.0,7.82149998512004,37.709999999999994,2.82149998512004,right,0.0,True,0
ESP,2004,2,3.9313098760911287,48.0,1.8626390148566074,4.96,3.137360985143393,left,0.0,True,0
ESP,2008,0,2.3461843400414115,450.0,3.0799146684418166,44.360000000000014,1.9200853315581834,left,0.0,True,0
ESP,2008,1,1.9544261477331233,291.0,7.738570876207332,40.38999999999999,2.7385708762073318,right,0.0,True,0
ESP,2008,5,3.2874472331712945,50.0,1.6088447121641973,3.81,3.3911552878358027,left,0.0,True,0
EST,2011,0,3.9949896129607145,130.0,7.728792914500607,28.6,2.728792914500607,right,0.0,True,0
EST,2011,1,2.608056951357319,180.0,3.2149507957805032,23.30000000000001,1.7850492042194968,left,0.0,True,0
EST,2011,2,4.629133185960948,111.0,6.99127062220244,20.5,1.9912706222024399,right,0.0,True,0
EST,2011,3,4.092829858050264,124.0,4.675745059741509,17.099999999999994,0.32425494025849133,center,0.0,True,0
EST,2011,5,4.323943104202618,36.0,4.920974620415804,3.8000000000000003,0.07902537958419575,center,0.0,True,0
FIN,2003,0,4.249571211087541,164.0,6.191163210099188,24.699999999999996,1.1911632100991882,right,0.0,True,0
FIN,2003,1,4.191094731410096,216.0,4.72579185520362,24.5,0.27420814479638,center,0.0,True,0
FIN,2003,2,4.437676972039861,112.0,7.464711274060495,18.599999999999994,2.4647112740604946,right,0.0,True,0
FIN,2003,3,4.118112299381186,67.0,2.3405797101449277,9.9,2.6594202898550723,left,0.0,True,0
FIN,2003,4,4.704852449109704,86.0,4.74412041392286,8.0,0.2558795860771399,center,0.0,True,0
FIN,2003,5,4.851034370555644,56.0,5.8451369216241735,5.299999999999999,0.8451369216241735,center,0.0,True,0
FIN,2003,6,4.83503905728885,66.0,6.102955195424213,4.6,1.1029551954242134,right,0.0,True,0
FIN,2007,0,4.954005401199648,196.0,6.5661764705882355,23.110000000000003,1.5661764705882355,right,0.0,True,0
FIN,2007,1,4.743122163286798,188.0,7.981069958847737,22.259999999999994,2.981069958847737,right,0.0,True,0
FIN,2007,2,4.420848646744994,199.0,4.155555555555556,21.439999999999998,0.8444444444444441,center,0.0,True,0
FIN,2007,3,3.891203398676412,51.0,1.868032786885246,8.82,3.131967213114754,left,0.0,True,0
FIN,2007,4,4.7819776982762265,113.0,4.773600668337511,8.460000000000003,0.22639933166248927,center,0.0,True,0
FIN,2007,5,5.05475341756466,101.0,6.639078498293515,4.86,1.6390784982935154,right,0.0,True,0
FIN,2007,6,4.899826118284194,40.0,6.002540220152413,4.57,1.0025402201524134,right,0.0,True,0
FIN,2007,7,4.569785811189876,42.0,5.807124239791485,4.049999999999999,0.8071242397914853,center,0.0,True,0
FIN,2011,0,4.34145859011751,170.0,8.136026380873867,20.400000000000002,3.136026380873867,right,0.0,True,0
FIN,2011,1,4.171927972484576,208.0,4.292803970223325,19.099999999999998,0.7071960297766751,center,0.0,True,0
FIN,2011,2,3.950827382879202,143.0,5.511304347826087,19.099999999999998,0.511304347826087,center,0.0,True,0
FIN,2011,3,4.887209322040695,127.0,6.332510288065843,15.8,1.3325102880658433,right,0.0,True,0
FIN,2011,4,3.8580546364101562,99.0,1.888521882741536,8.1,3.1114781172584642,left,0.0,True,0
FIN,2011,5,4.406278679444186,101.0,4.863060016906171,7.299999999999998,0.13693998309382938,center,0.0,True,0
FIN,2011,6,4.25518619014539,67.0,6.852389078498294,4.3,1.8523890784982937,right,0.0,True,0
FIN,2011,7,5.224960408647618,37.0,6.025597269624574,4.0,1.0255972696245736,right,0.0,True,0
FIN,2015,0,4.561529104667151,227.0,6.430794442326432,21.099999999999998,1.430794442326432,right,0.0,True,0
FIN,2015,1,4.383786362293349,163.0,7.961085680188033,18.199999999999996,2.9610856801880328,right,0.0,True,0
FIN,2015,2,4.145214779900706,160.0,6.132940893334194,17.650000000000006,1.1329408933341938,right,0.0,True,0
FIN,2015,3,4.164812448037613,186.0,4.271830864462441,16.509999999999998,0.7281691355375592,center,0.0,True,0
FIN,2015,4,3.9876532432182086,116.0,4.770209200075764,8.53,0.22979079992423568,center,0.0,True,0
FIN,2015,5,3.7348058682075727,86.0,2.1366444298588223,7.13,2.8633555701411777,left,0.0,True,0
FIN,2015,6,4.411828388573737,34.0,6.791279232405246,4.880000000000001,1.7912792324052456,right,0.0,True,0
FIN,2015,7,5.3704238597778,44.0,6.181403925580239,3.5399999999999996,1.1814039255802387,right,0.0,True,0
FIN,2019,0,4.116199824789379,184.0,3.537355551142195,17.729999999999997,1.4626444488578052,left,0.0,True,0
FIN,2019,1,3.336426270706738,173.0,6.640724384176888,17.479999999999997,1.6407243841768882,right,0.0,True,0
FIN,2019,2,4.1992629343884325,148.0,7.822626855368828,17.0,2.822626855368828,right,0.0,True,0
FIN,2019,3,4.087296662959636,131.0,6.012624668672603,13.76,1.0126246686726033,right,0.0,True,0
FIN,2019,4,4.191304492093764,165.0,4.222476595610924,11.489999999999998,0.7775234043890764,center,0.0,True,0
FIN,2019,5,3.712752837543744,149.0,1.5883986234298533,8.17,3.4116013765701467,left,0.0,True,0
FIN,2019,6,4.186332334868391,54.0,6.312421814681746,4.53,1.3124218146817457,right,0.0,True,0
FIN,2019,7,4.666418826744673,47.0,6.04323009802745,3.899999999999999,1.0432300980274496,right,0.0,True,0
FRA,2002,0,3.0968849404161523,160.0,6.674688475462631,,1.6746884754626308,right,1.0,True,0
FRA,2002,1,2.79743474889493,32.0,7.736018755808237,,2.736018755808237,right,1.0,True,0
FRA,2002,2,3.3006671130215546,263.0,3.6213451743486265,,1.3786548256513735,left,1.0,True,0
FRA,2002,3,3.146942353565884,57.0,6.356017212655396,,1.356017212655396,right,1.0,True,0
FRA,2007,0,3.1042456390050144,705.0,7.987460370246974,39.53999999999999,2.987460370246974,right,1.0,True,0
FRA,2007,1,3.2828072911962964,558.0,3.415817319503466,24.730000000000004,1.584182680496534,left,1.0,True,0
FRA,2007,2,4.56434484923087,242.0,5.843645155081929,7.610000000000001,0.843645155081929,center,1.0,True,0
FRA,2007,3,3.7531239726884698,35.0,7.722109890700973,4.289999999999999,2.722109890700973,right,1.0,True,0
FRA,2007,4,2.515896846104183,47.0,1.9253547044343204,4.289999999999999,3.07464529556568,left,1.0,True,0
FRA,2007,5,4.046603846950467,71.0,3.426356086475329,3.25,1.5736439135246711,left,1.0,True,0
FRA,2007,6,2.8450252226988524,55.0,1.3178747515423013,2.0300000000000002,3.682125248457699,left,1.0,True,0
FRA,2012,0,3.641464745082056,611.0,3.256326821546595,,1.7436731784534052,left,1.0,True,0
FRA,2012,1,2.7800189503324555,371.0,7.74043029265662,,2.7404302926566197,right,1.0,True,0
FRA,2012,2,3.054733535227349,130.0,8.76266616407659,,3.76266616407659,right,1.0,True,0
FRA,2012,3,3.917817232936759,134.0,1.4071997522600295,,3.5928002477399703,left,1.0,True,0
FRA,2012,4,3.7637874489153402,115.0,5.156499170410082,,0.15649917041008177,center,1.0,True,0
FRA,2012,5,3.7830617158073574,92.0,3.355720694121811,,1.644279305878189,left,1.0,True,0
FRA,2017,2,2.4584087904941647,209.0,7.0870362861440075,,2.0870362861440075,right,1.0,True,0
FRA,2017,4,3.8520721364650377,163.0,3.8478807841292073,,1.1521192158707927,left,1.0,True,0
GBR,1997,0,3.0462929904762195,1033.0,3.9655606887862245,44.32999999999999,1.0344393112137755,left,1.0,False,0
GBR,1997,1,3.7226972549951722,630.0,7.172977624784854,31.449999999999996,2.1729776247848536,right,1.0,False,0
GBR,1997,2,4.473536356156939,287.0,4.71351107094442,17.19,0.2864889290555803,center,1.0,False,0
GBR,1997,3,4.0411914477494,87.0,4.469111969111969,2.0399999999999996,0.5308880308880308,center,1.0,False,0
GBR,2005,0,3.3767781319189916,260.0,4.704567633033558,36.139999999999986,0.29543236696644204,center,1.0,False,0
GBR,2005,1,2.9765747607407693,186.0,6.658799035076964,33.230000000000004,1.6587990350769637,right,1.0,False,0
GBR,2005,2,3.8619364125313442,74.0,4.389946083534688,22.650000000000002,0.6100539164653123,center,1.0,False,0
GBR,2015,0,3.2538305667945515,471.0,7.304320916440063,37.779999999999994,2.304320916440063,right,1.0,False,0
GBR,2015,1,3.0346746866116487,352.0,3.5312978361915346,31.179999999999996,1.4687021638084654,left,1.0,False,0
GBR,2015,2,3.3078642645485563,102.0,6.884220456002707,12.879999999999997,1.8842204560027067,right,1.0,False,0
GBR,2015,3,3.8148673045169104,89.0,4.790396969145362,8.06,0.20960303085463838,center,1.0,False,0
GBR,2015,4,2.8968921955890643,39.0,4.402096804628066,4.850000000000001,0.5979031953719343,center,1.0,False,0
GBR,2015,5,3.13199392949702,58.0,4.338843597830629,3.8400000000000003,0.6611564021693708,center,1.0,False,0
GBR,2017,0,2.3823409930206316,321.0,7.3267540876382515,43.489999999999995,2.3267540876382515,right,1.0,False,0
GBR,2017,1,2.565922166805232,233.0,2.7316846842666918,40.97000000000002,2.2683153157333082,left,1.0,False,0
GBR,2017,2,3.673226528904887,46.0,4.269940973240869,7.549999999999999,0.7300590267591307,center,1.0,False,0
GBR,2017,5,4.486733201003443,117.0,4.2968564127758055,1.6700000000000002,0.7031435872241945,center,1.0,False,0
GBR,2019,0,2.517251433655945,775.0,7.41695230671112,44.73000000000001,2.41695230671112,right,1.0,False,0
GBR,2019,1,2.8086565692179137,534.0,2.625714202934937,32.980000000000004,2.374285797065063,left,1.0,False,0
GBR,2019,2,3.586862360998492,199.0,4.220611992964236,11.840000000000002,0.7793880070357639,center,1.0,False,0
GBR,2019,3,3.067717099477858,73.0,3.9040225468820506,3.9799999999999995,1.0959774531179494,left,1.0,False,0
GBR,2019,4,4.083869595207682,98.0,3.2717307743606443,2.77,1.7282692256393557,left,1.0,False,0
GBR,2019,5,3.9476907575215803,39.0,7.600519268069941,2.0599999999999996,2.6005192680699407,right,1.0,False,0
GRC,2009,0,3.07269997143784,342.0,5.274226804123711,43.919999999999995,0.27422680412371125,center,0.0,False,0
GRC,2009,1,3.891748898210527,219.0,7.790890269151139,33.48000000000001,2.790890269151139,right,0.0,False,0
GRC,2009,2,2.6337855762611415,47.0,1.9947534102833158,7.540000000000003,3.005246589716684,left,0.0,False,0
GRC,2009,4,3.8087259993740132,44.0,3.247588424437299,4.600000000000001,1.752411575562701,left,0.0,False,0
GRC,2012,0,1.5084341578634652,145.0,7.61273145077914,29.66000000000001,2.6127314507791404,right,0.0,False,0
GRC,2012,1,1.94110892794002,125.0,2.8159969692127236,26.88999999999999,2.1840030307872764,left,0.0,False,0
GRC,2012,2,2.389647524286897,61.0,5.981434577177595,12.28,0.9814345771775947,center,0.0,False,0
GRC,2012,3,2.1670497842155774,40.0,6.89632654306885,7.510000000000001,1.8963265430688496,right,0.0,False,0
GRC,2012,4,2.318978184273754,36.0,9.305157358481726,6.92,4.3051573584817255,right,0.0,False,0
GRC,2012,5,3.1658184133568503,54.0,4.122364288821603,6.25,0.8776357111783968,center,0.0,False,0
GRC,2012,6,1.7522158374864916,35.0,1.0404512082351554,4.5,3.9595487917648446,left,0.0,False,0
GRC,2015,0,1.6112313189683392,394.0,3.7077454512406582,35.89268951194185,1.2922545487593418,left,0.0,False,0
GRC,2015,1,2.253952596999722,313.0,8.033238027221204,27.946762402088765,3.033238027221204,right,0.0,False,0
GRC,2015,3,2.738761428660648,128.0,6.159033769095639,6.170819758276406,1.1590337690956387,right,0.0,False,0
GRC,2015,4,1.7813093880374178,68.0,1.2645556150429622,5.510313643491897,3.735444384957038,left,0.0,False,0
GRC,2015,5,3.2332510168646214,85.0,6.617952978248608,4.418783570300159,1.6179529782486082,right,0.0,False,0
GRC,2015,6,2.6797181185728958,46.0,6.854849258084789,4.188142857142856,1.8548492580847888,right,0.0,False,0
GRC,2015,7,2.819114803791419,31.0,5.725393016640125,3.4699999999999993,0.7253930166401252,center,0.0,False,0
GRC,2019,0,1.2365268544111159,287.0,7.851976289848104,39.85,2.8519762898481043,right,0.0,False,0
GRC,2019,1,1.6518129469946004,182.0,3.905646769543094,31.529999999999998,1.094353230456906,left,0.0,False,0
GRC,2019,2,2.564571717303108,45.0,5.221604494046487,8.1,0.2216044940464874,center,0.0,False,0
GRC,2019,3,1.243519573998787,38.0,1.5391672107705183,5.3,3.4608327892294817,left,0.0,False,0
GRC,2019,4,2.265961684524348,33.0,7.8640809101734686,3.700000000000001,2.8640809101734686,right,0.0,False,0
GRC,2019,5,2.805138912613072,36.0,3.4588429708313093,3.4399999999999995,1.5411570291686907,left,0.0,False,0
HKG,1998,0,5.19735874701004,70.0,6.0094594594594595,42.60000000000001,1.0094594594594595,right,0.0,False,
HKG,2004,0,4.148158565364161,77.0,6.928730512249444,30.60000000000001,1.9287305122494436,right,0.0,False,
HKG,2004,1,4.2510293193765865,38.0,3.367758186397985,25.699999999999996,1.6322418136020151,left,0.0,False,
HKG,2008,0,2.9989467910420435,78.0,3.071309160873807,22.8,1.928690839126193,left,0.0,False,
HKG,2008,1,4.488597196359122,74.0,6.3484706470035475,20.5,1.3484706470035475,right,0.0,False,
HKG,2008,2,4.291745785667508,57.0,5.891605071995898,13.599999999999996,0.8916050719958983,center,0.0,False,
HKG,2008,3,3.8870080295084755,34.0,6.192514800218809,10.1,1.1925148002188086,right,0.0,False,
HKG,2012,0,3.1559280860200274,104.0,2.5252145289151566,20.22,2.4747854710848434,left,0.0,False,
HKG,2012,1,3.614874810140595,78.0,6.206862836728712,14.080000000000004,1.2068628367287122,right,0.0,False,
HKG,2012,2,3.9331702061791,78.0,5.885195781849751,13.650000000000006,0.8851957818497507,center,0.0,False,
HKG,2012,3,3.26514385436247,56.0,6.455699140543196,9.730000000000002,1.4556991405431958,right,0.0,False,
HKG,2012,4,4.0935599675218945,41.0,3.331020837511161,7.0600000000000005,1.668979162488839,left,0.0,False,
HKG,2012,5,4.71014462363977,32.0,5.575112133062047,6.1899999999999995,0.5751121330620466,center,0.0,False,
HKG,2016,0,3.6193602400073126,58.0,2.381322906747986,16.680000000000003,2.618677093252014,left,0.0,False,
HKG,2016,1,3.0361557529879697,91.0,6.281844201440389,9.590000000000003,1.2818442014403892,right,0.0,False,
HKG,2016,2,2.961985004902797,84.0,6.369759426512198,9.22,1.3697594265121982,right,0.0,False,
HRV,2007,0,3.286685779488292,229.0,7.652561993559791,34.90999999999998,2.6525619935597913,right,0.0,False,0
HRV,2007,1,2.972137928923624,187.0,2.033898329943142,32.5,2.966101670056858,left,0.0,False,0
HRV,2007,2,3.8104317018555482,42.0,4.014354659964328,7.049999999999998,0.9856453400356724,center,0.0,False,0
HRV,2007,3,3.806417456315393,35.0,5.388603444391176,6.769999999999998,0.3886034443911761,center,0.0,False,0
HUN,1998,0,3.436844970795537,332.0,2.9311957262185717,29.0,2.0688042737814283,left,0.0,False,0
HUN,1998,1,3.2144047170326497,292.0,6.438028793571395,25.699999999999996,1.4380287935713953,right,0.0,False,0
HUN,1998,2,3.848107810601546,140.0,7.081080906909248,12.099999999999996,2.081080906909248,right,0.0,False,0
HUN,1998,3,4.325600689281237,58.0,4.009218824870401,7.299999999999999,0.990781175129599,center,0.0,False,0
HUN,1998,4,3.8913188582667337,30.0,7.880772661620165,5.1000000000000005,2.880772661620165,right,0.0,False,0
HUN,2002,0,2.4270986085914137,409.0,1.8760416568679648,42.050000000000004,3.1239583431320352,left,0.0,False,0
HUN,2002,1,4.224702504013139,354.0,8.111892460569702,41.07000000000001,3.1118924605697025,right,0.0,False,0
HUN,2002,2,3.7332121154564155,49.0,2.873127589746689,5.5699999999999985,2.126872410253311,left,0.0,False,0
HUN,2018,0,1.6355111745352822,244.0,8.127057512779054,49.269999999999996,3.1270575127790536,right,0.0,False,0
HUN,2018,1,2.2151525330072697,128.0,7.193004371306889,19.060000000000002,2.1930043713068894,right,0.0,False,0
HUN,2018,3,2.1970319915005607,31.0,3.4416669899990673,7.060000000000001,1.5583330100009327,left,0.0,False,0
HUN,2018,4,1.5375993336957818,51.0,1.7738540106683438,5.38,3.2261459893316564,left,0.0,False,0
IND,2019,0,2.0141231296145667,1804.0,4.393138762194299,37.30000000000001,0.6068612378057008,center,1.0,False,0
IND,2019,1,2.381412478686466,1296.0,3.339502772760476,19.460000000000008,1.660497227239524,left,1.0,False,0
IND,2019,2,1.37403683050486,72.0,1.92467487859733,4.06,3.07532512140267,left,1.0,False,0
IND,2019,3,2.8314571862203333,121.0,2.21024416744305,3.6199999999999997,2.78975583255695,left,1.0,False,0
IND,2019,4,2.361353243552685,154.0,3.170224387954263,2.55,1.829775612045737,left,1.0,False,0
IND,2019,5,4.131864218570294,116.0,4.977450889203383,2.5300000000000002,0.022549110796616922,center,1.0,False,0
IND,2019,6,2.1276725037637108,110.0,3.802087445659576,2.34,1.1979125543404239,left,1.0,False,0
IND,2019,7,2.7005366408243483,56.0,3.050369661572501,2.09,1.9496303384274989,left,1.0,False,0
IND,2019,8,3.1333097807992494,83.0,2.033470762136628,1.75,2.966529237863372,left,1.0,False,0
IRL,2002,0,4.30795849315496,668.0,6.438063547194209,41.5,1.4380635471942087,right,0.0,True,0
IRL,2002,1,4.114921973001519,245.0,5.9679235988970865,22.5,0.9679235988970865,center,0.0,True,0
IRL,2002,2,4.209991544397433,94.0,3.625752142139668,10.7,1.374247857860332,left,0.0,True,0
IRL,2002,3,4.376758200920865,59.0,3.1187827631242526,6.5,1.8812172368757474,left,0.0,True,0
IRL,2002,4,5.1621869299441885,46.0,6.224695432697964,4.0,1.2246954326979642,right,0.0,True,0
IRL,2002,5,3.8269448753337874,62.0,4.387344416952596,3.7999999999999994,0.6126555830474043,center,0.0,True,0
IRL,2011,0,3.248350536547584,159.0,6.7958459802777815,36.10000000000001,1.7958459802777815,right,0.0,True,0
IRL,2011,1,3.6622583075159483,44.0,4.5072325606458365,19.449999999999996,0.49276743935416345,center,0.0,True,0
IRL,2011,2,3.7765606300371553,119.0,5.9295581693182315,17.449999999999996,0.9295581693182315,center,0.0,True,0
IRL,2011,3,3.7714786588343063,57.0,2.8247836540909015,9.94,2.1752163459090985,left,0.0,True,0
IRL,2016,0,3.5468080312746944,215.0,6.605944219639503,25.519999999999996,1.605944219639503,right,0.0,True,0
IRL,2016,1,3.4746810028367174,179.0,6.345763659134979,24.350000000000005,1.3457636591349793,right,0.0,True,0
IRL,2016,2,2.96780059445531,94.0,3.1366088851014013,13.849999999999996,1.8633911148985987,left,0.0,True,0
IRL,2016,3,4.149908468246338,54.0,4.340597525630399,6.61,0.6594024743696014,center,0.0,True,0
IRL,2016,5,3.9210572739718645,57.0,3.8253035418034664,3.0099999999999993,1.1746964581965336,left,0.0,True,0
IRL,2016,6,3.9633977577187447,34.0,4.425156631787881,2.7199999999999998,0.574843368212119,center,0.0,True,0
ISL,1999,0,4.070112504916714,509.0,8.407434402332362,40.69999999999999,3.4074344023323615,right,0.0,True,1
ISL,1999,1,3.9105831981589114,180.0,3.6471471471471473,26.699999999999996,1.3528528528528527,left,0.0,True,1
ISL,1999,2,4.8177295883440125,189.0,5.706314243759178,18.300000000000004,0.7063142437591781,center,0.0,True,1
ISL,1999,3,3.88466239069153,67.0,2.3923192771084336,9.099999999999998,2.6076807228915664,left,0.0,True,1
ISL,2003,0,4.204423380265602,364.0,8.31135225375626,33.68,3.31135225375626,right,0.0,True,1
ISL,2003,1,4.1392595579722204,299.0,4.083475298126065,30.94999999999999,0.9165247018739349,center,0.0,True,1
ISL,2003,2,4.904469171208308,167.0,6.026338147833475,17.13,1.0263381478334752,right,0.0,True,1
ISL,2003,3,4.392333159627259,97.0,2.2538200339558574,8.81,2.7461799660441426,left,0.0,True,1
ISL,2003,4,4.357280651600189,48.0,5.4904761904761905,7.379999999999999,0.4904761904761905,center,0.0,True,1
ISL,2007,0,4.109661808899836,472.0,8.161573253037252,36.60000000000001,3.1615732530372522,right,0.0,True,1
ISL,2007,1,4.394043708260879,300.0,4.838306709640279,26.800000000000004,0.1616932903597208,center,0.0,True,1
ISL,2007,2,4.1858642668901105,185.0,2.156040552565004,14.299999999999997,2.843959447434996,left,0.0,True,1
ISL,2007,3,4.465938033498919,96.0,5.584725258391225,11.700000000000001,0.5847252583912246,center,0.0,True,1
ISL,2007,4,4.445510845892814,45.0,5.526872554369206,7.299999999999998,0.5268725543692057,center,0.0,True,1
ISL,2009,0,3.931418111197479,286.0,4.253428049082313,29.800000000000008,0.7465719509176871,center,0.0,True,1
ISL,2009,1,3.538801889339275,283.0,8.110825547068988,23.699999999999996,3.1108255470689876,right,0.0,True,1
ISL,2009,2,3.8051179754222813,186.0,2.1829543832710137,21.699999999999996,2.8170456167289863,left,0.0,True,1
ISL,2009,3,3.9967746637627903,125.0,5.629443772838094,14.8,0.6294437728380942,center,0.0,True,1
ISL,2009,4,3.588868826798238,36.0,4.1092465127713345,7.200000000000002,0.8907534872286655,center,0.0,True,1
ISL,2013,0,4.533117351425787,262.0,8.317292006525285,26.699999999999992,3.3172920065252853,right,0.0,True,1
ISL,2013,1,4.583614067344333,114.0,6.25638911788953,24.430000000000003,1.2563891178895297,right,0.0,True,1
ISL,2013,2,4.232643780641407,115.0,4.228995057660626,12.849999999999996,0.7710049423393741,center,0.0,True,1
ISL,2013,3,3.766520882304759,100.0,2.278004905968929,10.870000000000001,2.721995094031071,left,0.0,True,1
ISL,2016,0,3.7504318366757086,273.0,8.548592188919164,29.0,3.548592188919164,right,0.0,True,1
ISL,2016,1,3.8626725824768893,191.0,2.192727272727273,15.900000000000004,2.807272727272727,left,0.0,True,1
ISL,2016,2,3.411955403050225,75.0,4.888568683957733,14.5,0.11143131604226664,center,0.0,True,1
ISL,2016,3,4.278254641954159,99.0,6.271468144044321,11.5,1.271468144044321,right,0.0,True,1
ISL,2016,4,4.442004855571497,53.0,3.7286585365853657,10.5,1.2713414634146343,left,0.0,True,1
ISL,2016,5,4.497376450211668,66.0,4.888568683957733,7.200000000000002,0.11143131604226664,center,0.0,True,1
ISL,2016,6,4.223870408768001,69.0,3.8192883895131087,5.700000000000002,1.1807116104868913,left,0.0,True,1
ISL,2017,0,3.894531699155336,411.0,8.384529771841958,25.25,3.384529771841958,right,0.0,True,1
ISL,2017,1,3.832459399615119,293.0,2.31347438752784,16.889999999999993,2.68652561247216,left,0.0,True,1
ISL,2017,2,4.095309004018738,227.0,3.5207033465683493,12.05,1.4792966534316507,left,0.0,True,1
ISL,2017,3,3.775571653013132,75.0,6.1267267267267265,10.870000000000001,1.1267267267267265,right,0.0,True,1
ISL,2017,4,4.51982138575097,155.0,5.73630717108978,10.710000000000004,0.7363071710897797,center,0.0,True,1
ISL,2017,5,3.562843042754296,99.0,3.6158122297714637,9.200000000000001,1.3841877702285363,left,0.0,True,1
ISL,2017,6,3.2700841511227012,50.0,4.68758344459279,6.880000000000001,0.3124165554072098,center,0.0,True,1
ISL,2017,7,4.451870857999409,77.0,6.292553191489362,6.689999999999999,1.292553191489362,right,0.0,True,1
ISR,1996,0,3.350230778466243,238.0,3.1215139442231075,27.5,1.8784860557768925,left,0.0,False,0
ISR,1996,1,3.980805900687391,156.0,7.463463463463463,25.800000000000004,2.463463463463463,right,0.0,False,0
ISR,1996,3,5.199912797035099,33.0,7.315560391730141,8.099999999999998,2.3155603917301413,right,0.0,False,0
ISR,1996,4,4.1337924730002875,52.0,1.5093360995850622,7.5,3.490663900414938,left,0.0,False,0
ISR,2003,0,3.360316175957649,197.0,7.754042553191489,29.389999999999993,2.754042553191489,right,0.0,False,0
ISR,2003,1,3.458986343020559,119.0,2.876385336743393,14.460000000000004,2.123614663256607,left,0.0,False,0
ISR,2003,2,4.390388091712043,107.0,4.884859474161378,12.28,0.11514052583862178,center,0.0,False,0
ISR,2003,3,4.281255968984406,37.0,7.00091407678245,8.22,2.0009140767824496,right,0.0,False,0
ISR,2003,4,4.182118517053792,48.0,8.242424242424242,5.53,3.242424242424242,right,0.0,False,0
ISR,2003,5,3.275411905881401,99.0,1.7563540753724802,5.21,3.2436459246275198,left,0.0,False,0
ISR,2006,0,4.233992389988058,157.0,5.1558441558441555,22.02,0.15584415584415545,center,0.0,False,0
ISR,2006,1,3.5111644686743313,103.0,3.957720588235294,15.059999999999999,1.042279411764706,left,0.0,False,0
ISR,2006,3,4.3847377551670315,78.0,6.844361602982293,8.989999999999998,1.8443616029822927,right,0.0,False,0
ISR,2006,4,3.818182225477468,101.0,7.538681948424069,8.989999999999998,2.5386819484240686,right,0.0,False,0
ISR,2006,5,3.7650729501813474,59.0,7.354838709677419,7.139999999999999,2.354838709677419,right,0.0,False,0
ISR,2013,0,4.30441391757787,133.0,7.460390355912744,23.339999999999996,2.460390355912744,right,0.0,False,0
ISR,2013,1,4.14067034096496,111.0,5.041095890410959,14.330000000000004,0.041095890410958624,center,0.0,False,0
ISR,2013,2,3.757583588725343,58.0,3.7421236872812136,11.389999999999999,1.2578763127187864,left,0.0,False,0
ISR,2013,3,5.029738177962454,79.0,7.463208685162847,9.120000000000001,2.463208685162847,right,0.0,False,0
ISR,2013,4,3.924615654813028,42.0,6.694103194103194,8.75,1.694103194103194,right,0.0,False,0
ISR,2020,0,3.0194508985676825,153.0,7.863327230641124,29.46,2.863327230641124,right,0.0,False,0
ISR,2020,1,2.986123950488533,65.0,5.264577349811508,26.589999999999993,0.2645773498115078,center,0.0,False,0
ISR,2020,2,1.8564802338401925,81.0,1.403612942983088,12.669999999999996,3.596387057016912,left,0.0,False,0
ISR,2020,3,4.331648688627852,33.0,6.869270586929774,7.689999999999999,1.8692705869297743,right,0.0,False,0
ISR,2020,4,4.160214512083625,46.0,6.81333889581963,5.980000000000002,1.81333889581963,right,0.0,False,0
ISR,2020,5,2.995534039245854,62.0,3.2977023285437297,5.829999999999999,1.7022976714562703,left,0.0,False,0
ISR,2020,7,4.019665558318742,73.0,7.827943014889848,5.24,2.827943014889848,right,0.0,False,0
ITA,2006,0,3.751074456936593,66.0,7.57895266782734,23.710000000000004,2.5789526678273402,right,0.0,True,0
ITA,2006,1,2.6680726237386447,51.0,3.2703207793152456,31.27,1.7296792206847544,left,0.0,True,0
ITA,2006,2,4.235370991055638,42.0,7.944049741752178,12.340000000000002,2.9440497417521776,right,0.0,True,0
ITA,2006,5,4.038615271208981,31.0,2.023369150546798,5.840000000000001,2.976630849453202,left,0.0,True,0
ITA,2018,0,2.5885488618466423,357.0,5.105412178238292,32.68000000000001,0.10541217823829196,center,0.0,True,0
ITA,2018,1,2.053171081602793,342.0,3.373877665664861,18.759999999999998,1.6261223343351392,left,0.0,True,0
ITA,2018,2,3.9921626682686533,162.0,7.594560122704764,17.349999999999998,2.594560122704764,right,0.0,True,0
ITA,2018,3,3.676456825695389,94.0,7.273658407796817,14.0,2.273658407796817,right,0.0,True,0
ITA,2018,4,4.85127816442359,50.0,7.274765680960754,4.350000000000001,2.274765680960754,right,0.0,True,0
ITA,2018,5,3.3111778540667776,57.0,3.099444189013789,3.39,1.9005558109862108,left,0.0,True,0
JPN,2007,0,3.15229044834308,342.0,5.240072202166065,,0.24007220216606484,center,0.0,True,0
JPN,2007,1,2.9651056014692374,363.0,6.514563106796117,,1.5145631067961167,right,0.0,True,0
JPN,2007,2,3.00354609929078,47.0,5.312022900763359,,0.3120229007633588,center,0.0,True,0
JPN,2007,3,3.5666666666666664,70.0,2.5179723502304148,,2.4820276497695852,left,0.0,True,0
JPN,2007,4,3.7580128205128203,52.0,3.269631031220435,,1.730368968779565,left,0.0,True,0
JPN,2013,0,3.239798077876991,559.0,6.649573017332044,,1.6495730173320444,right,0.0,True,0
JPN,2013,1,3.546429526408878,147.0,4.643390377127477,,0.35660962287252307,center,0.0,True,0
JPN,2013,2,3.521593767577925,83.0,3.082031068760064,,1.917968931239936,left,0.0,True,0
JPN,2013,3,3.5476149995706803,76.0,4.9613893815051515,,0.03861061849484848,center,0.0,True,0
JPN,2013,4,3.620228659298864,97.0,5.745175704966478,,0.7451757049664778,center,0.0,True,0
JPN,2013,5,3.394180871618845,84.0,5.143806641457008,,0.14380664145700806,center,0.0,True,0
JPN,2017,0,3.5165284633325538,334.0,6.3978418738094325,33.279999999999994,1.3978418738094325,right,0.0,True,0
JPN,2017,1,3.0121336951444357,73.0,4.188345004573435,19.879999999999995,0.811654995426565,center,0.0,True,0
JPN,2017,3,4.55596382542988,62.0,5.258237090703537,12.510000000000002,0.2582370907035374,center,0.0,True,0
JPN,2017,4,3.3177999026777365,34.0,3.1442593309892266,7.900000000000001,1.8557406690107734,left,0.0,True,0
KEN,2013,0,3.1708807238825907,350.0,8.266294227188082,24.97,3.266294227188082,right,1.0,False,0
KEN,2013,1,2.8634431044610986,311.0,2.328922495274102,21.389999999999997,2.671077504725898,left,1.0,False,0
KEN,2013,2,4.9420894167321086,90.0,7.102204408817635,12.379999999999997,2.1022044088176353,right,1.0,False,0
KEN,2013,3,4.677943872817851,38.0,1.7984189723320159,5.599999999999999,3.2015810276679844,left,1.0,False,0
KGZ,2005,0,4.338715277777777,96.0,5.181091877496671,,0.18109187749667122,center,0.0,False,0
KOR,2000,0,3.9255096493889767,145.0,5.662542182227222,39.0,0.6625421822272219,center,0.0,False,0
KOR,2000,1,3.3213754356906935,164.0,5.441142857142857,35.89999999999999,0.4411428571428573,center,0.0,False,0
KOR,2004,0,2.9263309434257563,299.0,3.722610722610723,38.300000000000004,1.2773892773892772,left,0.0,False,0
KOR,2004,1,3.391711080042077,225.0,7.332058148431522,35.800000000000004,2.332058148431522,right,0.0,False,0
KOR,2004,2,3.5832447829586975,115.0,3.230769230769231,13.0,1.7692307692307692,left,0.0,False,0
KOR,2004,3,3.659032331152918,46.0,6.250200481154772,7.1000000000000005,1.2502004811547716,right,0.0,False,0
KOR,2008,0,4.150630231450715,267.0,7.376564277588169,37.48,2.3765642775881686,right,0.0,False,0
KOR,2008,1,3.409671303058102,102.0,4.220095693779904,25.17000000000001,0.7799043062200957,center,0.0,False,0
KOR,2008,2,4.340140601682702,32.0,6.237908496732026,6.8400000000000025,1.2379084967320262,right,0.0,False,0
KOR,2008,3,4.780507748295738,52.0,6.93711467324291,13.180000000000003,1.9371146732429096,right,0.0,False,0
KOR,2008,5,3.9404674135867674,45.0,4.367486338797814,3.8,0.6325136612021858,center,0.0,False,0
KOR,2012,0,3.139469900137619,272.0,7.648148148148148,42.8,2.648148148148148,right,0.0,False,0
KOR,2012,1,3.2663373893658916,242.0,3.7433414043583535,36.45999999999999,1.2566585956416465,left,0.0,False,0
KOR,2012,2,3.3397656565656577,45.0,3.05297157622739,10.31,1.9470284237726099,left,0.0,False,0
KOR,2016,0,4.1005979349585004,415.0,7.529863481228669,38.32999999999999,2.529863481228669,right,0.0,False,0
KOR,2016,1,4.233065156439685,327.0,3.8208191126279862,37.0,1.1791808873720138,left,0.0,False,0
KOR,2016,2,4.343354043008174,208.0,4.095278969957081,14.849999999999996,0.9047210300429187,center,0.0,False,0
LTU,1997,2,4.163864872584523,99.0,7.994418693992768,,2.9944186939927677,right,0.0,False,0
LTU,1997,3,4.1614956400418555,34.0,4.3641250446236315,,0.6358749553763685,center,0.0,False,0
LTU,1997,6,4.601385324556721,43.0,5.597151404302513,,0.5971514043025126,center,0.0,False,0
LTU,1997,7,3.8649578009100543,44.0,2.199071683910417,,2.800928316089583,left,0.0,False,0
LTU,2016,0,3.5218485645722843,93.0,7.414046017478945,22.63,2.4140460174789453,right,0.0,False,0
LTU,2016,1,3.536192367284791,124.0,5.261135025729264,22.449999999999992,0.2611350257292644,center,0.0,False,0
LTU,2016,2,3.924158678579616,101.0,3.2620837895342634,15.039999999999996,1.7379162104657366,left,0.0,False,0
LTU,2016,3,3.9140324647811933,42.0,5.710019670790925,9.450000000000001,0.710019670790925,center,0.0,False,0
LTU,2016,5,4.021274070133167,33.0,4.735898717388231,5.72,0.2641012826117688,center,0.0,False,0
LTU,2020,0,2.8427895213992294,307.0,6.304931227240044,25.770000000000007,1.3049312272400444,right,0.0,False,0
LTU,2020,1,2.5064114308336354,87.0,4.055463364536554,18.069999999999993,0.9445366354634457,center,0.0,False,0
LTU,2020,3,3.164320174683653,64.0,3.2547997440823333,9.58,1.7452002559176667,left,0.0,False,0
LTU,2020,4,3.63933061937542,145.0,5.08152850362685,9.450000000000003,0.08152850362685005,center,0.0,False,0
LTU,2020,5,3.832624010670966,88.0,5.263298780744027,7.04,0.2632987807440266,center,0.0,False,0
LVA,2010,0,3.4106888218182725,128.0,6.258307477248826,31.9,1.2583074772488256,right,0.0,True,0
LVA,2010,1,3.0936696232795646,167.0,3.524689255595438,26.610000000000007,1.475310744404562,left,0.0,True,0
LVA,2010,2,3.6327015618480085,122.0,6.241290259702305,20.110000000000003,1.2412902597023052,right,0.0,True,0
LVA,2010,3,3.8437058504849557,34.0,6.716682696005764,7.840000000000002,1.7166826960057637,right,0.0,True,0
LVA,2011,0,2.6594668037445763,134.0,3.505611197339392,28.36000000000001,1.494388802660608,left,0.0,True,0
LVA,2011,1,4.2949823934768085,48.0,5.682644762613713,20.829999999999995,0.6826447626137133,center,0.0,True,0
LVA,2011,2,3.6042125424313483,79.0,6.395652949781218,18.829999999999995,1.3956529497812182,right,0.0,True,0
LVA,2011,3,3.0374024594249884,44.0,7.020228128753338,13.879999999999999,2.020228128753338,right,0.0,True,0
LVA,2011,4,3.42325561625705,69.0,5.627638648342708,12.22,0.6276386483427077,center,0.0,True,0
LVA,2014,0,3.1573468268344085,144.0,3.2970308999285605,23.0,1.7029691000714395,left,0.0,True,0
LVA,2014,1,3.844369195125948,90.0,6.37485795530163,21.869999999999997,1.3748579553016302,right,0.0,True,0
LVA,2014,2,4.055304509223631,114.0,6.36015852447728,19.530000000000005,1.3601585244772796,right,0.0,True,0
LVA,2014,3,3.832995739539796,103.0,6.718555692265958,16.610000000000003,1.7185556922659577,right,0.0,True,0
LVA,2014,5,3.7719851175892796,37.0,5.583142155156821,6.659999999999998,0.5831421551568212,center,0.0,True,0
LVA,2018,0,2.9984481703282237,95.0,3.1185965655567105,19.920000000000005,1.8814034344432895,left,0.0,True,0
LVA,2018,1,3.341131394552626,73.0,5.3943117919113615,14.33,0.39431179191136145,center,0.0,True,0
LVA,2018,2,2.901186561431643,58.0,5.7869459684689,13.67,0.7869459684689,center,0.0,True,0
LVA,2018,3,2.87034036445588,30.0,5.504887875060072,12.120000000000001,0.5048878750600716,center,0.0,True,0
LVA,2018,4,2.8799093941012535,52.0,6.110632093555528,11.08,1.1106320935555276,right,0.0,True,0
LVA,2018,5,3.5775563470863614,67.0,5.487446853291422,9.969999999999999,0.4874468532914218,center,0.0,True,0
MEX,1997,0,4.419602385555743,382.0,5.894399984420578,38.0,0.8943999844205779,center,0.0,False,0
MEX,1997,1,3.6948589030771117,215.0,5.245290298969539,25.800000000000008,0.2452902989695387,center,0.0,False,0
MEX,1997,2,3.1798521635239085,412.0,4.766763911747867,24.900000000000002,0.23323608825213338,center,0.0,False,0
MEX,2000,1,4.8431413330173125,387.0,5.537050522617076,36.9,0.5370505226170756,center,0.0,False,0
MEX,2003,0,3.548232547599001,425.0,6.337159934450634,30.730000000000004,1.337159934450634,right,0.0,False,0
MEX,2003,1,3.8229254379332267,463.0,5.614129187601166,23.139999999999993,0.6141291876011659,center,0.0,False,0
MEX,2003,2,3.550821088262258,205.0,3.828274058647828,17.610000000000003,1.1717259413521721,left,0.0,False,0
MEX,2003,3,3.9818523098805967,48.0,4.2261998361526665,3.990000000000002,0.7738001638473335,center,0.0,False,0
MEX,2006,0,3.423004393637653,419.0,7.082377727835237,33.38999999999999,2.0823777278352367,right,0.0,False,0
MEX,2006,1,3.7596372724498948,367.0,4.163969110527819,28.990000000000002,0.8360308894721813,center,0.0,False,0
MEX,2006,2,4.284781392956004,257.0,5.267822275108767,28.21,0.26782227510876666,center,0.0,False,0
MEX,2009,0,4.944519991110133,786.0,6.888999546919911,38.899999999999984,1.8889995469199112,right,0.0,False,0
MEX,2009,1,4.8264631172510315,438.0,7.189467830975938,29.60000000000001,2.1894678309759383,right,0.0,False,0
MEX,2009,2,4.177171451884736,194.0,4.099331635461187,12.900000000000002,0.9006683645388129,center,0.0,False,0
MEX,2009,3,5.124050720337826,73.0,5.422597860378125,6.900000000000001,0.42259786037812486,center,0.0,False,0
MEX,2012,0,4.420623977314074,105.0,7.048960971828645,31.930000000000003,2.0489609718286452,right,0.0,False,0
MEX,2012,1,4.028074214816478,80.0,6.528701700516076,25.88999999999999,1.5287017005160761,right,0.0,False,0
MEX,2012,2,4.062089398133864,74.0,3.334652730132945,18.35,1.665347269867055,left,0.0,False,0
MEX,2015,0,4.508042199993849,270.0,7.131125518176939,29.190000000000005,2.1311255181769386,right,0.0,False,0
MEX,2015,1,4.290694846044126,169.0,6.7614916935995355,21.020000000000003,1.7614916935995355,right,0.0,False,0
MEX,2015,2,3.8594105557405927,98.0,3.5577742095965683,10.870000000000003,1.4422257904034317,left,0.0,False,0
MEX,2015,3,3.8093530951508585,46.0,2.8220091052653777,8.39,2.1779908947346223,left,0.0,False,0
MEX,2015,4,5.019657679316433,43.0,5.841075587786903,6.92,0.8410755877869027,center,0.0,False,0
MEX,2018,0,2.7001897612976467,244.0,4.271408540102133,37.25,0.7285914598978671,center,0.0,False,0
MEX,2018,1,2.814138471915949,109.0,5.316853552356862,17.930000000000007,0.31685355235686163,center,0.0,False,0
MEX,2018,2,2.874550936953335,117.0,5.2041479253057386,16.539999999999996,0.20414792530573855,center,0.0,False,0
MNE,2012,1,2.280372794985356,104.0,4.750158293454729,23.19,0.24984170654527116,center,0.0,False,1
MNE,2012,2,3.309985643740181,89.0,4.357333908239808,11.239999999999997,0.6426660917601916,center,0.0,False,1
MNE,2012,3,3.0124778954758673,40.0,4.412401945809127,8.370000000000001,0.587598054190873,center,0.0,False,1
MNE,2012,4,3.3956326903124197,40.0,5.213105606738338,4.240000000000002,0.21310560673833834,center,0.0,False,1
MNE,2016,0,2.4576062367440734,285.0,4.40471366394468,41.40999999999999,0.5952863360553202,center,0.0,False,1
MNE,2016,1,2.7581702239101515,81.0,5.07155424095265,20.319999999999997,0.07155424095264973,center,0.0,False,1
MNE,2016,3,2.4758776145523336,37.0,4.06386103094756,10.01,0.9361389690524398,center,0.0,False,1
MNE,2016,4,2.755497569483864,38.0,4.344802058110316,5.230000000000001,0.6551979418896838,center,0.0,False,1
MNE,2016,6,3.879567104378524,43.0,5.08306780395965,3.1599999999999997,0.08306780395964974,center,0.0,False,1
NLD,1998,0,5.042728386981689,425.0,4.318868898725889,29.0,0.6811311012741106,center,0.0,True,0
NLD,1998,1,5.114619727368473,331.0,7.105992999222221,24.69999999999999,2.105992999222221,right,0.0,True,0
NLD,1998,2,5.315360327646418,291.0,6.225207279476175,18.400000000000006,1.2252072794761748,right,0.0,True,0
NLD,1998,3,5.600806961880613,117.0,5.103137375345206,9.0,0.10313737534520584,center,0.0,True,0
NLD,1998,4,5.12845876706742,123.0,2.923074750842549,7.299999999999998,2.076925249157451,left,0.0,True,0
NLD,1998,5,5.045734129190324,72.0,2.961695075788376,3.5,2.038304924211624,left,0.0,True,0
NLD,2002,0,4.777079345674635,290.0,6.2646299642498535,27.930000000000003,1.2646299642498535,right,0.0,True,0
NLD,2002,1,5.03293748188522,89.0,7.578350230691473,17.0,2.5783502306914734,right,0.0,True,0
NLD,2002,2,5.095025778710629,210.0,7.005383355124561,15.440000000000001,2.005383355124561,right,0.0,True,0
NLD,2002,3,4.558280497908084,244.0,3.4804221137516236,15.110000000000001,1.5195778862483764,left,0.0,True,0
NLD,2002,4,4.811947976363049,144.0,2.2645908889212447,6.950000000000001,2.7354091110787553,left,0.0,True,0
NLD,2002,5,4.409972518848052,73.0,2.3854179391774735,5.9,2.6145820608225265,left,0.0,True,0
NLD,2002,6,5.32113784950406,83.0,4.464182910610463,5.1000000000000005,0.5358170893895373,center,0.0,True,0
NLD,2002,7,4.907747666169697,61.0,6.45576546953408,2.539999999999999,1.4557654695340796,right,0.0,True,0
NLD,2006,0,5.171754702587756,430.0,6.7272036322188615,26.509999999999998,1.7272036322188615,right,0.0,True,0
NLD,2006,1,5.267554613861135,399.0,3.581120609826051,21.189999999999998,1.4188793901739492,left,0.0,True,0
NLD,2006,2,5.023626402132183,198.0,2.6266042308254556,16.579999999999995,2.3733957691745444,left,0.0,True,0
NLD,2006,3,5.463190795170459,287.0,7.167323071235505,14.669999999999998,2.167323071235505,right,0.0,True,0
NLD,2006,4,4.967635738817221,39.0,7.565434959448548,5.89,2.565434959448548,right,0.0,True,0
NLD,2006,5,5.573412093816914,122.0,2.7298788680406787,4.600000000000001,2.2701211319593213,left,0.0,True,0
NLD,2006,6,5.1332478405057165,64.0,5.745290626090256,3.9699999999999993,0.7452906260902559,center,0.0,True,0
NLD,2006,7,5.67502253853643,53.0,4.8822103005454185,1.9600000000000004,0.11778969945458151,center,0.0,True,0
NLD,2010,0,4.674947685127717,303.0,7.312234976814012,20.490000000000002,2.312234976814012,right,0.0,True,0
NLD,2010,1,4.731837833539801,295.0,3.2177066786399737,19.63,1.7822933213600263,left,0.0,True,0
NLD,2010,2,4.77756288018388,129.0,7.767437165899051,15.449999999999996,2.767437165899051,right,0.0,True,0
NLD,2010,3,5.095408944994564,246.0,5.888701843504478,13.610000000000003,0.888701843504478,center,0.0,True,0
NLD,2010,4,4.736775323479639,106.0,2.485320024315016,9.819999999999997,2.514679975684984,left,0.0,True,0
NLD,2010,5,4.962254472199956,148.0,4.561397459930602,6.950000000000002,0.4386025400693976,center,0.0,True,0
NLD,2010,6,4.870502409528183,143.0,2.3744839760557133,6.670000000000001,2.6255160239442867,left,0.0,True,0
NLD,2010,7,5.254491118919439,62.0,5.382415462644083,3.240000000000001,0.382415462644083,center,0.0,True,0
NLD,2017,0,4.873945686742078,269.0,7.893697654814917,21.29,2.8936976548149174,right,0.0,True,0
NLD,2017,1,4.529857419148339,101.0,8.109532194581266,13.06,3.1095321945812664,right,0.0,True,0
NLD,2017,2,5.189813890384499,163.0,6.156175453299503,12.379999999999995,1.156175453299503,right,0.0,True,0
NLD,2017,3,4.997925028314831,157.0,5.041954871385203,12.230000000000002,0.04195487138520271,center,0.0,True,0
NLD,2017,4,4.753330559235894,144.0,1.9947417538877177,9.129999999999999,3.005258246112282,left,0.0,True,0
NLD,2017,5,4.367153629877518,119.0,2.0559111493558886,9.090000000000002,2.9440888506441114,left,0.0,True,0
NLD,2017,6,4.771052465712986,154.0,3.2175801157761303,5.700000000000002,1.7824198842238697,left,0.0,True,0
NLD,2017,7,5.119005401307764,59.0,5.6109333852678285,3.39,0.6109333852678285,center,0.0,True,0
NLD,2017,8,4.542816877329994,50.0,3.2913901395942697,3.19,1.7086098604057303,left,0.0,True,0
NLD,2021,0,4.769218689716761,483.0,7.2383010741033305,21.87,2.2383010741033305,right,0.0,True,0
NLD,2021,1,4.741295246266527,393.0,4.338242067942215,15.02,0.6617579320577853,center,0.0,True,0
NLD,2021,2,3.62505732650527,146.0,8.278291101063111,10.789999999999997,3.278291101063111,right,0.0,True,0
NLD,2021,3,5.178906592571052,180.0,5.994904954469294,9.5,0.9949049544692938,center,0.0,True,0
NLD,2021,4,3.8911412688701095,144.0,1.6160107540495199,5.980000000000001,3.38398924595048,left,0.0,True,0
NLD,2021,5,4.678950818676183,200.0,2.678296127464756,5.730000000000001,2.321703872535244,left,0.0,True,0
NLD,2021,6,4.653942146224576,163.0,1.7567061192169726,5.159999999999998,3.2432938807830274,left,0.0,True,0
NLD,2021,7,2.8817230079094958,59.0,8.538781236692484,5.02,3.5387812366924845,right,0.0,True,0
NLD,2021,8,4.709750162545795,108.0,5.132088139555231,3.3700000000000006,0.1320881395552309,center,0.0,True,0
NOR,1997,0,4.003621776573773,654.0,4.8,35.0,0.20000000000000018,center,0.0,True,0
NOR,1997,1,4.59961188866598,168.0,8.30363543266769,15.300000000000002,3.30363543266769,right,0.0,True,0
NOR,1997,2,4.789844927607537,287.0,8.036980749746707,14.300000000000002,3.036980749746707,right,0.0,True,0
NOR,1997,3,4.280038739144556,196.0,5.765816326530612,13.699999999999996,0.7658163265306124,center,0.0,True,0
NOR,1997,4,4.183269139219321,147.0,4.146556188503366,7.900000000000002,0.8534438114966338,center,0.0,True,0
NOR,1997,5,4.32782170668511,139.0,2.4107142857142856,6.0,2.5892857142857144,left,0.0,True,0
NOR,2001,0,4.174081445186406,264.0,4.5806282722513085,24.300000000000008,0.41937172774869147,center,0.0,True,0
NOR,2001,1,4.498604163508665,216.0,8.037981269510926,21.199999999999996,3.037981269510926,right,0.0,True,0
NOR,2001,3,4.106453416182819,94.0,2.774869109947644,12.5,2.225130890052356,left,0.0,True,0
NOR,2001,4,4.37696315818948,100.0,5.893828451882845,12.400000000000004,0.893828451882845,center,0.0,True,0
NOR,2001,5,4.524016944690425,47.0,4.4570826750921535,5.599999999999999,0.5429173249078465,center,0.0,True,0
NOR,2005,0,3.925215396635561,384.0,3.9863517060367455,32.69,1.0136482939632545,left,0.0,True,0
NOR,2005,1,4.288667496914516,126.0,8.35974643423138,22.060000000000002,3.359746434231379,right,0.0,True,0
NOR,2005,2,4.881946835920716,198.0,8.032426778242678,14.099999999999996,3.0324267782426784,right,0.0,True,0
NOR,2005,3,4.6760930763681525,101.0,2.5013178703215604,8.830000000000002,2.4986821296784396,left,0.0,True,0
NOR,2005,4,4.5570221305660334,59.0,6.147991543340381,6.779999999999999,1.147991543340381,right,0.0,True,0
NOR,2005,5,4.499838709219749,51.0,4.397564849126522,6.480000000000002,0.602435150873478,center,0.0,True,0
NOR,2009,0,3.85573819974037,373.0,4.194607268464244,35.37,0.8053927315357559,center,0.0,True,0
NOR,2009,1,4.3883376558630225,129.0,8.64373897707231,22.910000000000004,3.64373897707231,right,0.0,True,0
NOR,2009,2,4.934912465151553,219.0,7.931216931216931,17.240000000000002,2.931216931216931,right,0.0,True,0
NOR,2009,3,4.573103281945086,73.0,2.4879340788699236,6.200000000000002,2.5120659211300764,left,0.0,True,0
NOR,2009,4,4.5516632096676,40.0,4.484669811320755,6.150000000000001,0.5153301886792452,center,0.0,True,0
NOR,2009,5,4.82340591739088,44.0,5.810395747194329,5.540000000000001,0.8103957471943293,center,0.0,True,0
NOR,2009,6,4.663438461074594,35.0,4.479646017699115,3.880000000000001,0.5203539823008851,center,0.0,True,0
NOR,2013,0,4.147432932590065,327.0,4.16124067515973,30.839999999999993,0.8387593248402698,center,0.0,True,0
NOR,2013,1,4.814400261037645,254.0,8.008850995061385,26.81,3.008850995061385,right,0.0,True,0
NOR,2013,2,4.507098121359533,66.0,8.338178649712727,16.349999999999998,3.3381786497127273,right,0.0,True,0
NOR,2013,3,5.109041444119945,37.0,5.6841343286754284,5.590000000000002,0.6841343286754284,center,0.0,True,0
NOR,2013,4,4.7158042235420305,37.0,4.474404609358239,5.480000000000002,0.5255953906417608,center,0.0,True,0
NOR,2013,5,5.062072836597269,40.0,4.656834341480797,5.230000000000003,0.34316565851920267,center,0.0,True,0
NOR,2013,6,4.358686229528327,36.0,2.637540758902207,4.090000000000002,2.362459241097793,left,0.0,True,0
NOR,2017,0,3.725548169685477,306.0,3.714714503565288,27.37,1.285285496434712,left,0.0,True,0
NOR,2017,1,3.94502305027856,392.0,7.996886277410971,25.04,2.9968862774109706,right,0.0,True,0
NOR,2017,2,3.9131343913512655,147.0,8.452886219018078,15.19,3.452886219018078,right,0.0,True,0
NOR,2017,3,4.0209959063573475,112.0,4.280245981054555,10.319999999999999,0.7197540189454452,center,0.0,True,0
NOR,2017,4,3.899361019127876,82.0,2.1541936408746,6.019999999999998,2.8458063591254,left,0.0,True,0
NOR,2017,5,4.515159852309079,47.0,4.980791711526509,4.369999999999999,0.01920828847349121,center,0.0,True,0
NOR,2017,6,4.599570540469954,54.0,5.422032595007121,4.200000000000002,0.42203259500712065,center,0.0,True,0
NOR,2017,7,3.9245949350372613,32.0,3.059275607863264,3.240000000000002,1.9407243921367359,left,0.0,True,0
NZL,1996,0,3.7937708870146034,877.0,7.683929692404269,33.89999999999999,2.683929692404269,right,0.0,True,0
NZL,1996,1,3.8059159788638044,726.0,3.825446568473833,31.0,1.1745534315261672,left,0.0,True,0
NZL,1996,2,4.438665072018896,274.0,5.4371399525584545,13.400000000000002,0.4371399525584545,center,0.0,True,0
NZL,1996,3,4.004331578296999,219.0,2.676767676767677,11.2,2.323232323232323,left,0.0,True,0
NZL,1996,4,4.679477308757624,68.0,8.029434250764526,3.6999999999999997,3.0294342507645258,right,0.0,True,0
NZL,1996,5,4.977104916350616,31.0,6.673345759552656,1.5,1.6733457595526557,right,0.0,True,0
NZL,2002,0,3.4306382417211854,684.0,3.782889577651176,41.26,1.2171104223488238,left,0.0,True,0
NZL,2002,1,3.7847787443417515,389.0,6.93153477626738,20.930000000000003,1.9315347762673802,right,0.0,True,0
NZL,2002,2,4.1066427603602955,91.0,6.516902659812866,10.379999999999999,1.5169026598128657,right,0.0,True,0
NZL,2002,3,3.783889421841107,46.0,7.465919856148689,7.140000000000001,2.4659198561486892,right,0.0,True,0
NZL,2002,4,4.328135869319451,97.0,2.457888304896742,7.0,2.542111695103258,left,0.0,True,0
NZL,2008,0,3.4293602842042117,399.0,6.761291043455784,44.93,1.7612910434557838,right,0.0,True,0
NZL,2008,1,3.8790414808286764,297.0,3.6646909049268763,33.99,1.3353090950731237,left,0.0,True,0
NZL,2008,2,5.062706510650078,64.0,2.5345044068563727,6.72,2.4654955931436273,left,0.0,True,0
NZL,2008,5,4.946459479073103,34.0,4.109219785778102,2.39,0.8907802142218983,center,0.0,True,0
NZL,2011,0,3.2789512400292677,532.0,7.285742492973837,47.309999999999995,2.285742492973837,right,0.0,True,0
NZL,2011,1,3.6949787639816556,297.0,3.3042989211941185,27.480000000000004,1.6957010788058815,left,0.0,True,0
NZL,2011,2,4.342891840951602,143.0,3.1027557565964528,11.06,1.8972442434035472,left,0.0,True,0
NZL,2011,3,4.59725935982839,40.0,5.129281276140965,6.5900000000000025,0.12928127614096496,center,0.0,True,0
NZL,2014,0,3.1566771605158115,494.0,7.166637810994813,47.04,2.1666378109948132,right,0.0,True,0
NZL,2014,1,3.7118208464484344,235.0,3.357818070254317,25.129999999999995,1.642181929745683,left,0.0,True,0
NZL,2014,2,4.293966639159498,139.0,2.878302473006783,10.7,2.121697526993217,left,0.0,True,0
NZL,2014,3,4.3460935078467005,56.0,5.522243530328676,8.659999999999997,0.5222435303286757,center,0.0,True,0
NZL,2017,0,3.851832282702703,686.0,7.240946868375472,44.449999999999996,2.240946868375472,right,0.0,True,0
NZL,2017,1,3.92516017700494,510.0,3.3565960282899434,36.88999999999999,1.6434039717100566,left,0.0,True,0
NZL,2017,2,4.586288834301448,91.0,5.425246233187087,7.200000000000001,0.425246233187087,center,0.0,True,0
NZL,2017,3,4.704531089930285,149.0,2.5489570490738416,6.269999999999998,2.4510429509261584,left,0.0,True,0
NZL,2017,4,5.249170961085574,37.0,4.580174854288095,2.44,0.4198251457119051,center,0.0,True,0
NZL,2020,0,3.672894783692526,651.0,3.56648446260037,50.01,1.43351553739963,left,0.0,True,0
NZL,2020,1,4.259578306908709,477.0,7.105297225828598,25.579999999999995,2.105297225828598,right,0.0,True,0
NZL,2020,2,5.217810556485598,152.0,2.234679880571185,7.860000000000001,2.765320119428815,left,0.0,True,0
NZL,2020,3,3.962707725188145,41.0,7.382312186428582,7.590000000000003,2.3823121864285817,right,0.0,True,0
NZL,2020,5,4.971768575433503,35.0,4.554089905187414,1.51,0.4459100948125858,center,0.0,True,0
PER,2000,0,2.507253556670621,116.0,6.543991416309013,42.199999999999996,1.5439914163090132,right,0.0,False,0
PER,2000,1,2.796341765445528,106.0,4.857917570498915,23.300000000000008,0.14208242950108474,center,0.0,False,0
PER,2000,4,4.354441098591713,43.0,3.396205357142857,5.5,1.6037946428571428,left,0.0,False,0
PER,2001,0,2.841893582125133,170.0,5.031434184675835,26.199999999999992,0.03143418467583459,center,0.0,False,0
PER,2001,1,3.289533073654489,189.0,4.898338220918866,19.7,0.10166177908113383,center,0.0,False,0
PER,2001,2,3.2123307907570475,38.0,6.145669291338582,13.800000000000004,1.1456692913385824,right,0.0,False,0
PER,2006,0,2.378222834766442,310.0,3.39071702652659,21.15,1.6092829734734102,left,0.0,False,0
PER,2006,1,2.8829150022032257,395.0,5.223863708169204,20.59,0.22386370816920387,center,0.0,False,0
PER,2006,2,3.166471406718185,159.0,5.961307762974009,15.330000000000005,0.961307762974009,center,0.0,False,0
PER,2006,3,3.5570660408866517,65.0,4.628534931326887,13.090000000000003,0.37146506867311313,center,0.0,False,0
PER,2006,4,3.548618136185424,74.0,4.511238645470662,7.070000000000001,0.48876135452933767,center,0.0,False,0
PER,2006,5,2.9256216954063583,36.0,3.6943806609895584,4.02,1.3056193390104416,left,0.0,False,0
PER,2011,0,2.691167564652219,304.0,3.1483768074536997,25.300000000000008,1.8516231925463003,left,0.0,False,0
PER,2011,1,2.997655632786174,228.0,6.189487499314358,23.0,1.1894874993143576,right,0.0,False,0
PER,2011,2,3.899135612449993,93.0,5.6422642868222095,14.799999999999999,0.6422642868222095,center,0.0,False,0
PER,2011,3,3.754465243247862,136.0,6.616691486751616,14.400000000000002,1.6166914867516162,right,0.0,False,0
PER,2011,4,3.3385691553805743,62.0,5.941982195835112,10.200000000000001,0.941982195835112,center,0.0,False,0
PER,2011,5,4.3132915904027,34.0,5.278735656479794,6.399999999999999,0.27873565647979426,center,0.0,False,0
PER,2016,0,3.132525252196268,262.0,6.782008200715297,36.34,1.782008200715297,right,0.0,False,0
PER,2016,1,3.1185399275240804,108.0,6.709530393288919,16.460000000000004,1.7095303932889188,right,0.0,False,0
PER,2016,2,3.238479041011275,53.0,2.797695525570729,13.940000000000001,2.202304474429271,left,0.0,False,0
PER,2021,0,2.1404442786494036,73.0,3.2929021130730995,13.409999999999998,1.7070978869269005,left,0.0,False,0
PER,2021,1,3.1209731332949544,104.0,6.4605942564709435,11.340000000000002,1.4605942564709435,right,0.0,False,0
PER,2021,4,3.264066677991375,38.0,5.175165737575828,9.019999999999998,0.17516573757582776,center,0.0,False,0
PHL,2004,0,4.847728150380167,72.0,5.469052652794954,,0.4690526527949537,center,0.0,False,0
PHL,2010,0,4.777930558114799,117.0,6.564450474898236,20.020000000000003,1.5644504748982362,right,0.0,False,0
PHL,2010,3,6.04952313480318,30.0,5.369534555712271,37.84000000000001,0.3695345557122707,center,0.0,False,0
PHL,2016,0,5.454503314018524,78.0,5.7789291882556135,41.72,0.7789291882556135,center,0.0,False,0
PHL,2016,5,5.794678596747068,44.0,6.091150442477876,1.9,1.0911504424778764,right,0.0,False,0
POL,1997,0,3.2309917669985087,345.0,8.110535104594904,33.800000000000004,3.110535104594904,right,0.0,False,0
POL,1997,1,3.0098005695967087,262.0,1.687146909720883,27.1,3.312853090279117,left,0.0,False,0
POL,1997,2,3.9512717240809088,213.0,5.601667536643127,13.3,0.6016675366431272,center,0.0,False,0
POL,1997,3,4.457484136426923,109.0,3.732341588782308,7.299999999999998,1.2676584112176918,left,0.0,False,0
POL,1997,4,4.415621777146742,55.0,7.373672582162883,5.6000000000000005,2.3736725821628832,right,0.0,False,0
POL,1997,5,4.3249974057172835,58.0,4.118005153017562,4.700000000000001,0.8819948469824377,center,0.0,False,0
POL,2001,0,3.0955518091671066,176.0,1.3543381859854984,41.040000000000006,3.6456618140145016,left,0.0,False,0
POL,2001,1,3.309972933702268,94.0,6.327299131483911,12.68,1.3272991314839109,right,0.0,False,0
POL,2001,2,3.815985409965089,92.0,4.686725573423355,10.200000000000003,0.31327442657664495,center,0.0,False,0
POL,2001,3,3.0032649360607624,69.0,6.5540881875942425,9.5,1.5540881875942425,right,0.0,False,0
POL,2001,4,3.8914350903629873,98.0,4.339030973305914,8.980000000000002,0.6609690266940857,center,0.0,False,0
POL,2001,5,3.2577040179458443,41.0,7.180830874538599,7.869999999999999,2.180830874538599,right,0.0,False,0
POL,2001,7,3.366521640048297,34.0,6.08819417760305,3.100000000000001,1.0881941776030502,right,0.0,False,0
POL,2005,0,3.576927524907698,519.0,7.328626081470164,26.990000000000006,2.328626081470164,right,0.0,False,0
POL,2005,1,3.49865259712443,396.0,6.614887688413711,24.139999999999993,1.6148876884137113,right,0.0,False,0
POL,2005,2,3.594955456940305,223.0,4.596396942495742,11.41,0.40360305750425773,center,0.0,False,0
POL,2005,3,3.109825011334236,135.0,1.4000029187136722,11.31,3.599997081286328,left,0.0,False,0
POL,2005,4,4.111632233693652,77.0,6.525721557253328,7.97,1.5257215572533278,right,0.0,False,0
POL,2005,5,3.4958125076315114,74.0,4.416557614728907,6.959999999999997,0.583442385271093,center,0.0,False,0
POL,2005,7,3.2098554236252794,53.0,2.4237355661147553,3.89,2.5762644338852447,left,0.0,False,0
POL,2007,0,2.9208545161683404,586.0,6.28419530530603,41.51,1.2841953053060298,right,0.0,False,0
POL,2007,1,2.968952287756047,335.0,7.004747160314364,32.11000000000001,2.0047471603143636,right,0.0,False,0
POL,2007,2,3.6547160023638416,109.0,1.966371959054749,13.150000000000004,3.033628040945251,left,0.0,False,0
POL,2007,3,3.8988468924311714,111.0,4.86361910212047,8.909999999999998,0.13638089787952978,center,0.0,False,0
POL,2011,0,2.278566928020186,456.0,5.906586608032613,39.18,0.9065866080326126,center,0.0,False,0
POL,2011,1,2.3179665578047466,290.0,6.770477605171206,29.88999999999999,1.7704776051712061,right,0.0,False,0
POL,2011,2,3.3891544736878414,95.0,3.1268997104791385,10.019999999999998,1.8731002895208615,left,0.0,False,0
POL,2011,3,3.767766782923226,86.0,4.9211112420888865,8.36,0.0788887579111135,center,0.0,False,0
POL,2011,4,3.3932423573494814,77.0,2.1675467423440864,8.239999999999998,2.8324532576559136,left,0.0,False,0
PRT,2002,0,3.7492389370878176,295.0,7.310729613733906,40.800000000000004,2.3107296137339057,right,0.0,False,0
PRT,2002,1,3.2196357887632887,346.0,4.617495711835335,30.400000000000002,0.3825042881646654,center,0.0,False,0
PRT,2002,2,4.260166949991928,48.0,7.720909886264217,8.799999999999999,2.7209098862642174,right,0.0,False,0
PRT,2002,3,2.899209503390232,40.0,1.9094865100087033,7.0,3.090513489991297,left,0.0,False,0
PRT,2005,0,3.226377963035177,730.0,4.729131204837393,45.03,0.270868795162607,center,0.0,False,0
PRT,2005,1,3.649149604957576,432.0,6.954213550046621,28.770000000000003,1.954213550046621,right,0.0,False,0
PRT,2005,2,4.156872231840754,88.0,2.1325899831577897,7.539999999999998,2.8674100168422103,left,0.0,False,0
PRT,2005,3,4.3039775620702665,98.0,7.110649129786695,7.24,2.1106491297866947,right,0.0,False,0
PRT,2005,4,4.032734609164961,168.0,1.7697499198745783,6.350000000000001,3.2302500801254217,left,0.0,False,0
PRT,2009,0,3.45920995826239,350.0,4.995907101177993,36.56,0.0040928988220070295,center,0.0,False,0
PRT,2009,1,3.556360789778612,213.0,6.894725883191397,29.11000000000001,1.8947258831913967,right,0.0,False,0
PRT,2009,2,3.620741338269593,52.0,6.325085508582439,10.430000000000003,1.325085508582439,right,0.0,False,0
PRT,2009,3,3.6290105891737965,86.0,2.1886295128691295,9.809999999999999,2.8113704871308705,left,0.0,False,0
PRT,2009,4,3.1433411927832156,69.0,2.7204699380820805,7.860000000000001,2.2795300619179195,left,0.0,False,0
PRT,2015,0,2.4651306467635665,279.0,7.992797722732663,40.07,2.9927977227326634,right,0.0,False,0
PRT,2015,1,2.8946522112318003,272.0,3.890752239556748,33.57,1.1092477604432518,left,0.0,False,0
PRT,2015,2,3.259888068219164,46.0,1.4137101552299178,10.58,3.586289844770082,left,0.0,False,0
PRT,2015,3,3.583677856156373,84.0,1.3735775161665713,8.569999999999999,3.6264224838334287,left,0.0,False,0
PRT,2019,0,3.5041174051461175,369.0,4.420939678461451,38.21,0.5790603215385488,center,0.0,False,0
PRT,2019,1,3.8006179075239643,143.0,7.210614980315694,29.190000000000005,2.210614980315694,right,0.0,False,0
PRT,2019,2,4.159714103078138,62.0,2.0634101512109484,10.01,2.9365898487890516,left,0.0,False,0
PRT,2019,3,3.9252926982610346,81.0,1.886768910045571,6.6599999999999975,3.113231089954429,left,0.0,False,0
ROU,1996,0,4.2507212690133995,245.0,6.7797783933518,30.1,1.7797783933518003,right,0.0,False,0
ROU,1996,1,3.948869489340384,119.0,3.8375838926174497,21.5,1.1624161073825503,left,0.0,False,0
ROU,1996,2,4.582357636566333,46.0,5.322627737226277,12.900000000000006,0.32262773722627713,center,0.0,False,0
ROU,2004,0,4.238084356983631,160.0,4.140776699029126,36.800000000000004,0.8592233009708741,center,0.0,False,0
ROU,2004,1,4.343718349935149,62.0,6.864321608040201,31.479999999999997,1.8643216080402008,right,0.0,False,0
ROU,2004,2,4.029099020425374,44.0,6.768006700167504,31.479999999999997,1.7680067001675042,right,0.0,False,0
ROU,2004,3,3.679096191822012,48.0,3.7581521739130435,12.989999999999998,1.2418478260869565,left,0.0,False,0
ROU,2004,4,5.203295437762414,45.0,4.805369127516778,6.200000000000002,0.19463087248322175,center,0.0,False,0
ROU,2009,0,2.846757611762144,266.0,7.152123805442095,,2.152123805442095,right,0.0,False,0
ROU,2009,1,4.028247186629833,297.0,2.503347931608258,,2.496652068391742,left,0.0,False,0
ROU,2009,2,3.763844501908088,107.0,6.619052453366932,,1.6190524533669324,right,0.0,False,0
ROU,2012,0,2.304671637588718,303.0,3.7868163666274195,58.63000000000001,1.2131836333725805,left,0.0,False,0
ROU,2012,1,2.7229715737222984,52.0,6.650700174746426,16.51,1.6507001747464258,right,0.0,False,0
ROU,2012,2,2.7684367858589147,95.0,3.972130559657889,13.990000000000002,1.0278694403421111,left,0.0,False,0
ROU,2012,3,2.4765111978221,53.0,4.480552280338179,5.14,0.5194477196618212,center,0.0,False,0
ROU,2012,6,5.920821604650287,198.0,2.6913556029870893,,2.3086443970129107,left,0.0,False,0
ROU,2012,7,5.4387769212682615,82.0,5.408842726156072,,0.4088427261560721,center,0.0,False,0
ROU,2012,8,3.0783450477694356,73.0,6.686515518537288,,1.6865155185372878,right,0.0,False,0
ROU,2014,1,2.2469240859536037,54.0,7.076989935482747,,2.0769899354827466,right,0.0,False,0
ROU,2016,0,3.4181035281746532,292.0,3.4088044980550687,45.48000000000001,1.5911955019449313,left,0.0,False,0
ROU,2016,1,2.88727174381165,113.0,6.445970030206541,20.039999999999996,1.4459700302065412,right,0.0,False,0
ROU,2016,3,3.773068695577354,32.0,3.724787866148595,6.1899999999999995,1.2752121338514049,left,0.0,False,0
RUS,1999,0,3.961147791979475,422.0,1.8920916481892092,24.199999999999992,3.107908351810791,left,0.0,False,0
RUS,1999,1,3.0533468783752005,298.0,6.873287671232877,23.300000000000004,1.8732876712328768,right,0.0,False,0
RUS,1999,2,3.653340171346883,115.0,5.0994248151191455,13.299999999999999,0.09942481511914547,center,0.0,False,0
RUS,1999,3,3.6295391685022533,110.0,8.096723868954758,8.5,3.096723868954758,right,0.0,False,0
RUS,1999,4,3.704647568758828,31.0,5.131601731601732,5.8999999999999995,0.13160173160173194,center,0.0,False,0
RUS,1999,5,3.4923550922813935,102.0,6.079601990049751,5.8999999999999995,1.0796019900497509,right,0.0,False,0
RUS,2004,0,2.54535864978903,395.0,6.947019867549669,,1.9470198675496686,right,0.0,False,0
RUS,2004,1,2.5030952380952383,140.0,2.3279924599434496,,2.6720075400565504,left,0.0,False,0
RUS,2004,2,2.397435897435898,65.0,4.186858316221766,,0.8131416837782339,center,0.0,False,0
RUS,2004,3,2.675141242937853,59.0,4.671782762691854,,0.328217237308146,center,0.0,False,0
RUS,2004,5,2.7314285714285718,35.0,5.551351351351351,,0.551351351351351,center,0.0,False,0
SLV,2019,0,4.313528217435771,34.0,5.066088818892629,,0.06608881889262896,center,0.0,False,0
SLV,2019,1,3.7476144640743025,106.0,4.986297858079571,,0.013702141920428623,center,0.0,False,0
SLV,2019,2,3.614983129433859,102.0,2.5530774648796557,,2.4469225351203443,left,0.0,False,0
SLV,2019,6,3.1795813251112177,548.0,6.730015708684128,,1.7300157086841281,right,0.0,False,0
SRB,2012,0,3.1402847563179863,409.0,5.4766192404259835,24.039999999999996,0.47661924042598347,center,0.0,False,0
SRB,2012,1,3.228294820765809,155.0,4.513333247301772,22.06,0.4866667526982278,center,0.0,False,0
SRB,2012,2,4.124597327251327,114.0,3.598530187001321,14.51,1.4014698129986791,left,0.0,False,0
SRB,2012,3,3.519013330780908,42.0,4.8880219103713705,6.989999999999999,0.11197808962862954,center,0.0,False,0
SRB,2012,6,3.038837664871625,34.0,5.204146978477307,4.61,0.2041469784773069,center,0.0,False,0
SVK,2010,0,2.859252042837852,409.0,2.949625455288885,34.790000000000006,2.050374544711115,left,0.0,False,0
SVK,2010,1,3.5783010545668934,159.0,7.64920727716843,15.42,2.64920727716843,right,0.0,False,0
SVK,2010,2,3.7699811914329877,74.0,7.133952772962544,12.139999999999999,2.1339527729625436,right,0.0,False,0
SVK,2010,3,3.861212708258631,92.0,6.937223206080625,8.52,1.937223206080625,right,0.0,False,0
SVK,2010,4,4.197212183158113,85.0,6.435352889192,8.120000000000003,1.435352889192,right,0.0,False,0
SVK,2010,5,3.9983842305712742,31.0,4.595512646199752,5.069999999999999,0.40448735380024825,center,0.0,False,0
SVK,2016,0,3.1408786324855056,210.0,2.4160890036222717,28.279999999999998,2.5839109963777283,left,0.0,False,0
SVK,2016,1,3.287292518726982,61.0,7.277122499316166,12.099999999999998,2.2771224993161656,right,0.0,False,0
SVK,2016,3,3.8197189572579524,63.0,4.909272127675172,8.64,0.09072787232482771,center,0.0,False,0
SVK,2016,4,2.47820827861237,38.0,5.94653558755664,8.039999999999997,0.9465355875566397,center,0.0,False,0
SVK,2016,6,3.492201900325997,37.0,5.972858039021669,6.5,0.972858039021669,center,0.0,False,0
SVK,2020,0,3.063517357503628,104.0,6.914190545407931,25.030000000000005,1.9141905454079309,right,0.0,False,0
SVK,2020,1,1.7927988927056133,108.0,1.9564008964610908,18.289999999999996,3.0435991035389094,left,0.0,False,0
SVK,2020,2,3.369758135036445,46.0,6.110640588876674,8.239999999999998,1.1106405888766737,right,0.0,False,0
SVK,2020,3,1.7407896057762866,40.0,4.823755451675323,7.97,0.17624454832467684,center,0.0,False,0
SVK,2020,5,3.4914938187257176,48.0,7.296725866147359,6.22,2.2967258661473586,right,0.0,False,0
SVN,1996,0,3.7726302842690043,93.0,3.8989547038327528,27.0,1.1010452961672472,left,0.0,False,0
SVN,1996,1,3.840975015023232,57.0,5.876606683804627,19.299999999999997,0.8766066838046269,center,0.0,False,0
SVN,1996,2,3.475445218808657,69.0,6.181333333333333,16.099999999999994,1.181333333333333,right,0.0,False,0
SVN,1996,4,3.6764541764139262,65.0,3.4405286343612334,9.0,1.5594713656387666,left,0.0,False,0
SVN,2004,0,3.1192403291868227,118.0,6.955473098330241,29.07999999999999,1.9554730983302413,right,0.0,False,0
SVN,2004,1,3.4390987114010954,86.0,3.190562613430127,22.800000000000004,1.809437386569873,left,0.0,False,0
SVN,2004,2,3.1895206466069146,64.0,3.5064935064935066,10.169999999999998,1.4935064935064934,left,0.0,False,0
SVN,2008,0,3.0252188296608726,53.0,3.168374816983895,30.5,1.8316251830161052,left,0.0,False,0
SVN,2008,1,2.7574574574574573,30.0,6.651785714285714,29.300000000000008,1.6517857142857144,right,0.0,False,0
SVN,2008,2,3.593886334238255,34.0,3.100449775112444,9.400000000000002,1.8995502248875562,left,0.0,False,0
SVN,2008,3,4.432058137390878,30.0,4.050746268656717,7.5,0.9492537313432834,center,0.0,False,0
SVN,2011,1,2.8599216593509884,44.0,7.581504702194358,26.19,2.5815047021943576,right,0.0,False,0
SWE,1998,0,3.804030056518855,342.0,3.47871235721703,36.4,1.52128764278297,left,0.0,True,0
SWE,1998,1,3.775459015487904,202.0,9.01975051975052,22.899999999999995,4.01975051975052,right,0.0,True,0
SWE,1998,2,4.247325192703958,89.0,1.242798353909465,12.0,3.757201646090535,left,0.0,True,0
SWE,1998,3,4.225921279674484,70.0,6.970967741935484,11.800000000000002,1.9709677419354836,right,0.0,True,0
SWE,1998,4,4.408948909860071,35.0,5.427368421052631,5.1,0.4273684210526314,center,0.0,True,0
SWE,1998,5,4.833004908978199,47.0,6.403208556149733,4.700000000000001,1.4032085561497327,right,0.0,True,0
SWE,2002,0,3.9738699851317842,366.0,3.5181451612903225,39.85000000000001,1.4818548387096775,left,0.0,True,0
SWE,2002,1,4.61721505942568,114.0,8.947368421052632,15.259999999999998,3.947368421052632,right,0.0,True,0
SWE,2002,2,4.784345878310948,135.0,6.542231491136601,13.389999999999999,1.5422314911366009,right,0.0,True,0
SWE,2002,3,4.557916064837104,66.0,7.134715025906735,9.150000000000004,2.1347150259067353,right,0.0,True,0
SWE,2002,4,4.606480048829858,102.0,1.3148335015136225,8.390000000000002,3.6851664984863772,left,0.0,True,0
SWE,2002,5,4.644541923520322,43.0,5.741735537190083,6.189999999999999,0.7417355371900829,center,0.0,True,0
SWE,2006,0,3.7406514674972158,343.0,3.548418024928092,34.99000000000001,1.4515819750719081,left,0.0,True,0
SWE,2006,1,3.9434342929085906,210.0,8.496631376323387,26.23,3.4966313763233874,right,0.0,True,0
SWE,2006,2,4.670878981485241,75.0,6.25,7.879999999999998,1.25,right,0.0,True,0
SWE,2006,3,5.058528589733452,75.0,6.75266731328807,7.540000000000003,1.75266731328807,right,0.0,True,0
SWE,2006,4,4.682322820218117,60.0,6.891838741396263,6.5900000000000025,1.8918387413962634,right,0.0,True,0
SWE,2006,5,4.003963927481866,74.0,1.342003853564547,5.85,3.657996146435453,left,0.0,True,0
SWE,2006,6,4.296126555179456,62.0,3.543307086614173,5.24,1.4566929133858268,left,0.0,True,0
SWE,2014,0,3.727188285065821,233.0,3.7264631043257,31.009999999999994,1.2735368956743,left,0.0,True,0
SWE,2014,1,3.8436061434558533,178.0,8.18542199488491,23.32999999999999,3.1854219948849103,right,0.0,True,0
SWE,2014,2,4.283859813862665,30.0,7.1940740740740745,12.859999999999998,2.1940740740740745,right,0.0,True,0
SWE,2014,3,4.528870756622005,66.0,3.854922279792746,6.89,1.145077720207254,left,0.0,True,0
SWE,2014,4,4.403979388289404,51.0,6.265122265122265,6.110000000000001,1.2651222651222653,right,0.0,True,0
SWE,2014,5,4.245328554451851,51.0,1.4335038363171355,5.7200000000000015,3.5664961636828645,left,0.0,True,0
SWE,2014,6,4.732286894691279,42.0,6.59741935483871,5.42,1.59741935483871,right,0.0,True,0
SWE,2018,0,3.131322783045786,876.0,3.1728699666052673,28.259999999999994,1.8271300333947327,left,0.0,True,0
SWE,2018,1,3.633958442416201,555.0,8.19274469886714,19.84,3.1927446988671395,right,0.0,True,0
SWE,2018,2,3.263725170734677,377.0,8.272425943474364,17.53,3.2724259434743637,right,0.0,True,0
SWE,2018,3,3.98868366584155,277.0,5.79774343629746,8.609999999999998,0.79774343629746,center,0.0,True,0
SWE,2018,4,3.6611745231787265,284.0,0.8354046129645841,8.0,4.1645953870354155,left,0.0,True,0
SWE,2018,5,4.163298414054996,150.0,7.437390787128957,6.319999999999999,2.4373907871289573,right,0.0,True,0
SWE,2018,6,4.156755935477538,226.0,6.348573069935601,5.490000000000001,1.3485730699356013,right,0.0,True,0
SWE,2018,7,4.260065826912821,132.0,2.8578057837637783,4.409999999999998,2.1421942162362217,left,0.0,True,0
SWE,2018,8,3.8274343659122008,36.0,1.8943782411056638,0.4600000000000001,3.105621758894336,left,0.0,True,0
THA,2007,0,2.401287201190504,122.0,5.790886899918633,41.10000000000001,0.7908868999186334,center,0.0,False,0
THA,2007,1,3.0885792251225364,89.0,4.960162601626016,40.39999999999999,0.03983739837398392,center,0.0,False,0
THA,2011,0,2.031351989411409,98.0,6.225872689938399,48.40999999999998,1.2258726899383987,right,0.0,False,0
THA,2011,1,2.739664134809047,60.0,5.077689243027889,35.14999999999999,0.07768924302788882,center,0.0,False,0
THA,2019,1,3.8476832334347124,80.0,4.2289803220035775,22.160000000000004,0.7710196779964225,center,0.0,False,0
TUR,2011,0,1.8606530995357593,484.0,8.056750024068041,49.830000000000005,3.056750024068041,right,0.0,False,0
TUR,2011,1,1.6981829216474265,181.0,1.8676871162103192,25.980000000000004,3.1323128837896808,left,0.0,False,0
TUR,2011,2,2.2824055242550148,63.0,7.899841081825658,13.01,2.8998410818256577,right,0.0,False,0
TUR,2011,3,2.1471473591095362,49.0,2.294943275457991,,2.705056724542009,left,0.0,False,0
TUR,2015,0,1.5061056488439932,380.0,8.380784914028375,40.87,3.380784914028375,right,0.0,False,0
TUR,2015,1,1.300648586170148,214.0,2.0066493499723306,24.949999999999996,2.9933506500276694,left,0.0,False,0
TUR,2015,2,1.5450703706352962,114.0,7.053074691549776,16.289999999999992,2.053074691549776,right,0.0,False,0
TUR,2015,3,1.2982133879052076,95.0,1.416718396863415,13.120000000000001,3.583281603136585,left,0.0,False,0
TUR,2018,0,1.9003890818784062,442.0,8.469875850663861,42.55999999999999,3.469875850663861,right,0.0,False,0
TUR,2018,1,1.8634249410690436,168.0,2.259295333095906,22.65,2.740704666904094,left,0.0,False,0
TUR,2018,2,1.4160569891043986,46.0,1.4408074475381678,11.7,3.559192552461832,left,0.0,False,0
TUR,2018,3,4.096030423265134,47.0,7.835864048925072,11.099999999999996,2.835864048925072,right,0.0,False,0
TUR,2018,4,1.916254386771427,36.0,5.394529268797627,9.960000000000004,0.3945292687976272,center,0.0,False,0
TWN,1996,0,3.5331148413715088,277.0,5.7976190476190474,49.600000000000016,0.7976190476190474,center,0.0,True,0
TWN,1996,1,3.416860415052097,147.0,4.4421487603305785,29.800000000000008,0.5578512396694215,center,0.0,True,0
TWN,1996,2,3.4915160406344286,91.0,5.109375,13.599999999999996,0.109375,center,0.0,True,0
TWN,2001,0,3.517264136443255,585.0,4.651939655172414,33.39999999999999,0.3480603448275863,center,0.0,True,0
TWN,2001,1,4.1902824866200685,294.0,5.907838983050848,28.60000000000001,0.9078389830508478,center,0.0,True,0
TWN,2001,2,4.186831646694275,260.0,5.329885057471264,18.599999999999994,0.3298850574712642,center,0.0,True,0
TWN,2004,0,2.990999024610065,501.0,4.897057665812548,,0.10294233418745158,center,0.0,True,0
TWN,2004,1,3.525012872007887,371.0,5.524759928642017,,0.524759928642017,center,0.0,True,0
TWN,2004,2,3.753425125232552,159.0,5.111211128617573,,0.11121112861757343,center,0.0,True,0
TWN,2004,3,2.8488742780626852,52.0,5.037412245764122,,0.03741224576412172,center,0.0,True,0
TWN,2008,0,2.973979709113147,644.0,6.233561261118794,,1.233561261118794,right,0.0,True,0
TWN,2008,1,3.01977379888584,519.0,4.208603715166195,,0.7913962848338052,center,0.0,True,0
UKR,1998,0,2.97066854531436,256.0,1.8036363636363637,24.699999999999992,3.1963636363636363,left,0.0,False,0
UKR,1998,1,1.2730277535045231,55.0,7.31909212283044,9.400000000000002,2.3190921228304404,right,0.0,False,0
URY,2009,0,1.842988837332907,472.0,2.323756906077348,47.96,2.676243093922652,left,0.0,True,0
URY,2009,1,3.149215316120639,204.0,7.7986501687289085,29.07,2.7986501687289085,right,0.0,True,0
URY,2009,2,3.444341921430726,122.0,7.675862068965517,17.020000000000003,2.6758620689655173,right,0.0,True,0
URY,2019,0,1.9064734262628642,492.0,2.845886577434837,40.489999999999995,2.154113422565163,left,0.0,True,0
URY,2019,1,3.47937469306376,363.0,7.826537709684501,29.699999999999992,2.8265377096845006,right,0.0,True,0
URY,2019,2,4.1491368915945115,106.0,7.057303236913393,12.799999999999997,2.057303236913393,right,0.0,True,0
URY,2019,3,4.227342179749084,40.0,7.6639226760768535,11.46,2.6639226760768535,right,0.0,True,0
USA,2004,0,3.4294488522961744,383.0,6.61034811301267,49.89999999999998,1.6103481130126696,right,1.0,True,0
USA,2004,1,3.0523130801854332,424.0,4.150723220704529,47.39999999999998,0.8492767792954714,center,1.0,True,0
USA,2008,0,3.431048720066061,1211.0,5.209809264305177,53.17999999999998,0.20980926430517677,center,1.0,True,0
USA,2008,1,4.073455759599332,599.0,5.653700702323069,42.529999999999994,0.6537007023230688,center,1.0,True,0
USA,2012,0,3.092162858919297,1037.0,4.0770703104921155,48.399999999999984,0.9229296895078845,center,1.0,True,0
USA,2012,1,2.9114965975928677,422.0,6.519525121937305,47.10000000000001,1.5195251219373054,right,1.0,True,0
USA,2016,0,2.7795705904226535,1576.0,3.491663298625368,47.3,1.508336701374632,left,1.0,True,0
USA,2016,1,2.6989173546055825,1452.0,6.743769619542251,48.35000000000001,1.7437696195422507,right,1.0,True,0
USA,2020,0,1.9967380455400656,3128.0,3.289535318363898,50.26999999999999,1.7104646816361022,left,1.0,True,0
USA,2020,1,1.7822191950913002,2674.0,7.111263040282378,47.23000000000002,2.1112630402823784,right,1.0,True,0
ZAF,2009,0,2.9716981161036857,553.0,6.447227191413238,65.89999999999999,1.447227191413238,right,0.0,False,0
ZAF,2009,1,3.3552406686663563,169.0,4.671296296296297,16.660000000000004,0.3287037037037033,center,0.0,False,0
ZAF,2009,2,4.65816740093235,41.0,4.034682080924855,7.420000000000001,0.9653179190751446,center,0.0,False,0
ZAF,2014,0,2.7519506837681087,478.0,5.809316045291287,62.149999999999984,0.8093160452912871,center,0.0,False,0
ZAF,2014,1,2.885688053442721,197.0,4.808711460057944,22.229999999999997,0.19128853994205564,center,0.0,False,0
ZAF,2014,2,4.531515315170901,65.0,3.395179871205739,6.349999999999999,1.6048201287942612,left,0.0,False,0
