variable,domain,type,stat_label,question,overall,CON,CON_hi_ae,CON_lo_ae,CON_hi_pc,CON_lo_pc,SD,SD_hi_so,SD_lo_so,SD_hi_ae,SD_lo_ae,SD_hi_pc,SD_lo_pc,STY,STY_hi_so,STY_lo_so,STY_hi_ae,STY_lo_ae,STY_hi_pc,STY_lo_pc,NAT,NAT_hi_ae,NAT_lo_ae,LIB,LIB_hi_pc,LIB_lo_pc,POP,POP_hi_ae,POP_lo_ae,POP_hi_pc,POP_lo_pc,CUP,CUP_hi_pc,CUP_lo_pc,DSA,DSA_hi_ae,DSA_lo_ae,PRG,factor_sensitive_so,factor_sensitive_ae,factor_sensitive_rt,factor_sensitive_pc,fd_senate_condorcet,fd_senate_irv,fd_house
CC24_341a,Taxes & Economy,binary,% Supporting,Extend the 2017 tax cuts,62.9096,85.1391,87.439,82.8392,91.1974,79.0808,48.868,55.1865,42.5495,51.1679,46.5681,54.9263,42.8097,60.5274,66.8459,54.2089,62.8273,58.2275,66.5857,54.4691,93.7855,96.0854,91.4856,33.0026,39.0609,26.9443,75.7089,78.0088,73.409,81.7672,69.6506,76.3888,82.4471,70.3305,28.8072,31.1071,26.5073,11.7472,True,False,False,True,66.9225,64.81820588235294,61.74957697594501
CC24_341b,Taxes & Economy,binary,% Supporting,Raise corporate income tax from 21% to 28%,57.6828,38.8283,35.315,42.3416,31.6354,46.0212,80.3757,73.9937,86.7577,76.8624,83.889,73.1828,87.5686,53.4382,47.0562,59.8202,49.9249,56.9515,46.2453,60.6311,6.6686,3.1553,10.1819,90.7269,83.534,97.9198,33.5886,30.0753,37.1019,26.3957,40.7815,53.0495,45.8566,60.2424,88.5291,85.0158,92.0424,97.349,True,True,False,True,59.564203921568634,61.23175294117647,59.08305063001144
CC24_341c,Taxes & Economy,binary,% Supporting,Allow rates on $400k+ earners to rise to 35%,65.3484,52.531,48.8835,56.1785,45.082,59.98,86.3894,80.0555,92.7233,82.7419,90.0369,78.9404,93.8384,58.7368,52.4029,65.0707,55.0893,62.3843,51.2878,66.1858,7.5546,3.9071,11.2021,98.0046,90.5556,100.0,37.998,34.3505,41.6455,30.549,45.447,62.0599,54.6109,69.5089,99.6371,95.9896,100.0,100.0,True,True,False,True,68.34068039215688,70.70820588235296,66.64663642611686
CC24_341d,Taxes & Economy,binary,% Supporting,Spend $150B/yr on infrastructure,80.4546,78.4184,76.1032,80.7336,74.7387,82.0981,90.7076,87.824,93.5912,88.3924,93.0228,87.0279,94.3873,70.879,67.9954,73.7626,68.5638,73.1942,67.1993,74.5587,54.8584,52.5432,57.1736,97.4358,93.7561,100.0,61.252,58.9368,63.5672,57.5723,64.9317,79.6649,75.9852,83.3446,95.4743,93.1591,97.7895,99.527,False,False,False,True,82.53387450980392,84.76450784313727,81.48446254295531
CC24_302,Taxes & Economy,ordinal,Weighted mean,Household income change past year (1=Increased a lot … 5=Decreased a lot),3.1199,3.2872,3.3368,3.2376,3.3519,3.2225,2.949,2.998,2.9,2.9986,2.8994,3.0137,2.8843,3.1641,3.2131,3.1151,3.2137,3.1145,3.2288,3.0994,3.5477,3.5973,3.4981,2.6856,2.7503,2.6209,3.4277,3.4773,3.3781,3.4924,3.363,3.0302,3.0949,2.9655,3.0358,3.0854,2.9862,2.7421,True,True,False,True,3.066250980392157,3.076917647058824,3.093724627720504
CC24_302,Taxes & Economy,ordinal_dist,% Increased a lot,Household income change past year (1=Increased a lot … 5=Decreased a lot),3.03,1.16,0.8329,1.4871,0.8587,1.4613,4.0,3.7785,4.2215,3.6729,4.3271,3.6987,4.3013,3.28,3.0585,3.5015,2.9529,3.6071,2.9787,3.5813,1.13,0.8029,1.4571,4.88,4.5787,5.1813,1.78,1.4529,2.1071,1.4787,2.0813,5.87,5.5687,6.1713,2.86,2.5329,3.1871,5.36,False,False,False,False,3.8986960784313722,2.9992823529411767,3.3638006872852233
CC24_302,Taxes & Economy,ordinal_dist,% Increased somewhat,Household income change past year (1=Increased a lot … 5=Decreased a lot),19.74,12.07,10.7087,13.4313,9.813,14.327,25.75,23.7897,27.7103,24.3887,27.1113,23.493,28.007,19.94,17.9797,21.9003,18.5787,21.3013,17.683,22.197,6.44,5.0787,7.8013,35.05,32.793,37.307,11.67,10.3087,13.0313,9.413,13.927,18.05,15.793,20.307,25.17,23.8087,26.5313,34.76,False,False,False,False,19.805950980392154,20.247564705882354,20.292993241695303
CC24_302,Taxes & Economy,ordinal_dist,% Stayed same,Household income change past year (1=Increased a lot … 5=Decreased a lot),50.26,55.02,54.7584,55.2816,55.1355,54.9045,49.56,49.992,49.128,49.2984,49.8216,49.6755,49.4445,46.94,47.372,46.508,46.6784,47.2016,47.0555,46.8245,48.85,48.5884,49.1116,50.05,50.1655,49.9345,46.53,46.2684,46.7916,46.6455,46.4145,51.67,51.7855,51.5545,47.13,46.8684,47.3916,46.05,False,False,False,False,51.29574509803922,51.94780000000001,50.21458934707903
CC24_302,Taxes & Economy,ordinal_dist,% Decreased somewhat,Household income change past year (1=Increased a lot … 5=Decreased a lot),16.15,20.37,21.3225,19.4175,21.6457,19.0943,12.71,13.7172,11.7028,13.6625,11.7575,13.9857,11.4343,16.75,17.7572,15.7428,17.7025,15.7975,18.0257,15.4743,23.69,24.6425,22.7375,6.66,7.9357,5.3843,22.02,22.9725,21.0675,23.2957,20.7443,16.01,17.2857,14.7343,15.19,16.1425,14.2375,7.95,False,False,False,False,15.75828431372549,15.655715686274508,15.849654753722794
CC24_302,Taxes & Economy,ordinal_dist,% Decreased a lot,Household income change past year (1=Increased a lot … 5=Decreased a lot),10.82,11.38,12.3772,10.3828,12.5472,10.2128,7.97,8.7131,7.2269,8.9672,6.9728,9.1372,6.8028,13.08,13.8231,12.3369,14.0772,12.0828,14.2472,11.9128,19.89,20.8872,18.8928,3.36,4.5272,2.1928,17.99,18.9872,16.9928,19.1572,16.8228,8.4,9.5672,7.2328,9.65,10.6472,8.6528,5.87,False,False,False,False,9.237117647058822,9.145405882352941,10.274768384879728
CC24_303,Taxes & Economy,ordinal,Weighted mean,Price change past year (1=Increased a lot … 5=Decreased a lot),1.6116,1.3256,1.2902,1.361,1.2564,1.3948,1.8281,1.7644,1.8918,1.7927,1.8635,1.7589,1.8973,1.7436,1.6799,1.8073,1.7082,1.779,1.6744,1.8128,1.193,1.1576,1.2284,2.0245,1.9553,2.0937,1.3853,1.3499,1.4207,1.3161,1.4545,1.5351,1.4659,1.6043,1.7634,1.728,1.7988,2.0963,True,False,False,True,1.6164019607843136,1.6159470588235292,1.6282878579610536
CC24_303,Taxes & Economy,ordinal_dist,% Increased a lot,Price change past year (1=Increased a lot … 5=Decreased a lot),55.11,73.98,76.5734,71.3866,78.7467,69.2133,39.69,43.9693,35.4107,42.2834,37.0966,44.4567,34.9233,49.52,53.7993,45.2407,52.1134,46.9266,54.2867,44.7533,83.63,86.2234,81.0366,26.98,31.7467,22.2133,72.54,75.1334,69.9466,77.3067,67.7733,57.96,62.7267,53.1933,43.18,45.7734,40.5866,23.8,True,False,False,True,54.04743137254902,54.27140196078432,53.858691752577315
CC24_303,Taxes & Economy,ordinal_dist,% Increased somewhat,Price change past year (1=Increased a lot … 5=Decreased a lot),32.57,21.37,19.5776,23.1624,18.3264,24.4136,43.0,40.3762,45.6238,41.2076,44.7924,39.9564,46.0436,32.64,30.0162,35.2638,30.8476,34.4324,29.5964,35.6836,14.18,12.3876,15.9724,50.71,47.6664,53.7536,20.48,18.6876,22.2724,17.4364,23.5236,32.47,29.4264,35.5136,41.16,39.3676,42.9524,50.51,False,False,False,True,33.797450980392156,33.68838823529412,33.43627674684994
CC24_303,Taxes & Economy,ordinal_dist,% Stayed same,Price change past year (1=Increased a lot … 5=Decreased a lot),8.87,3.18,2.5782,3.7818,1.9326,4.4274,12.34,11.1463,13.5337,11.7382,12.9418,11.0926,13.5874,13.08,11.8863,14.2737,12.4782,13.6818,11.8326,14.3274,1.77,1.1682,2.3718,15.35,14.1026,16.5974,4.14,3.5382,4.7418,2.8926,5.3874,8.19,6.9426,9.4374,11.89,11.2882,12.4918,18.3,False,False,False,False,9.098352941176472,8.568711764705883,9.204302863688433
CC24_303,Taxes & Economy,ordinal_dist,% Decreased somewhat,Price change past year (1=Increased a lot … 5=Decreased a lot),2.95,1.06,0.8045,1.3155,0.539,1.581,4.75,4.2645,5.2355,4.4945,5.0055,4.229,5.271,3.49,3.0045,3.9755,3.2345,3.7455,2.969,4.011,0.1,0.0,0.3555,6.79,6.269,7.311,1.58,1.3245,1.8355,1.059,2.101,0.89,0.369,1.411,3.66,3.4045,3.9155,7.06,False,False,False,False,2.5945588235294115,3.122941176470588,3.028525773195877
CC24_303,Taxes & Economy,ordinal_dist,% Decreased a lot,Price change past year (1=Increased a lot … 5=Decreased a lot),0.5,0.41,0.4653,0.3547,0.4554,0.3646,0.22,0.2438,0.1962,0.2753,0.1647,0.2654,0.1746,1.27,1.2938,1.2462,1.3253,1.2147,1.3154,1.2246,0.32,0.3753,0.2647,0.17,0.2154,0.1246,1.26,1.3153,1.2047,1.3054,1.2146,0.5,0.5454,0.4546,0.1,0.1553,0.0447,0.34,False,False,False,False,0.46544117647058825,0.34921372549019614,0.47716941580756017
CC24_323a,Immigration,binary,% Supporting,Grant legal status to long-term undocumented immigrants,59.2294,30.2296,26.1366,34.3226,21.2091,39.2501,82.7113,74.7135,90.7091,78.6183,86.8043,73.6908,91.7318,75.1003,67.1025,83.0981,71.0073,79.1933,66.0798,84.1208,0.201,0.0,4.294,98.3073,89.2868,100.0,12.3442,8.2512,16.4372,3.3237,21.3647,59.9703,50.9498,68.9908,99.3685,95.2755,100.0,99.9762,True,True,False,True,63.24042941176471,60.490803921568634,60.263056701030926
CC24_323b,Immigration,binary,% Supporting,Increase border patrols,79.5714,99.4845,99.1312,99.8378,100.0,94.6235,72.2397,78.4988,65.9806,71.8864,72.593,77.1007,67.3787,64.8119,71.071,58.5528,64.4586,65.1652,69.6729,59.9509,100.0,99.6467,100.0,75.3309,80.1919,70.4699,89.1047,88.7514,89.458,93.9657,84.2437,93.2013,98.0623,88.3403,18.338,17.9847,18.6913,40.627,True,False,False,True,84.55154509803923,84.88096666666667,78.7874479954181
CC24_323d,Immigration,binary,% Supporting,Permanent status/pathway for Dreamers,70.4041,53.0032,49.2137,56.7927,44.5825,61.4239,98.3844,91.4489,100.0,94.5949,100.0,89.9637,100.0,86.6809,79.7454,93.6164,82.8914,90.4704,78.2602,95.1016,0.282,0.0,4.0715,99.9717,91.551,100.0,27.6665,23.877,31.456,19.2458,36.0872,72.2816,63.8609,80.7023,100.0,96.2105,100.0,100.0,True,True,False,True,78.46871176470587,76.81443333333334,71.88105063001146
CC24_323f,Immigration,binary,% Supporting,Forgive up to $20k of student loan debt per person,54.1862,25.7075,23.3981,28.0169,18.2571,33.1579,79.6209,72.3055,86.9363,77.3115,81.9303,72.1705,87.0713,70.5324,63.217,77.8478,68.223,72.8418,63.082,77.9828,5.2886,2.9792,7.598,82.7126,75.2622,90.163,30.2371,27.9277,32.5465,22.7867,37.6875,47.291,39.8406,54.7414,95.8983,93.5889,98.2077,93.6354,True,False,False,True,56.03694901960784,54.89014705882353,55.97745452462773
CC24_340f,Immigration,binary,% Supporting,Deny asylum for illegal border crossings,63.1681,99.8093,100.0,98.0435,100.0,91.3734,39.458,48.8097,30.1063,41.2238,37.6922,47.8939,31.0221,39.6282,48.9799,30.2765,41.394,37.8624,48.0641,31.1923,100.0,100.0,98.2342,29.4301,37.866,20.9942,87.0888,88.8546,85.323,95.5247,78.6529,82.0974,90.5333,73.6615,0.0336,1.7994,0.0,0.1145,True,False,False,True,66.51099607843138,65.62648235294117,60.13740423825887
CC24_321a,Police & Guns,binary,% Supporting,Ban assault rifles,59.5554,40.7492,37.1826,44.3158,33.2294,48.269,80.9072,74.3235,87.4909,77.3406,84.4738,73.3874,88.427,63.1428,56.5591,69.7265,59.5762,66.7094,55.623,70.6626,6.4067,2.8401,9.9733,91.4934,83.9736,99.0132,27.0589,23.4923,30.6255,19.5391,34.5787,58.5513,51.0315,66.0711,93.1937,89.6271,96.7603,96.5447,True,True,False,True,63.09550196078432,62.99876862745098,61.13039679266897
CC24_321b,Police & Guns,binary,% Supporting,Easier concealed-carry permits,38.9291,54.9176,58.1559,51.6793,62.3315,47.5037,20.1692,26.7996,13.5388,23.4075,16.9309,27.5831,12.7553,36.5762,43.2066,29.9458,39.8145,33.3379,43.9901,29.1623,91.7736,95.0119,88.5353,7.2956,14.7095,0.0,67.8831,71.1214,64.6448,75.297,60.4692,44.222,51.6359,36.8081,1.9058,5.1441,0.0,1.1018,True,True,False,True,37.097974509803926,35.70235490196079,37.57052840778923
CC24_321c,Police & Guns,binary,% Supporting,Require background checks on all gun sales,92.5023,93.8034,92.5157,95.0911,91.8353,95.7715,98.4429,97.0656,99.8202,97.1552,99.7306,96.4748,100.0,88.7939,87.4166,90.1712,87.5062,90.0816,86.8258,90.762,75.8481,74.5604,77.1358,99.5799,97.6118,100.0,80.3952,79.1075,81.6829,78.4271,82.3633,94.8726,92.9045,96.8407,99.6987,98.411,100.0,99.647,False,False,False,False,95.35230588235294,96.00334705882352,93.37213505154638
CC24_321d,Police & Guns,binary,% Supporting,Increase police by 10%,56.7169,99.714,100.0,99.1599,100.0,92.8619,31.436,39.8121,23.0599,31.9901,30.8819,38.2881,24.5839,34.9589,43.335,26.5828,35.513,34.4048,41.811,28.1068,100.0,100.0,99.4459,35.5848,42.4369,28.7327,44.166,44.7201,43.6119,51.0181,37.3139,65.1423,71.9944,58.2902,0.2707,0.8248,0.0,0.3959,True,False,False,True,58.55349411764706,62.138196078431385,53.430703092783496
CC24_321e,Police & Guns,binary,% Supporting,"Decrease police by 10%, increase other funding",26.7993,1.8792,1.4905,2.2679,0.0,7.5631,39.5124,32.5111,46.5137,39.1237,39.9011,33.8285,45.1963,39.1405,32.1392,46.1418,38.7518,39.5292,33.4566,44.8244,0.1097,0.0,0.4984,35.6377,29.9538,41.3216,19.5421,19.1534,19.9308,13.8582,25.226,16.6141,10.9302,22.298,87.2103,86.8216,87.599,75.5713,True,False,False,True,23.283019607843137,22.007372549019607,28.554439977090503
CC24_321f,Police & Guns,binary,% Supporting,Increase spending on mental health & school safety,86.4629,86.5553,84.4691,88.6415,82.9586,90.152,95.922,93.2625,98.5815,93.8358,98.0082,92.3253,99.5187,85.8456,83.1861,88.5051,83.7594,87.9318,82.2489,89.4423,54.075,51.9888,56.1612,98.4488,94.8521,100.0,66.5524,64.4662,68.6386,62.9557,70.1491,90.4463,86.8496,94.043,99.0147,96.9285,100.0,99.6192,False,False,False,True,91.25258431372549,91.49433137254903,87.78635784650629
CC24_325,Abortion,continuous,Median,Abortion: how many weeks should it be legal,13.0,10.0,9.1109,10.8891,8.0638,11.9362,18.0,16.0331,19.9669,17.1109,18.8891,16.0638,19.9362,13.0,11.0331,14.9669,12.1109,13.8891,11.0638,14.9362,7.0,6.1109,7.8891,24.0,22.0638,25.9362,8.0,7.1109,8.8891,6.0638,9.9362,12.0,10.0638,13.9362,28.0,27.1109,28.8891,32.0,True,False,False,True,13.84585294117647,14.603360784313725,15.488230584192436
CC24_325,Abortion,continuous,Q25,Abortion: how many weeks should it be legal,6.0,4.0,3.1939,4.8061,2.1816,5.8184,10.0,8.1519,11.8481,9.1939,10.8061,8.1816,11.8184,6.0,4.1519,7.8481,5.1939,6.8061,4.1816,7.8184,0.0,-0.8061,0.8061,16.0,14.1816,17.8184,1.0,0.1939,1.8061,-0.8184,2.8184,4.0,2.1816,5.8184,20.0,19.1939,20.8061,24.0,True,False,False,True,6.4261470588235285,7.472909803921569,8.147170332187859
CC24_325,Abortion,continuous,Q75,Abortion: how many weeks should it be legal,24.0,15.0,14.0363,15.9637,12.5616,17.4384,26.0,23.5367,28.4633,25.0363,26.9637,23.5616,28.4384,23.0,20.5367,25.4633,22.0363,23.9637,20.5616,25.4384,12.0,11.0363,12.9637,36.0,33.5616,38.4384,14.0,13.0363,14.9637,11.5616,16.4384,19.0,16.5616,21.4384,40.0,39.0363,40.9637,40.0,True,False,False,True,21.14842156862745,21.73578039215686,23.1493036655212
CC24_324b,Abortion,binary,% Supporting,Permit abortion only in rape/incest/life danger cases,51.3964,72.6163,74.3944,70.8382,77.7943,67.4383,36.9495,42.6006,31.2984,38.7276,35.1714,42.1275,31.7715,56.8046,62.4557,51.1535,58.5827,55.0265,61.9826,51.6266,72.2413,74.0194,70.4632,25.7348,30.9128,20.5568,60.3942,62.1723,58.6161,65.5722,55.2162,65.4458,70.6238,60.2678,14.1527,15.9308,12.3746,6.143,True,False,False,True,56.3161431372549,53.45922156862745,50.43916941580757
CC24_340b,Abortion,binary,% Supporting,Prohibit restrictions on abortion access (Congress bill),63.0207,48.7144,46.2351,51.1937,43.2212,54.2076,82.7413,77.649,87.8336,80.262,85.2206,77.2481,88.2345,53.177,48.0847,58.2693,50.6977,55.6563,47.6838,58.6702,31.5194,29.0401,33.9987,88.8153,83.3221,94.3085,43.5041,41.0248,45.9834,38.0109,48.9973,53.8649,48.3717,59.3581,94.0501,91.5708,96.5294,95.6766,True,False,False,True,62.638329411764715,66.13003529411765,64.15247835051547
CC24_444c,Abortion,binary,% Supporting,Prohibit abortion-inducing drugs by mail,41.2474,63.5861,65.7001,61.4721,69.7528,57.4194,22.9448,29.1481,16.7415,25.0588,20.8308,29.1115,16.7781,39.0023,45.2056,32.799,41.1163,36.8883,45.169,32.8356,74.6758,76.7898,72.5618,11.1838,17.3505,5.0171,58.7169,60.8309,56.6029,64.8836,52.5502,54.5528,60.7195,48.3861,3.7817,5.8957,1.6677,1.466,True,False,False,True,43.88212549019608,41.50066274509803,40.32468327605957
CC24_444d,Abortion,binary,% Supporting,Prohibit women traveling to another state for abortion,18.4855,27.1627,28.1551,26.1703,29.7225,24.6029,8.8986,11.4985,6.2987,9.891,7.9062,11.4584,6.3388,25.6106,28.2105,23.0107,26.603,24.6182,28.1704,23.0508,27.2533,28.2457,26.2609,3.6846,6.2444,1.1248,26.8387,27.8311,25.8463,29.3985,24.2789,28.0167,30.5765,25.4569,0.469,1.4614,0.0,0.1411,False,False,False,False,20.968321568627452,17.88599019607844,18.211589003436426
CC24_340c,Civil Liberties,binary,% Supporting,Federal recognition of same-sex & interracial marriages,66.0666,47.846,44.8671,50.8249,41.3606,54.3314,95.9375,90.1162,100.0,92.9586,98.9164,89.4521,100.0,54.3011,48.4798,60.1224,51.3222,57.28,47.8157,60.7865,26.541,23.5621,29.5199,97.2584,90.773,100.0,43.4016,40.4227,46.3805,36.9162,49.887,55.8161,49.3307,62.3015,98.4739,95.495,100.0,99.9117,True,False,False,True,67.50251764705884,71.73830392156864,67.67351901489117
CC24_340d,Civil Liberties,binary,% Supporting,Ban TikTok unless China sells to a US company,55.4871,73.6451,73.3235,73.9667,76.9815,70.3087,44.4839,48.7025,40.2653,44.1623,44.8055,47.8203,41.1475,40.7118,44.9304,36.4932,40.3902,41.0334,44.0482,37.3754,76.8622,76.5406,77.1838,52.3658,55.7022,49.0294,54.7864,54.4648,55.108,58.1228,51.45,62.4261,65.7625,59.0897,20.813,20.4914,21.1346,32.151,True,False,False,True,56.88956470588235,58.638788235294115,54.68662142038947
CC24_340e,Civil Liberties,binary,% Supporting,Renew post-9/11 surveillance programs,34.0178,45.1447,43.8497,46.4397,44.7211,45.5683,36.4273,37.7676,35.087,35.1323,37.7223,36.0037,36.8509,30.2967,31.637,28.9564,29.0017,31.5917,29.8731,30.7203,9.4977,8.2027,10.7927,43.0105,42.5869,43.4341,21.3699,20.0749,22.6649,20.9463,21.7935,45.6591,45.2355,46.0827,18.3327,17.0377,19.6277,3.7548,False,False,False,False,41.25536274509803,41.24161176470589,33.71899243986254
CC24_444a,Civil Liberties,binary,% Supporting,Prevent gender transition surgery for minors,60.1484,78.1244,80.3154,75.9334,83.9855,72.2633,48.9304,54.9275,42.9333,51.1214,46.7394,54.7915,43.0693,60.1361,66.1332,54.139,62.3271,57.9451,65.9972,54.275,88.9089,91.0999,86.7179,32.5615,38.4226,26.7004,78.3789,80.5699,76.1879,84.24,72.5178,72.2826,78.1437,66.4215,21.6662,23.8572,19.4752,15.5509,True,False,False,True,63.93497843137255,61.62416470588236,59.3014476517755
CC24_444b,Civil Liberties,binary,% Supporting,Parental consent for name/pronoun changes at school,62.7367,85.3977,87.8442,82.9512,92.4005,78.3949,45.6794,53.0219,38.3369,48.1259,43.2329,52.6822,38.6766,63.6007,70.9432,56.2582,66.0472,61.1542,70.6035,56.5979,94.3123,96.7588,91.8658,34.6172,41.62,27.6144,85.0514,87.4979,82.6049,92.0542,78.0486,75.434,82.4368,68.4312,11.6714,14.1179,9.2249,7.6704,True,False,False,True,66.07789607843138,63.991794117647075,61.03281214203895
CC24_444e,Civil Liberties,binary,% Supporting,Age verification for adult web content,78.7779,88.5785,89.0508,88.1062,90.738,86.419,75.2629,77.9676,72.5582,75.7352,74.7906,77.4224,73.1034,77.5991,80.3038,74.8944,78.0714,77.1268,79.7586,75.4396,87.0568,87.5291,86.5845,72.9322,75.0917,70.7727,78.8884,79.3607,78.4161,81.0479,76.7289,83.4249,85.5844,81.2654,59.0949,59.5672,58.6226,53.2211,False,False,False,False,81.24635490196077,81.34779215686277,78.10518888888889
CC24_444f,Civil Liberties,binary,% Supporting,School voucher subsidies,56.1512,70.5407,73.3736,67.7078,75.9581,65.1233,44.454,49.5834,39.3246,47.2869,41.6211,49.8714,39.0366,61.4132,66.5426,56.2838,64.2461,58.5803,66.8306,55.9958,86.9864,89.8193,84.1535,26.5249,31.9423,21.1075,71.3714,74.2043,68.5385,76.7888,65.954,65.6888,71.1062,60.2714,33.7039,36.5368,30.871,11.9711,True,False,False,True,58.56338823529411,55.67694705882352,55.176323482245124
CC24_326a,Environment & Climate,binary,% Supporting,Give EPA power to regulate CO2 emissions,62.3942,39.213,35.5877,42.8383,31.3534,47.0726,88.7817,81.8757,95.6877,85.1564,92.407,80.9221,96.6413,67.2327,60.3267,74.1387,63.6074,70.858,59.3731,75.0923,4.9293,1.304,8.5546,95.241,87.3814,100.0,31.6727,28.0474,35.298,23.8131,39.5323,63.453,55.5934,71.3126,96.8977,93.2724,100.0,98.6686,True,True,False,True,67.30609607843138,66.24293137254902,64.27919404352807
CC24_326b,Environment & Climate,binary,% Supporting,Require 20% renewable electricity,66.1221,44.5249,41.4335,47.6163,37.259,51.7908,90.3056,83.8832,96.728,87.2142,93.397,83.0397,97.5715,76.5382,70.1158,82.9606,73.4468,79.6296,69.2723,83.8041,8.9909,5.8995,12.0823,94.3359,87.07,100.0,39.5961,36.5047,42.6875,32.3302,46.862,67.4679,60.202,74.7338,96.9976,93.9062,100.0,98.0185,True,True,False,True,71.29670392156862,69.55183725490195,67.91553230240548
CC24_326c,Environment & Climate,binary,% Supporting,Strengthen Clean Air/Water Act enforcement (even if it costs jobs),55.1936,29.6793,26.3822,32.9764,21.9288,37.4298,77.0459,69.8621,84.2297,73.7488,80.343,69.2954,84.7964,62.6317,55.4479,69.8155,59.3346,65.9288,54.8812,70.3822,4.3782,1.0811,7.6753,90.4664,82.7159,98.2169,26.8186,23.5215,30.1157,19.0681,34.5691,51.2673,43.5168,59.0178,93.13,89.8329,96.4271,97.0091,True,True,False,True,56.815135294117646,56.28796666666667,56.69092187857963
CC24_326d,Environment & Climate,binary,% Supporting,Increase fossil fuel production in the U.S.,56.953,85.0649,87.2221,82.9077,92.2244,77.9054,36.3858,43.8468,28.9248,38.543,34.2286,43.5453,29.2263,50.0336,57.4946,42.5726,52.1908,47.8764,57.1931,42.8741,96.3562,98.5134,94.199,25.9202,33.0797,18.7607,74.0844,76.2416,71.9272,81.2439,66.9249,70.3257,77.4852,63.1662,10.0169,12.1741,7.8597,8.1938,True,False,False,True,59.735560784313726,58.55216862745098,55.61633642611684
CC24_326e,Environment & Climate,binary,% Supporting,Halt new oil and gas leases on federal lands,44.7229,19.5656,16.8974,22.2338,12.4085,26.7227,65.6536,58.6001,72.7071,62.9854,68.3218,58.4965,72.8107,50.8046,43.7511,57.8581,48.1364,53.4728,43.6475,57.9617,3.2241,0.5559,5.8923,74.3598,67.2027,81.5169,20.9991,18.3309,23.6673,13.842,28.1562,38.5447,31.3876,45.7018,87.6893,85.0211,90.3575,89.476,True,False,False,True,45.010282352941175,44.822278431372546,46.53173470790377
CC24_326f,Environment & Climate,binary,% Supporting,Prevent government from banning gas stoves,67.4904,78.2704,79.5193,77.0215,81.9758,74.565,61.4964,65.3799,57.6129,62.7453,60.2475,65.2018,57.791,62.1408,66.0243,58.2573,63.3897,60.8919,65.8462,58.4354,90.4861,91.735,89.2372,56.6433,60.3487,52.9379,77.1006,78.3495,75.8517,80.806,73.3952,71.5926,75.298,67.8872,44.1319,45.3808,42.883,36.8299,True,False,False,True,68.50379215686274,68.86096666666667,66.75224936998858
CC24_328a,Healthcare & Housing,binary,% Supporting,Relax local zoning laws to allow more apartments/condos,50.2392,41.7546,40.1871,43.3221,39.3513,44.1579,55.0034,52.8958,57.111,53.4359,56.5709,52.6001,57.4067,54.3716,52.264,56.4792,52.8041,55.9391,51.9683,56.7749,34.7906,33.2231,36.3581,63.0486,60.6453,65.4519,40.223,38.6555,41.7905,37.8197,42.6263,51.2787,48.8754,53.682,52.8005,51.233,54.368,69.6332,False,False,False,False,51.01257843137255,49.99005490196078,50.75996323024057
CC24_328b,Healthcare & Housing,binary,% Supporting,Expand federal tax incentives for affordable housing,72.447,59.6047,57.3682,61.8412,54.448,64.7614,86.792,82.2332,91.3508,84.5555,89.0285,81.6353,91.9487,78.9586,74.3998,83.5174,76.7221,81.1951,73.8019,84.1153,32.6072,30.3707,34.8437,92.8938,87.7371,98.0505,53.0424,50.8059,55.2789,47.8857,58.1991,72.9798,67.8231,78.1365,95.9166,93.6801,98.1531,96.6631,True,False,False,True,75.59631568627448,74.78383529411762,73.81246987399771
CC24_328c,Healthcare & Housing,binary,% Supporting,Require able-bodied Medicaid recipients under 64 to work,53.2651,69.5243,70.5919,68.4567,73.4804,65.5682,44.5384,49.0307,40.0461,45.606,43.4708,48.4945,40.5823,49.3468,53.8391,44.8545,50.4144,48.2792,53.3029,45.3907,72.7547,73.8223,71.6871,40.1937,44.1498,36.2376,58.3849,59.4525,57.3173,62.341,54.4288,58.7486,62.7047,54.7925,22.0528,23.1204,20.9852,17.1894,True,False,False,True,55.356511764705886,55.82386862745097,51.9746279495991
CC24_328d,Healthcare & Housing,binary,% Supporting,Repeal the Affordable Care Act,38.4834,62.1169,65.3332,58.9006,69.4011,54.8327,15.0659,21.6875,8.4443,18.2822,11.8496,22.3501,7.7817,33.492,40.1136,26.8704,36.7083,30.2757,40.7762,26.2078,85.7204,88.9367,82.5041,5.0445,12.3287,0.0,67.1593,70.3756,63.943,74.4435,59.8751,41.3864,48.6706,34.1022,3.5629,6.7792,0.3466,1.4684,True,True,False,True,35.920168627450984,36.16220588235294,36.816600801832756
CC24_328e,Healthcare & Housing,binary,% Supporting,Expand Medicaid (income <$25k individual / <$40k family),78.6882,67.2118,65.3298,69.0938,62.5666,71.857,93.4622,89.3547,97.5697,91.5802,95.3442,88.817,98.1074,84.2906,80.1831,88.3981,82.4086,86.1726,79.6454,88.9358,38.0257,36.1437,39.9077,95.4068,90.7616,100.0,65.8631,63.9811,67.7451,61.2179,70.5083,79.1274,74.4822,83.7726,98.7615,96.8795,100.0,99.3276,True,False,False,True,82.03750196078431,81.37006078431374,79.92948453608248
CC24_440a,Racial & Gender,likert5,"Mean (1=Strongly Agree, 5=Strongly Disagree)",White people have certain advantages because of their race,2.6905,3.5336,3.629,3.4382,3.797,3.2702,1.912,2.1644,1.6596,2.0074,1.8166,2.1754,1.6486,2.3041,2.5565,2.0517,2.3995,2.2087,2.5675,2.0407,4.3596,4.455,4.2642,1.6061,1.8695,1.3427,3.6628,3.7582,3.5674,3.9262,3.3994,2.9772,3.2406,2.7138,1.2612,1.3566,1.1658,1.2172,False,False,False,False,2.656354901960784,2.646464705882353,2.6345058419243985
CC24_440a,Racial & Gender,likert5_dist,% Strongly Agree,White people have certain advantages because of their race,29.03,6.85,4.7618,8.9382,0.43,13.27,40.08,33.1979,46.9621,37.9918,42.1682,33.66,46.5,32.29,25.4079,39.1721,30.2018,34.3782,25.87,38.71,0.86,-1.2282,2.9482,56.4,49.98,62.82,9.43,7.3418,11.5182,3.01,15.85,16.06,9.64,22.48,76.8,74.7118,78.8882,80.99,False,False,False,False,24.243137254901956,25.708625490196084,30.024469873997713
CC24_440a,Racial & Gender,likert5_dist,% Agree,White people have certain advantages because of their race,22.83,15.33,14.3735,16.2865,13.5031,17.1569,39.13,38.0513,40.2087,38.1735,40.0865,37.3031,40.9569,28.24,27.1613,29.3187,27.2835,29.1965,26.4131,30.0669,3.15,2.1935,4.1065,32.34,30.5131,34.1669,12.14,11.1835,13.0965,10.3131,13.9669,25.74,23.9131,27.5669,20.9,19.9435,21.8565,17.28,False,False,False,False,28.155382352941178,27.429458823529412,23.65816426116839
CC24_440a,Racial & Gender,likert5_dist,% Neither,White people have certain advantages because of their race,18.04,26.64,27.2507,26.0293,28.2291,25.0509,13.42,15.311,11.529,14.0307,12.8093,15.0091,11.8309,24.58,26.471,22.689,25.1907,23.9693,26.1691,22.9909,16.73,17.3407,16.1193,7.43,9.0191,5.8409,22.3,22.9107,21.6893,23.8891,20.7109,23.84,25.4291,22.2509,1.75,2.3607,1.1393,1.16,False,False,False,False,20.994421568627455,19.488170588235295,17.684940435280637
CC24_440a,Racial & Gender,likert5_dist,% Disagree,White people have certain advantages because of their race,10.27,19.96,20.4232,19.4968,21.5953,18.3247,4.28,6.0181,2.5419,4.7432,3.8168,5.9153,2.6447,6.54,8.2781,4.8019,7.0032,6.0768,8.1753,4.9047,17.66,18.1232,17.1968,1.89,3.5253,0.2547,14.97,15.4332,14.5068,16.6053,13.3347,13.13,14.7653,11.4947,0.47,0.9332,0.0068,0.19,False,False,False,False,10.93964705882353,11.258558823529413,10.105242038946162
CC24_440a,Racial & Gender,likert5_dist,% Strongly Disagree,White people have certain advantages because of their race,19.83,31.22,33.1904,29.2496,36.2414,26.1986,3.1,7.4308,-1.2308,5.0704,1.1296,8.1214,-1.9214,8.34,12.6708,4.0092,10.3104,6.3696,13.3614,3.3186,61.59,63.5604,59.6196,1.94,6.9614,-3.0814,41.16,43.1304,39.1896,46.1814,36.1386,21.22,26.2414,16.1986,0.08,2.0504,-1.8904,0.39,False,False,False,False,15.666313725490195,16.118070588235295,18.526608705612826
CC24_440b,Racial & Gender,likert5,"Mean (1=Strongly Agree, 5=Strongly Disagree)","Racial problems in the U.S. are rare, isolated situations",3.4832,2.9101,2.8307,2.9895,2.6881,3.1321,4.0527,3.8395,4.2659,3.9733,4.1321,3.8307,4.2747,3.612,3.3988,3.8252,3.5326,3.6914,3.39,3.834,1.9846,1.9052,2.064,4.3917,4.1697,4.6137,2.7983,2.7189,2.8777,2.5763,3.0203,3.1414,2.9194,3.3634,4.7575,4.6781,4.8369,4.7779,False,False,False,False,3.4622647058823524,3.528678431372549,3.5186312714776626
CC24_440b,Racial & Gender,likert5_dist,% Strongly Agree,"Racial problems in the U.S. are rare, isolated situations",9.59,12.13,13.2688,10.9912,14.849,9.411,1.69,3.9048,-0.5248,2.8288,0.5512,4.409,-1.029,6.26,8.4748,4.0452,7.3988,5.1212,8.979,3.541,37.33,38.4688,36.1912,0.14,2.859,-2.579,17.72,18.8588,16.5812,20.439,15.001,10.07,12.789,7.351,0.0,1.1388,-1.1388,0.0,False,False,False,False,7.072235294117648,6.639396078431372,8.841346391752579
CC24_440b,Racial & Gender,likert5_dist,% Agree,"Racial problems in the U.S. are rare, isolated situations",17.26,28.98,29.9996,27.9604,32.2029,25.7571,7.11,10.2591,3.9609,8.1296,6.0904,10.3329,3.8871,12.49,15.6391,9.3409,13.5096,11.4704,15.7129,9.2671,37.28,38.2996,36.2604,1.89,5.1129,-1.3329,27.56,28.5796,26.5404,30.7829,24.3371,24.28,27.5029,21.0571,0.04,1.0596,-0.9796,0.0,False,False,False,False,18.05870588235294,17.07037450980392,16.984362313860252
CC24_440b,Racial & Gender,likert5_dist,% Neither,"Racial problems in the U.S. are rare, isolated situations",17.16,25.12,25.8039,24.4361,26.7961,23.4439,13.28,15.2145,11.3455,13.9639,12.5961,14.9561,11.6039,23.36,25.2945,21.4255,24.0439,22.6761,25.0361,21.6839,16.58,17.2639,15.8961,7.89,9.5661,6.2139,24.51,25.1939,23.8261,26.1861,22.8339,22.94,24.6161,21.2639,0.89,1.5739,0.2061,0.07,False,False,False,False,20.16028431372549,18.74995294117647,17.158579610538375
CC24_440b,Racial & Gender,likert5_dist,% Disagree,"Racial problems in the U.S. are rare, isolated situations",27.21,23.28,22.2356,24.3244,21.586,24.974,40.09,39.2312,40.9488,39.0456,41.1344,38.396,41.784,29.57,28.7112,30.4288,28.5256,30.6144,27.876,31.264,7.23,6.1856,8.2744,38.83,37.136,40.524,17.6,16.5556,18.6444,15.906,19.294,26.84,25.146,28.534,22.36,21.3156,23.4044,22.07,False,False,False,False,30.981647058823526,31.86273725490196,27.50070515463917
CC24_440b,Racial & Gender,likert5_dist,% Strongly Disagree,"Racial problems in the U.S. are rare, isolated situations",28.78,10.48,8.6825,12.2775,4.5558,16.4042,37.83,31.3899,44.2701,36.0325,39.6275,31.9058,43.7542,28.32,21.8799,34.7601,26.5225,30.1175,22.3958,34.2442,1.58,-0.2175,3.3775,51.26,45.3358,57.1842,12.62,10.8225,14.4175,6.6958,18.5442,15.86,9.9358,21.7842,76.71,74.9125,78.5075,77.86,False,False,False,False,23.72173529411765,25.673729411764704,29.513090148911793
CC24_440c,Racial & Gender,likert5,"Mean (1=Strongly Agree, 5=Strongly Disagree)",Women seek to gain power by getting control over men,3.5378,3.0973,3.015,3.1796,2.9125,3.2821,3.918,3.7395,4.0965,3.8357,4.0003,3.7332,4.1028,3.326,3.1475,3.5045,3.2437,3.4083,3.1412,3.5108,2.6119,2.5296,2.6942,4.4205,4.2357,4.6053,2.8228,2.7405,2.9051,2.638,3.0076,3.2341,3.0493,3.4189,4.7164,4.6341,4.7987,4.8369,False,False,False,False,3.459847058823529,3.5534725490196086,3.56921821305842
CC24_440c,Racial & Gender,likert5_dist,% Strongly Agree,Women seek to gain power by getting control over men,7.14,8.44,9.1557,7.7243,10.011,6.869,2.19,3.5053,0.8747,2.9057,1.4743,3.761,0.619,7.74,9.0553,6.4247,8.4557,7.0243,9.311,6.169,18.68,19.3957,17.9643,0.76,2.331,-0.811,14.85,15.5657,14.1343,16.421,13.279,9.59,11.161,8.019,0.07,0.7857,-0.6457,0.0,False,False,False,False,6.4867549019607855,5.353098039215686,6.777737571592212
CC24_440c,Racial & Gender,likert5_dist,% Agree,Women seek to gain power by getting control over men,15.54,22.43,23.5618,21.2982,25.0588,19.8012,8.93,11.3937,6.4663,10.0618,7.7982,11.5588,6.3012,16.76,19.2237,14.2963,17.8918,15.6282,19.3888,14.1312,30.24,31.3718,29.1082,2.69,5.3188,0.0612,26.22,27.3518,25.0882,28.8488,23.5912,19.62,22.2488,16.9912,0.36,1.4918,-0.7718,0.04,False,False,False,False,16.115686274509805,14.981429411764708,15.176337457044676
CC24_440c,Racial & Gender,likert5_dist,% Neither,Women seek to gain power by getting control over men,26.67,34.84,36.0224,33.6576,37.1505,32.5295,25.2,27.7098,22.6902,26.3824,24.0176,27.5105,22.8895,34.32,36.8298,31.8102,35.5024,33.1376,36.6305,32.0095,31.43,32.6124,30.2476,13.23,15.5405,10.9195,33.23,34.4124,32.0476,35.5405,30.9195,29.78,32.0905,27.4695,6.82,8.0024,5.6376,2.72,False,False,False,False,29.66649019607843,28.807262745098043,26.20515452462772
CC24_440c,Racial & Gender,likert5_dist,% Disagree,Women seek to gain power by getting control over men,17.71,19.53,19.1402,19.9198,19.2174,19.8426,22.25,22.4253,22.0747,21.8602,22.6398,21.9374,22.5626,17.54,17.7153,17.3647,17.1502,17.9298,17.2274,17.8526,10.51,10.1202,10.8998,20.37,20.0574,20.6826,13.17,12.7802,13.5598,12.8574,13.4826,19.83,19.5174,20.1426,13.36,12.9702,13.7498,10.76,False,False,False,False,20.393686274509808,20.677876470588238,18.02816311569301
CC24_440c,Racial & Gender,likert5_dist,% Strongly Disagree,Women seek to gain power by getting control over men,32.94,14.76,12.1199,17.4001,8.5622,20.9578,41.43,34.9659,47.8941,38.7899,44.0701,35.2322,47.6278,23.64,17.1759,30.1041,20.9999,26.2801,17.4422,29.8378,9.14,6.4999,11.7801,62.94,56.7422,69.1378,12.52,9.8799,15.1601,6.3222,18.7178,21.18,14.9822,27.3778,79.39,76.7499,82.0301,86.48,False,False,False,False,27.33720588235294,30.17935686274509,33.81094238258878
CC24_440d,Racial & Gender,likert5,"Mean (1=Strongly Agree, 5=Strongly Disagree)",Women are too easily offended,3.2044,2.5764,2.4893,2.6635,2.3614,2.7914,3.7287,3.5164,3.941,3.6416,3.8158,3.5137,3.9437,3.1194,2.9071,3.3317,3.0323,3.2065,2.9044,3.3344,2.0821,1.995,2.1692,4.1691,3.9541,4.3841,2.4685,2.3814,2.5556,2.2535,2.6835,2.8954,2.6804,3.1104,4.5808,4.4937,4.6679,4.6985,False,False,False,False,3.142164705882353,3.208903921568626,3.2505892325315
CC24_440d,Racial & Gender,likert5_dist,% Strongly Agree,Women are too easily offended,12.16,17.09,18.2163,15.9637,19.7938,14.3862,3.43,5.777,1.083,4.5563,2.3037,6.1338,0.7262,10.4,12.747,8.053,11.5263,9.2737,13.1038,7.6962,33.5,34.6263,32.3737,1.56,4.2638,-1.1438,22.69,23.8163,21.5637,25.3938,19.9862,14.7,17.4038,11.9962,0.28,1.4063,-0.8463,0.08,False,False,False,False,10.782754901960786,9.957500000000001,11.534235395189
CC24_440d,Racial & Gender,likert5_dist,% Agree,Women are too easily offended,22.7,34.93,36.0765,33.7835,37.9497,31.9103,14.04,17.1384,10.9416,15.1865,12.8935,17.0597,11.0203,22.34,25.4384,19.2416,23.4865,21.1935,25.3597,19.3203,35.69,36.8365,34.5435,7.62,10.6397,4.6003,32.76,33.9065,31.6135,35.7797,29.7403,28.29,31.3097,25.2703,3.51,4.6565,2.3635,0.77,False,False,False,False,24.179499999999997,23.415488235294116,22.14292348224513
CC24_440d,Racial & Gender,likert5_dist,% Neither,Women are too easily offended,23.45,27.89,28.6007,27.1793,29.2434,26.5366,23.74,25.3247,22.1553,24.4507,23.0293,25.0934,22.3866,31.05,32.6347,29.4653,31.7607,30.3393,32.4034,29.6966,22.8,23.5107,22.0893,15.79,17.1434,14.4366,27.48,28.1907,26.7693,28.8334,26.1266,25.0,26.3534,23.6466,7.46,8.1707,6.7493,6.66,False,False,False,False,25.791558823529417,25.152823529411762,22.970053951890037
CC24_440d,Racial & Gender,likert5_dist,% Disagree,Women are too easily offended,15.93,13.42,12.7672,14.0728,12.3363,14.5037,23.82,23.1969,24.4431,23.1672,24.4728,22.7363,24.9037,17.34,16.7169,17.9631,16.6872,17.9928,16.2563,18.4237,5.12,4.4672,5.7728,22.43,21.3463,23.5137,9.15,8.4972,9.8028,8.0663,10.2337,16.79,15.7063,17.8737,15.34,14.6872,15.9928,14.21,False,False,False,False,18.5321568627451,18.729100000000003,16.437236769759448
CC24_440d,Racial & Gender,likert5_dist,% Strongly Disagree,Women are too easily offended,25.76,6.67,4.3386,9.0014,0.6768,12.6632,34.97,28.5633,41.3767,32.6386,37.3014,28.9768,40.9632,18.87,12.4633,25.2767,16.5386,21.2014,12.8768,24.8632,2.89,0.5586,5.2214,52.61,46.6168,58.6032,7.92,5.5886,10.2514,1.9268,13.9132,15.22,9.2268,21.2132,73.4,71.0686,75.7314,78.28,False,False,False,False,20.71435294117647,22.746150980392155,26.9160107674685
CC24_441a,Racial & Gender,likert5,"Mean (1=Strongly Agree, 5=Strongly Disagree)",Minorities should work their way up without special favors,2.7418,1.8511,1.7664,1.9358,1.5936,2.1086,3.4333,3.1657,3.7009,3.3486,3.518,3.1758,3.6908,2.8818,2.6142,3.1494,2.7971,2.9665,2.6243,3.1393,1.4892,1.4045,1.5739,3.8451,3.5876,4.1026,1.9589,1.8742,2.0436,1.7014,2.2164,2.2248,1.9673,2.4823,4.4872,4.4025,4.5719,4.6341,False,False,False,False,2.631396078431372,2.707813725490196,2.8011954180985104
CC24_441a,Racial & Gender,likert5_dist,% Strongly Agree,Minorities should work their way up without special favors,27.84,45.52,47.311,43.729,50.9839,40.0561,7.78,12.9544,2.6056,9.571,5.989,13.2439,2.3161,18.16,23.3344,12.9856,19.951,16.369,23.6239,12.6961,65.64,67.431,63.849,5.13,10.5939,-0.3339,45.72,47.511,43.929,51.1839,40.2561,35.88,41.3439,30.4161,0.5,2.291,-1.291,0.69,False,False,False,False,26.41254901960784,25.510784313725484,26.50458728522337
CC24_441a,Racial & Gender,likert5_dist,% Agree,Minorities should work their way up without special favors,20.7,31.17,31.6032,30.7368,33.0526,29.2874,15.63,17.9334,13.3266,16.0632,15.1968,17.5126,13.7474,20.46,22.7634,18.1566,20.8932,20.0268,22.3426,18.5774,21.94,22.3732,21.5068,10.36,12.2426,8.4774,25.41,25.8432,24.9768,27.2926,23.5274,27.98,29.8626,26.0974,2.93,3.3632,2.4968,1.56,False,False,False,False,23.66592156862745,22.644882352941178,20.23887766323023
CC24_441a,Racial & Gender,likert5_dist,% Neither,Minorities should work their way up without special favors,19.78,17.97,18.5173,17.4227,18.2429,17.6971,26.83,27.3755,26.2845,27.3773,26.2827,27.1029,26.5571,32.69,33.2355,32.1445,33.2373,32.1427,32.9629,32.4171,10.95,11.4973,10.4027,16.62,16.8929,16.3471,20.85,21.3973,20.3027,21.1229,20.5771,20.83,21.1029,20.5571,9.56,10.1073,9.0127,4.59,False,False,False,False,23.351950980392157,22.089623529411764,19.76799427262314
CC24_441a,Racial & Gender,likert5_dist,% Disagree,Minorities should work their way up without special favors,12.79,3.38,2.2966,4.4634,1.0827,5.6773,24.99,23.0552,26.9248,23.9066,26.0734,22.6927,27.2873,12.42,10.4852,14.3548,11.3366,13.5034,10.1227,14.7173,0.82,-0.2634,1.9034,30.65,28.3527,32.9473,3.29,2.2066,4.3734,0.9927,5.5873,8.38,6.0827,10.6773,21.38,20.2966,22.4634,19.98,False,False,False,False,13.503764705882356,15.064925490196076,13.610752691867122
CC24_441a,Racial & Gender,likert5_dist,% Strongly Disagree,Minorities should work their way up without special favors,18.89,1.96,0.2716,3.6484,-3.3624,7.2824,24.77,18.6811,30.8589,23.0816,26.4584,19.4476,30.0924,16.27,10.1811,22.3589,14.5816,17.9584,10.9476,21.5924,0.65,-1.0384,2.3384,37.24,31.9176,42.5624,4.73,3.0416,6.4184,-0.5924,10.0524,6.93,1.6076,12.2524,65.63,63.9416,67.3184,73.19,False,False,False,False,13.065823529411764,14.689758823529413,19.87842932416953
CC24_441b,Racial & Gender,likert5,"Mean (1=Strongly Agree, 5=Strongly Disagree)",Slavery/discrimination makes it hard for Blacks to rise,2.9061,3.8116,3.903,3.7202,4.073,3.5502,2.176,2.436,1.916,2.2674,2.0846,2.4374,1.9146,2.5874,2.8474,2.3274,2.6788,2.496,2.8488,2.326,4.4692,4.5606,4.3778,1.829,2.0904,1.5676,3.7137,3.8051,3.6223,3.9751,3.4523,3.1982,3.4596,2.9368,1.3499,1.4413,1.2585,1.2508,False,False,False,False,2.9138980392156864,2.9117843137254904,2.84348098510882
CC24_441b,Racial & Gender,likert5_dist,% Strongly Agree,Slavery/discrimination makes it hard for Blacks to rise,24.54,4.68,2.6689,6.6911,-1.2807,10.6407,33.08,26.523,39.637,31.0689,35.0911,27.1193,39.0407,24.54,17.983,31.097,22.5289,26.5511,18.5793,30.5007,0.82,-1.1911,2.8311,47.43,41.4693,53.3907,7.47,5.4589,9.4811,1.5093,13.4307,14.11,8.1493,20.0707,72.59,70.5789,74.6011,78.77,False,False,False,False,19.803186274509805,20.79403333333333,25.815652920962197
CC24_441b,Racial & Gender,likert5_dist,% Agree,Slavery/discrimination makes it hard for Blacks to rise,21.68,12.69,11.678,13.702,10.7065,14.6735,36.06,34.7283,37.3917,35.048,37.072,34.0765,38.0435,25.76,24.4283,27.0917,24.748,26.772,23.7765,27.7435,3.42,2.408,4.432,35.24,33.2565,37.2235,12.38,11.368,13.392,10.3965,14.3635,22.93,20.9465,24.9135,22.56,21.548,23.572,18.88,False,False,False,False,25.44113725490196,25.134923529411765,22.370435166093927
CC24_441b,Racial & Gender,likert5_dist,% Neither,Slavery/discrimination makes it hard for Blacks to rise,15.46,17.7,18.4738,16.9262,18.5964,16.8036,16.43,17.4637,15.3963,17.2038,15.6562,17.3264,15.5336,26.75,27.7837,25.7163,27.5238,25.9762,27.6464,25.8536,9.14,9.9138,8.3662,7.86,8.7564,6.9636,21.33,22.1038,20.5562,22.2264,20.4336,17.3,18.1964,16.4036,3.15,3.9238,2.3762,1.23,False,False,False,False,17.998901960784313,16.629837254901965,15.128463459335627
CC24_441b,Racial & Gender,likert5_dist,% Disagree,Slavery/discrimination makes it hard for Blacks to rise,15.3,26.66,27.0523,26.2677,28.5241,24.7959,9.04,11.2016,6.8784,9.4323,8.6477,10.9041,7.1759,12.3,14.4616,10.1384,12.6923,11.9077,14.1641,10.4359,21.27,21.6623,20.8777,5.93,7.7941,4.0659,18.95,19.3423,18.5577,20.8141,17.0859,20.33,22.1941,18.4659,0.65,1.0423,0.2577,0.72,False,False,False,False,17.07026470588235,16.98286470588235,15.01572371134021
CC24_441b,Racial & Gender,likert5_dist,% Strongly Disagree,Slavery/discrimination makes it hard for Blacks to rise,23.02,38.27,40.1279,36.4121,43.4545,33.0855,5.39,10.084,0.696,7.2479,3.5321,10.5745,0.2055,10.65,15.344,5.956,12.5079,8.7921,15.8345,5.4655,65.36,67.2179,63.5021,3.54,8.7245,-1.6445,39.87,41.7279,38.0121,45.0545,34.6855,25.32,30.5045,20.1355,1.05,2.9079,-0.8079,0.39,False,False,False,False,19.68324509803922,20.45775098039216,21.66831615120275
CC24_441e,Racial & Gender,likert5,"Mean (1=Strongly Agree, 5=Strongly Disagree)",I resent when Whites deny racial discrimination exists,2.1841,2.7095,2.8021,2.6169,2.9173,2.5017,1.833,2.0171,1.6489,1.9256,1.7404,2.0408,1.6252,2.1083,2.2924,1.9242,2.2009,2.0157,2.3161,1.9005,4.0418,4.1344,3.9492,1.5169,1.7247,1.3091,2.9195,3.0121,2.8269,3.1273,2.7117,2.2492,2.457,2.0414,1.3608,1.4534,1.2682,1.2057,False,False,False,False,2.1822725490196078,2.209872549019608,2.240971821305842
CC24_441e,Racial & Gender,likert5_dist,% Strongly Agree,I resent when Whites deny racial discrimination exists,41.59,22.35,19.4984,25.2016,16.1031,28.5969,48.78,42.7399,54.8201,45.9284,51.6316,42.5331,55.0269,39.0,32.9599,45.0401,36.1484,41.8516,32.7531,45.2469,1.74,-1.1116,4.5916,66.82,60.5731,73.0669,19.79,16.9384,22.6416,13.5431,26.0369,37.89,31.6431,44.1369,76.92,74.0684,79.7716,83.66,False,False,False,False,38.66796078431373,38.22525294117647,40.805559793814425
CC24_441e,Racial & Gender,likert5_dist,% Agree,I resent when Whites deny racial discrimination exists,21.07,18.86,18.4886,19.2314,18.3595,19.3605,26.1,26.0725,26.1275,25.7286,26.4714,25.5995,26.6005,23.88,23.8525,23.9075,23.5086,24.2514,23.3795,24.3805,6.07,5.6986,6.4414,20.3,19.7995,20.8005,18.51,18.1386,18.8814,18.0095,19.0105,24.76,24.2595,25.2605,13.36,12.9886,13.7314,13.38,False,False,False,False,23.730333333333334,22.422013725490196,20.17058361970218
CC24_441e,Racial & Gender,likert5_dist,% Neither,I resent when Whites deny racial discrimination exists,23.23,36.35,37.6757,35.0243,38.6065,34.0935,20.14,22.5291,17.7509,21.4657,18.8143,22.3965,17.8835,28.11,30.4991,25.7209,29.4357,26.7843,30.3665,25.8535,28.19,29.5157,26.8643,9.82,12.0765,7.5635,31.05,32.3757,29.7243,33.3065,28.7935,22.04,24.2965,19.7835,7.7,9.0257,6.3743,2.05,False,False,False,False,25.18151960784314,26.388698039215686,23.11263894616266
CC24_441e,Racial & Gender,likert5_dist,% Disagree,I resent when Whites deny racial discrimination exists,5.57,10.35,10.9537,9.7463,11.55,9.15,2.98,4.0356,1.9244,3.5837,2.3763,4.18,1.78,5.32,6.3756,4.2644,5.9237,4.7163,6.52,4.12,14.28,14.8837,13.6763,0.47,1.67,-0.73,11.27,11.8737,10.6663,12.47,10.07,5.18,6.38,3.98,0.74,1.3437,0.1363,0.58,False,False,False,False,5.542892156862744,6.05211960784314,5.939551317296677
CC24_441e,Racial & Gender,likert5_dist,% Strongly Disagree,I resent when Whites deny racial discrimination exists,8.54,12.08,13.3733,10.7867,15.371,8.789,2.0,4.6226,-0.6226,3.2933,0.7067,5.291,-1.291,3.69,6.3126,1.0674,4.9833,2.3967,6.981,0.399,49.72,51.0133,48.4267,2.58,5.871,-0.711,19.38,20.6733,18.0867,22.671,16.089,10.13,13.421,6.839,1.27,2.5633,-0.0233,0.34,False,False,False,False,6.874696078431372,6.906790196078431,9.968684192439866
CC24_441f,Racial & Gender,likert5,"Mean (1=Strongly Agree, 5=Strongly Disagree)",Whites get away with offenses that African Americans wouldn't,2.2467,2.9596,3.0444,2.8748,3.1866,2.7326,1.8294,2.0383,1.6205,1.9142,1.7446,2.0564,1.6024,2.0119,2.2208,1.803,2.0967,1.9271,2.2389,1.7849,4.2954,4.3802,4.2106,1.5717,1.7987,1.3447,2.9934,3.0782,2.9086,3.2204,2.7664,2.4389,2.6659,2.2119,1.2969,1.3817,1.2121,1.2437,False,False,False,False,2.2910999999999997,2.3273039215686273,2.3394485681557846
CC24_441f,Racial & Gender,likert5_dist,% Strongly Agree,Whites get away with offenses that African Americans wouldn't,41.13,22.66,20.3985,24.9215,16.7057,28.6143,47.07,41.1707,52.9693,44.8085,49.3315,41.1157,53.0243,41.58,35.6807,47.4793,39.3185,43.8415,35.6257,47.5343,1.36,-0.9015,3.6215,64.85,58.8957,70.8043,22.87,20.6085,25.1315,16.9157,28.8243,33.89,27.9357,39.8443,77.94,75.6785,80.2015,78.66,False,False,False,False,37.1268137254902,37.328196078431375,39.926112943871715
CC24_441f,Racial & Gender,likert5_dist,% Agree,Whites get away with offenses that African Americans wouldn't,23.28,16.64,16.125,17.155,15.7532,17.5268,31.63,31.1573,32.1027,31.115,32.145,30.7432,32.5168,27.66,27.1873,28.1327,27.145,28.175,26.7732,28.5468,8.2,7.685,8.715,22.05,21.1632,22.9368,16.5,15.985,17.015,15.6132,17.3868,26.39,25.5032,27.2768,16.36,15.845,16.875,18.8,False,False,False,False,25.935803921568624,24.054700000000004,22.047561741122568
CC24_441f,Racial & Gender,likert5_dist,% Neither,Whites get away with offenses that African Americans wouldn't,17.45,25.87,26.7971,24.9429,27.2066,24.5334,15.35,16.8301,13.8699,16.2771,14.4229,16.6866,14.0134,22.55,24.0301,21.0699,23.4771,21.6229,23.8866,21.2134,13.21,14.1371,12.2829,7.51,8.8466,6.1734,25.5,26.4271,24.5729,26.8366,24.1634,16.06,17.3966,14.7234,4.62,5.5471,3.6929,2.25,False,False,False,False,18.67861764705882,19.33345490196078,16.750043871706765
CC24_441f,Racial & Gender,likert5_dist,% Disagree,Whites get away with offenses that African Americans wouldn't,6.08,11.74,11.9919,11.4881,12.844,10.636,3.21,4.3718,2.0482,3.4619,2.9581,4.314,2.106,4.42,5.5818,3.2582,4.6719,4.1681,5.524,3.316,13.99,14.2419,13.7381,2.25,3.354,1.146,8.7,8.9519,8.4481,9.804,7.596,9.29,10.394,8.186,0.21,0.4619,-0.0419,0.12,False,False,False,False,7.234676470588235,7.13468431372549,6.717618442153494
CC24_441f,Racial & Gender,likert5_dist,% Strongly Disagree,Whites get away with offenses that African Americans wouldn't,12.06,23.09,24.6867,21.4933,27.4901,18.6899,2.75,6.48,-0.98,4.3467,1.1533,7.1501,-1.6501,3.79,7.52,0.06,5.3867,2.1933,8.1901,-0.6101,63.23,64.8267,61.6333,3.34,7.7401,-1.0601,26.44,28.0367,24.8433,30.8401,22.0399,14.38,18.7801,9.9799,0.86,2.4567,-0.7367,0.18,False,False,False,False,11.030500000000002,12.153523529411768,14.562153493699883
CC24_441g,Racial & Gender,likert5,"Mean (1=Strongly Agree, 5=Strongly Disagree)",Whites don't understand the problems African Americans face,2.4054,2.9019,2.965,2.8388,3.0819,2.7219,2.1455,2.3152,1.9758,2.2086,2.0824,2.3255,1.9655,2.2023,2.372,2.0326,2.2654,2.1392,2.3823,2.0223,3.9943,4.0574,3.9312,1.9435,2.1235,1.7635,3.0188,3.0819,2.9557,3.1988,2.8388,2.613,2.793,2.433,1.567,1.6301,1.5039,1.5086,False,False,False,False,2.464658823529412,2.4794039215686277,2.479657044673539
CC24_441g,Racial & Gender,likert5_dist,% Strongly Agree,Whites don't understand the problems African Americans face,30.07,16.56,15.3166,17.8034,12.3072,20.8128,31.32,26.8355,35.8045,30.0766,32.5634,27.0672,35.5728,33.23,28.7455,37.7145,31.9866,34.4734,28.9772,37.4828,1.57,0.3266,2.8134,42.64,38.3872,46.8928,18.11,16.8666,19.3534,13.8572,22.3628,24.17,19.9172,28.4228,61.48,60.2366,62.7234,58.98,False,False,False,False,26.127058823529413,25.63086862745098,28.774848797250858
CC24_441g,Racial & Gender,likert5_dist,% Agree,Whites don't understand the problems African Americans face,25.71,20.28,18.9633,21.5967,18.3576,22.2024,32.11,30.724,33.496,30.7933,33.4267,30.1876,34.0324,26.85,25.464,28.236,25.5333,28.1667,24.9276,28.7724,5.68,4.3633,6.9967,32.09,30.1676,34.0124,15.91,14.5933,17.2267,13.9876,17.8324,28.07,26.1476,29.9924,23.66,22.3433,24.9767,33.25,False,False,False,False,27.674068627450982,26.755547058823527,25.157046391752573
CC24_441g,Racial & Gender,likert5_dist,% Neither,Whites don't understand the problems African Americans face,27.04,34.56,35.749,33.371,36.2909,32.8291,29.65,31.5244,27.7756,30.839,28.461,31.3809,27.9191,30.13,32.0044,28.2556,31.319,28.941,31.8609,28.3991,29.02,30.209,27.831,16.72,18.4509,14.9891,33.59,34.779,32.401,35.3209,31.8591,22.86,24.5909,21.1291,12.7,13.889,11.511,6.17,False,False,False,False,28.389607843137252,30.14298039215687,26.30208442153494
CC24_441g,Racial & Gender,likert5_dist,% Disagree,Whites don't understand the problems African Americans face,7.99,13.63,13.8687,13.3913,14.9457,12.3143,4.52,5.8999,3.1401,4.7587,4.2813,5.8357,3.2043,6.02,7.3999,4.6401,6.2587,5.7813,7.3357,4.7043,19.23,19.4687,18.9913,5.37,6.6857,4.0543,10.78,11.0187,10.5413,12.0957,9.4643,12.08,13.3957,10.7643,1.0,1.2387,0.7613,1.14,False,False,False,False,9.217617647058823,8.981799999999998,8.858617640320732
CC24_441g,Racial & Gender,likert5_dist,% Strongly Disagree,Whites don't understand the problems African Americans face,9.19,14.97,16.1027,13.8373,18.0992,11.8408,2.4,5.0165,-0.2165,3.5327,1.2673,5.5292,-0.7292,3.76,6.3765,1.1435,4.8927,2.6273,6.8892,0.6308,44.51,45.6427,43.3773,3.18,6.3092,0.0508,21.61,22.7427,20.4773,24.7392,18.4808,12.81,15.9392,9.6808,1.16,2.2927,0.0273,0.46,False,False,False,False,8.587245098039215,8.487823529411767,10.905670675830468
CC24_445a,Racial & Gender,binary_agree,% Agreeing,SCOTUS: Race in admissions violates Equal Protection (Agree/Disagree),67.4348,84.8388,87.1871,82.4905,90.5147,79.1629,55.6298,61.5907,49.6689,57.9781,53.2815,61.3057,49.9539,71.2793,77.2402,65.3184,73.6276,68.931,76.9552,65.6034,91.0881,93.4364,88.7398,41.635,47.3109,35.9591,83.6675,86.0158,81.3192,89.3434,77.9916,79.6506,85.3265,73.9747,30.5111,32.8594,28.1628,15.0246,False,False,False,False,71.43080980392155,68.76913333333333,65.99359553264605
CC24_445b,Racial & Gender,binary_agree,% Agreeing,SCOTUS: Constitution doesn't protect abortion; Roe overruled (Agree/Disagree),53.2276,79.4661,82.3964,76.5358,86.975,71.9572,31.314,38.6802,23.9478,34.2443,28.3837,38.8229,23.8051,51.2356,58.6018,43.8694,54.1659,48.3053,58.7445,43.7267,94.9028,97.8331,91.9725,17.128,24.6369,9.6191,76.8646,79.7949,73.9343,84.3735,69.3557,64.6591,72.168,57.1502,10.3602,13.2905,7.4299,4.9538,False,False,False,False,54.85540980392157,53.03747647058824,51.77529862542956
CC24_421_1,Elections & Trust,likert5,"Mean (1=Strongly Agree, 5=Strongly Disagree)",Elections in the U.S. are fair,2.3653,2.3808,2.5473,2.2143,2.4521,2.3095,2.3782,2.3851,2.3713,2.5447,2.2117,2.4495,2.3069,3.0445,3.0514,3.0376,3.211,2.878,3.1158,2.9732,2.8104,2.9769,2.6439,1.4053,1.4766,1.334,3.0863,3.2528,2.9198,3.1576,3.015,1.4932,1.5645,1.4219,3.2445,3.411,3.078,1.6584,False,False,False,False,2.1315254901960787,2.2463156862745097,2.2947295532646046
CC24_421_1,Elections & Trust,likert5_dist,% Strongly Agree,Elections in the U.S. are fair,25.05,13.55,7.9535,19.1465,10.558,16.542,18.87,17.7744,19.9656,13.2735,24.4665,15.878,21.862,9.13,8.0344,10.2256,3.5335,14.7265,6.138,12.122,7.84,2.2435,13.4365,67.53,64.538,70.522,5.47,-0.1265,11.0665,2.478,8.462,58.5,55.508,61.492,4.03,-1.5665,9.6265,49.95,False,False,False,False,30.77993137254902,23.69537843137255,26.950625085910662
CC24_421_1,Elections & Trust,likert5_dist,% Agree,Elections in the U.S. are fair,37.79,50.43,50.0269,50.8331,50.8978,49.9622,42.96,43.7874,42.1326,42.5569,43.3631,43.4278,42.4922,26.39,27.2174,25.5626,25.9869,26.7931,26.8578,25.9222,40.1,39.6969,40.5031,27.02,27.4878,26.5522,30.9,30.4969,31.3031,31.3678,30.4322,35.31,35.7778,34.8422,28.73,28.3269,29.1331,40.83,False,False,False,False,40.165715686274524,43.492264705882356,38.353385681557846
CC24_421_1,Elections & Trust,likert5_dist,% Neither,Elections in the U.S. are fair,18.62,22.27,24.631,19.909,23.5484,20.9916,22.97,23.6037,22.3363,25.331,20.609,24.2484,21.6916,31.12,31.7537,30.4863,33.481,28.759,32.3984,29.8416,22.89,25.251,20.529,3.2,4.4784,1.9216,27.32,29.681,24.959,28.5984,26.0416,4.69,5.9684,3.4116,21.27,23.631,18.909,4.53,False,False,False,False,17.283686274509805,19.88580588235294,17.98867422680412
CC24_421_1,Elections & Trust,likert5_dist,% Disagree,Elections in the U.S. are fair,12.63,11.87,14.0951,9.6449,12.7498,10.9902,11.89,11.8313,11.9487,14.1151,9.6649,12.7698,11.0102,17.58,17.5213,17.6387,19.8051,15.3549,18.4598,16.7002,21.53,23.7551,19.3049,1.88,2.7598,1.0002,22.14,24.3651,19.9149,23.0198,21.2602,1.37,2.2498,0.4902,30.73,32.9551,28.5049,2.82,False,False,False,False,8.655872549019605,10.331258823529414,11.68188304696449
CC24_421_1,Elections & Trust,likert5_dist,% Strongly Disagree,Elections in the U.S. are fair,5.9,1.88,3.293,0.467,2.2457,1.5143,3.32,3.0128,3.6272,4.733,1.907,3.6857,2.9543,15.76,15.4528,16.0672,17.173,14.347,16.1257,15.3943,7.65,9.063,6.237,0.36,0.7257,-0.0057,14.16,15.573,12.747,14.5257,13.7943,0.13,0.4957,-0.2357,15.25,16.663,13.837,1.88,False,False,False,False,3.1154117647058817,2.597435294117647,5.025627605956471
CC24_421_2,Elections & Trust,likert5,"Mean (1=Strongly Agree, 5=Strongly Disagree)",2024 state/local election was fair,1.9098,1.8351,2.0123,1.6579,1.9232,1.747,1.8687,1.8921,1.8453,2.0459,1.6915,1.9568,1.7806,2.8158,2.8392,2.7924,2.993,2.6386,2.9039,2.7277,2.3298,2.507,2.1526,1.0048,1.0929,0.9167,2.8203,2.9975,2.6431,2.9084,2.7322,1.0312,1.1193,0.9431,2.4948,2.672,2.3176,1.0109,False,False,False,False,1.6624745098039218,1.7473784313725491,1.8195827033218788
CC24_421_2,Elections & Trust,likert5_dist,% Strongly Agree,2024 state/local election was fair,45.45,36.38,27.4937,45.2663,32.3111,40.4489,32.8,31.4322,34.1678,23.9137,41.6863,28.7311,36.8689,11.83,10.4622,13.1978,2.9437,20.7163,7.7611,15.8989,29.57,20.6837,38.4563,99.52,95.4511,103.5889,12.23,3.3437,21.1163,8.1611,16.2989,96.88,92.8111,100.9489,11.87,2.9837,20.7563,98.91,False,False,False,False,53.98789215686274,44.25690392156862,49.054629553264604
CC24_421_2,Elections & Trust,likert5_dist,% Agree,2024 state/local election was fair,29.21,44.67,47.9576,41.3824,46.0243,43.3157,47.65,48.4885,46.8115,50.9376,44.3624,49.0043,46.2957,27.22,28.0585,26.3815,30.5076,23.9324,28.5743,25.8657,33.17,36.4576,29.8824,0.48,1.8343,-0.8743,29.78,33.0676,26.4924,31.1343,28.4257,3.12,4.4743,1.7657,45.9,49.1876,42.6124,1.09,False,False,False,False,29.226745098039203,38.246433333333336,28.538041809851094
CC24_421_2,Elections & Trust,likert5_dist,% Neither,2024 state/local election was fair,17.39,18.03,21.3226,14.7374,19.2931,16.7669,19.45,19.6625,19.2375,22.7426,16.1574,20.7131,18.1869,38.72,38.9325,38.5075,42.0126,35.4274,39.9831,37.4569,18.59,21.8826,15.2974,0.0,1.2631,-1.2631,32.34,35.6326,29.0474,33.6031,31.0769,0.0,1.2631,-1.2631,27.73,31.0226,24.4374,0.0,False,False,False,False,14.370803921568628,16.35595098039216,16.227726804123712
CC24_421_2,Elections & Trust,likert5_dist,% Disagree,2024 state/local election was fair,4.8,0.9,2.2756,-0.4756,1.7758,0.0242,0.1,0.2898,-0.0898,1.4756,-1.2756,0.9758,-0.7758,12.03,12.2198,11.8402,13.4056,10.6544,12.9058,11.1542,12.05,13.4256,10.6744,0.0,0.8758,-0.8758,15.05,16.4256,13.6744,15.9258,14.1742,0.0,0.8758,-0.8758,9.9,11.2756,8.5244,0.0,False,False,False,False,1.3890588235294117,0.792356862745098,3.762805727376862
CC24_421_2,Elections & Trust,likert5_dist,% Strongly Disagree,2024 state/local election was fair,3.15,0.02,0.951,-0.911,0.5955,-0.5555,0.0,0.1264,-0.1264,0.931,-0.931,0.5755,-0.5755,10.21,10.3364,10.0836,11.141,9.279,10.7855,9.6345,6.62,7.551,5.689,0.0,0.5755,-0.5755,10.6,11.531,9.669,11.1755,10.0245,0.0,0.5755,-0.5755,4.61,5.541,3.679,0.0,False,False,False,False,1.026549019607843,0.34864313725490187,2.418266552119129
CC24_423,Elections & Trust,trust,Weighted mean,Trust in federal government (1=Great deal … 4=None at all),2.7066,2.7572,2.8193,2.6951,2.7965,2.7179,2.5967,2.6041,2.5893,2.6588,2.5346,2.636,2.5574,2.7274,2.7348,2.72,2.7895,2.6653,2.7667,2.6881,3.1769,3.239,3.1148,2.4015,2.4408,2.3622,3.0608,3.1229,2.9987,3.1001,3.0215,2.1954,2.2347,2.1561,3.0138,3.0759,2.9517,2.6714,False,False,False,False,2.5077725490196086,2.6209921568627452,2.664323482245132
CC24_423,Elections & Trust,trust_dist,% Great deal,Trust in federal government (1=Great deal … 4=None at all),6.11,3.15,2.0961,4.2039,2.8112,3.4888,6.19,6.3496,6.0304,5.1361,7.2439,5.8512,6.5288,5.5,5.6596,5.3404,4.4461,6.5539,5.1612,5.8388,0.58,-0.4739,1.6339,10.8,10.4612,11.1388,3.06,2.0061,4.1139,2.7212,3.3988,21.09,20.7512,21.4288,1.03,-0.0239,2.0839,4.29,False,False,False,False,10.359480392156861,6.3367941176470595,7.124754066437572
CC24_423,Elections & Trust,trust_dist,% Fair amount,Trust in federal government (1=Great deal … 4=None at all),31.94,30.1,27.7682,32.4318,28.2941,31.9059,37.91,37.319,38.501,35.5782,40.2418,36.1041,39.7159,33.19,32.599,33.781,30.8582,35.5218,31.3841,34.9959,11.9,9.5682,14.2318,45.55,43.7441,47.3559,16.52,14.1882,18.8518,14.7141,18.3259,44.12,42.3141,45.9259,18.12,15.7882,20.4518,35.92,False,False,False,False,38.08192156862745,35.75019999999999,33.00391122565864
CC24_423,Elections & Trust,trust_dist,% Not very much,Trust in federal government (1=Great deal … 4=None at all),47.11,54.62,56.2365,53.0035,55.3193,53.9207,45.92,45.8783,45.9617,47.5365,44.3035,46.6193,45.2207,44.39,44.3483,44.4317,46.0065,42.7735,45.0893,43.6907,56.76,58.3765,55.1435,36.34,37.0393,35.6407,51.7,53.3165,50.0835,52.3993,51.0007,28.95,29.6493,28.2507,59.29,60.9065,57.6735,48.16,False,False,False,False,41.97151960784314,47.37666666666668,46.179295990836195
CC24_423,Elections & Trust,trust_dist,% None at all,Trust in federal government (1=Great deal … 4=None at all),14.83,12.13,13.8992,10.3608,13.5756,10.6844,9.97,10.4432,9.4968,11.7392,8.2008,11.4156,8.5244,16.92,17.3932,16.4468,18.6892,15.1508,18.3656,15.4744,30.76,32.5292,28.9908,7.31,8.7556,5.8644,28.72,30.4892,26.9508,30.1656,27.2744,5.84,7.2856,4.3944,21.56,23.3292,19.7908,11.63,False,False,False,False,9.583921568627451,10.532423529411762,13.690125544100802
CC24_424,Elections & Trust,trust,Weighted mean,Trust in state government (1=Great deal … 4=None at all),2.4493,2.4074,2.4813,2.3335,2.4449,2.3699,2.3903,2.3954,2.3852,2.4642,2.3164,2.4278,2.3528,2.6656,2.6707,2.6605,2.7395,2.5917,2.7031,2.6281,2.7697,2.8436,2.6958,2.1221,2.1596,2.0846,2.8783,2.9522,2.8044,2.9158,2.8408,2.0054,2.0429,1.9679,2.8161,2.89,2.7422,2.2008,False,False,False,False,2.2871019607843137,2.3540843137254903,2.4076019473081334
CC24_424,Elections & Trust,trust_dist,% Great deal,Trust in state government (1=Great deal … 4=None at all),12.9,12.6,10.7269,14.4731,11.9209,13.2791,11.54,11.6233,11.4567,9.6669,13.4131,10.8609,12.2191,7.0,7.0833,6.9167,5.1269,8.8731,6.3209,7.6791,7.8,5.9269,9.6731,21.39,20.7109,22.0691,4.1,2.2269,5.9731,3.4209,4.7791,28.99,28.3109,29.6691,4.76,2.8869,6.6331,17.82,False,False,False,False,17.256068627450983,13.938835294117649,14.141648797250857
CC24_424,Elections & Trust,trust_dist,% Fair amount,Trust in state government (1=Great deal … 4=None at all),42.36,44.0,42.2876,45.7124,42.9036,45.0964,46.49,46.1577,46.8223,44.7776,48.2024,45.3936,47.5864,37.28,36.9477,37.6123,35.5676,38.9924,36.1836,38.3764,33.69,31.9776,35.4024,50.79,49.6936,51.8864,30.64,28.9276,32.3524,29.5436,31.7364,45.67,44.5736,46.7664,31.34,29.6276,33.0524,50.97,False,False,False,False,44.96535294117648,45.57497843137255,42.88773608247421
CC24_424,Elections & Trust,trust_dist,% Not very much,Trust in state government (1=Great deal … 4=None at all),31.65,33.45,35.099,31.801,33.9253,32.9747,33.37,33.2777,33.4623,35.019,31.721,33.8453,32.8947,37.87,37.7777,37.9623,39.519,36.221,38.3453,37.3947,32.25,33.899,30.601,22.05,22.5253,21.5747,38.59,40.239,36.941,39.0653,38.1147,21.17,21.6453,20.6947,41.42,43.069,39.771,24.53,False,False,False,False,29.595862745098042,31.623652941176474,31.040797365406643
CC24_424,Elections & Trust,trust_dist,% None at all,Trust in state government (1=Great deal … 4=None at all),13.09,9.94,11.8756,8.0044,11.2399,8.6401,8.6,8.9414,8.2586,10.5356,6.6644,9.8999,7.3001,17.85,18.1914,17.5086,19.7856,15.9144,19.1499,16.5501,26.26,28.1956,24.3244,5.78,7.0799,4.4801,26.67,28.6056,24.7344,27.9699,25.3701,4.18,5.4799,2.8801,22.47,24.4056,20.5344,6.68,False,False,False,False,8.18386274509804,8.86006274509804,11.929642268041238
CC24_312a,Approval,approval4,Weighted mean,Job approval — President Biden,2.8887,3.674,3.7756,3.5724,3.8653,3.4827,2.1854,2.3533,2.0175,2.287,2.0838,2.3767,1.9941,2.7118,2.8797,2.5439,2.8134,2.6102,2.9031,2.5205,3.9723,4.0739,3.8707,1.7032,1.8945,1.5119,3.7169,3.8185,3.6153,3.9082,3.5256,3.0209,3.2122,2.8296,2.3321,2.4337,2.2305,1.8576,False,False,False,False,2.8357019607843137,2.830435294117647,2.8448428407789232
CC24_312a,Approval,approval4_dist,% Strongly approve,Job approval — President Biden,16.69,3.0,0.6823,5.3177,-0.2123,6.2123,26.59,24.036,29.144,24.2723,28.9077,23.3777,29.8023,17.08,14.526,19.634,14.7623,19.3977,13.8677,20.2923,0.08,-2.2377,2.3977,45.84,42.6277,49.0523,2.43,0.1123,4.7477,-0.7823,5.6423,14.15,10.9377,17.3623,17.8,15.4823,20.1177,35.4,False,False,False,False,16.751598039215686,17.57077843137255,17.317383734249713
CC24_312a,Approval,approval4_dist,% Somewhat approve,Job approval — President Biden,24.53,7.53,5.8591,9.2009,3.1663,11.8937,42.12,37.9312,46.3088,40.4491,43.7909,37.7563,46.4837,28.34,24.1512,32.5288,26.6691,30.0109,23.9763,32.7037,0.19,-1.4809,1.8609,42.1,37.7363,46.4637,6.23,4.5591,7.9009,1.8663,10.5937,19.64,15.2763,24.0037,47.5,45.8291,49.1709,48.85,False,False,False,False,25.505166666666668,25.706833333333325,25.444706300114547
CC24_312a,Approval,approval4_dist,% Somewhat disapprove,Job approval — President Biden,11.99,8.55,8.6815,8.4185,7.7838,9.3162,17.44,16.689,18.191,17.5715,17.3085,16.6738,18.2062,20.89,20.139,21.641,21.0215,20.7585,20.1238,21.6562,2.14,2.2715,2.0085,7.96,7.1938,8.7262,8.55,8.6815,8.4185,7.7838,9.3162,16.19,15.4238,16.9562,18.4,18.5315,18.2685,10.32,False,False,False,False,15.166166666666667,12.830998039215688,12.672723367697596
CC24_312a,Approval,approval4_dist,% Strongly disapprove,Job approval — President Biden,46.78,80.92,84.7766,77.0634,89.2616,72.5784,13.85,21.3433,6.3567,17.7066,9.9934,22.1916,5.5084,33.68,41.1733,26.1867,37.5366,29.8234,42.0216,25.3384,97.59,101.4466,93.7334,4.1,12.4416,-4.2416,82.78,86.6366,78.9234,91.1216,74.4384,50.02,58.3616,41.6784,16.31,20.1666,12.4534,5.43,False,False,False,False,42.57596078431373,43.89098235294117,44.56406116838488
CC24_312b,Approval,approval4,Weighted mean,Job approval — U.S. Congress,3.076,3.0242,3.0357,3.0127,3.0218,3.0266,3.061,3.0453,3.0767,3.0725,3.0495,3.0586,3.0634,2.9039,2.8882,2.9196,2.9154,2.8924,2.9015,2.9063,3.2271,3.2386,3.2156,3.1679,3.1655,3.1703,3.2644,3.2759,3.2529,3.262,3.2668,2.786,2.7836,2.7884,3.2994,3.3109,3.2879,3.2843,False,False,False,False,2.945945098039216,3.031252941176471,3.0606389461626584
CC24_312b,Approval,approval4_dist,% Strongly approve,Job approval — U.S. Congress,2.54,1.85,1.7005,1.9995,1.8654,1.8346,2.24,2.3782,2.1018,2.0905,2.3895,2.2554,2.2246,4.89,5.0282,4.7518,4.7405,5.0395,4.9054,4.8746,0.52,0.3705,0.6695,1.95,1.9654,1.9346,1.66,1.5105,1.8095,1.6754,1.6446,7.35,7.3654,7.3346,0.4,0.2505,0.5495,0.38,False,False,False,False,4.096186274509804,2.482649019607843,2.758494959908362
CC24_312b,Approval,approval4_dist,% Somewhat approve,Job approval — U.S. Congress,20.68,20.77,20.3772,21.1628,20.7784,20.7616,22.04,22.5248,21.5552,21.6472,22.4328,22.0484,22.0316,28.63,29.1148,28.1452,28.2372,29.0228,28.6384,28.6216,15.14,14.7472,15.5328,19.01,19.0184,19.0016,13.79,13.3972,14.1828,13.7984,13.7816,30.94,30.9484,30.9316,12.62,12.2272,13.0128,12.41,False,False,False,False,25.38113725490196,22.091278431372547,21.25149186712486
CC24_312b,Approval,approval4_dist,% Somewhat disapprove,Job approval — U.S. Congress,43.42,50.49,50.574,50.406,50.6647,50.3153,43.07,43.2594,42.8806,43.154,42.986,43.2447,42.8953,37.67,37.8594,37.4806,37.754,37.586,37.8447,37.4953,45.45,45.534,45.366,39.33,39.5047,39.1553,41.0,41.084,40.916,41.1747,40.8253,37.48,37.6547,37.3053,43.61,43.694,43.526,45.62,False,False,False,False,42.348176470588236,45.2322431372549,43.15187594501719
CC24_312b,Approval,approval4_dist,% Strongly disapprove,Job approval — U.S. Congress,33.36,26.89,27.348,26.432,26.6917,27.0883,32.64,31.8277,33.4523,33.098,32.182,32.4417,32.8383,28.8,27.9877,29.6123,29.258,28.342,28.6017,28.9983,38.89,39.348,38.432,39.71,39.5117,39.9083,43.55,44.008,43.092,43.3517,43.7483,24.23,24.0317,24.4283,43.37,43.828,42.912,41.59,False,False,False,False,28.17019607843137,30.18953921568628,32.83526357388316
CC24_312c,Approval,approval4,Weighted mean,Job approval — U.S. Supreme Court,2.8519,2.214,2.1647,2.2633,2.0546,2.3734,3.3809,3.2192,3.5426,3.3316,3.4302,3.2215,3.5403,2.9346,2.7729,3.0963,2.8853,2.9839,2.7752,3.094,1.9229,1.8736,1.9722,3.6724,3.513,3.8318,2.519,2.4697,2.5683,2.3596,2.6784,2.4258,2.2664,2.5852,3.7648,3.7155,3.8141,3.8393,False,False,False,False,2.7642882352941176,2.842262745098039,2.8662208476517765
CC24_312c,Approval,approval4_dist,% Strongly approve,Job approval — U.S. Supreme Court,11.79,21.92,22.3086,21.5314,24.1404,19.6996,2.47,4.7801,0.1599,2.8586,2.0814,4.6904,0.2496,6.85,9.1601,4.5399,7.2386,6.4614,9.0704,4.6296,28.44,28.8286,28.0514,1.2,3.4204,-1.0204,12.73,13.1186,12.3414,14.9504,10.5096,19.31,21.5304,17.0896,0.34,0.7286,-0.0486,0.09,False,False,False,False,12.799490196078434,11.72380588235294,11.63938579610538
CC24_312c,Approval,approval4_dist,% Somewhat approve,Job approval — U.S. Supreme Court,30.14,47.65,49.4565,45.8435,52.3685,42.9315,15.38,19.9529,10.8071,17.1865,13.5735,20.0985,10.6615,29.08,33.6529,24.5071,30.8865,27.2735,33.7985,24.3615,56.18,57.9865,54.3735,5.06,9.7785,0.3415,45.41,47.2165,43.6035,50.1285,40.6915,39.08,43.7985,34.3615,4.1,5.9065,2.2935,2.77,False,False,False,False,31.611990196078434,29.923603921568628,29.551461855670105
CC24_312c,Approval,approval4_dist,% Somewhat disapprove,Job approval — U.S. Supreme Court,19.16,17.54,17.6943,17.3857,17.3791,17.7009,23.75,23.8454,23.6546,23.9043,23.5957,23.5891,23.9109,27.83,27.9254,27.7346,27.9843,27.6757,27.6691,27.9909,10.04,10.1943,9.8857,19.04,18.8791,19.2009,19.1,19.2543,18.9457,18.9391,19.2609,21.33,21.1691,21.4909,14.28,14.4343,14.1257,10.27,False,False,False,False,21.952382352941175,20.759150980392157,19.36000939289805
CC24_312c,Approval,approval4_dist,% Strongly disapprove,Job approval — U.S. Supreme Court,38.91,12.89,10.5408,15.2392,6.1127,19.6673,58.4,51.4222,65.3778,56.0508,60.7492,51.6227,65.1773,36.24,29.2622,43.2178,33.8908,38.5892,29.4627,43.0173,5.34,2.9908,7.6892,74.7,67.9227,81.4773,22.77,20.4208,25.1192,15.9927,29.5473,20.28,13.5027,27.0573,81.27,78.9208,83.6192,86.87,False,False,False,False,33.63609803921568,37.59348235294118,39.44930366552119
pew_churatd,Religion,ordinal,Weighted mean,Church attendance (1=More than once/week … 6=Never),4.3047,3.8983,3.8705,3.9261,3.7847,4.0119,4.8238,4.6992,4.9484,4.796,4.8516,4.7102,4.9374,3.9597,3.8351,4.0843,3.9319,3.9875,3.8461,4.0733,3.8532,3.8254,3.881,4.8051,4.6915,4.9187,4.1155,4.0877,4.1433,4.0019,4.2291,3.7676,3.654,3.8812,5.2493,5.2215,5.2771,5.166,True,False,False,True,4.173221568627451,4.333850980392157,4.314525544100801
pew_churatd,Religion,ordinal_dist,% More than once/week,Church attendance (1=More than once/week … 6=Never),6.93,9.68,9.9627,9.3973,10.5657,8.7943,2.3,3.2069,1.3931,2.5827,2.0173,3.1857,1.4143,10.57,11.4769,9.6631,10.8527,10.2873,11.4557,9.6843,11.64,11.9227,11.3573,2.87,3.7557,1.9843,7.99,8.2727,7.7073,8.8757,7.1043,10.82,11.7057,9.9343,0.79,1.0727,0.5073,0.87,False,False,False,False,7.669970588235293,6.29330980392157,6.846127376861399
pew_churatd,Religion,ordinal_dist,% Once/week,Church attendance (1=More than once/week … 6=Never),16.81,21.32,21.6211,21.0189,22.7124,19.9276,9.45,10.9624,7.9376,9.7511,9.1489,10.8424,8.0576,20.57,22.0824,19.0576,20.8711,20.2689,21.9624,19.1776,22.47,22.7711,22.1689,11.07,12.4624,9.6776,19.62,19.9211,19.3189,21.0124,18.2276,24.28,25.6724,22.8876,5.72,6.0211,5.4189,6.59,False,False,False,False,18.2295,15.940170588235292,16.613064948453605
pew_churatd,Religion,ordinal_dist,% 1–2x/month,Church attendance (1=More than once/week … 6=Never),6.59,8.21,8.1901,8.2299,8.4506,7.9694,5.53,5.879,5.181,5.5101,5.5499,5.7706,5.2894,7.41,7.759,7.061,7.3901,7.4299,7.6506,7.1694,6.1,6.0801,6.1199,5.64,5.8806,5.3994,6.91,6.8901,6.9299,7.1506,6.6694,8.66,8.9006,8.4194,3.13,3.1101,3.1499,3.91,False,False,False,False,7.389088235294117,6.941794117647059,6.6557416953035515
pew_churatd,Religion,ordinal_dist,% Few times/year,Church attendance (1=More than once/week … 6=Never),13.26,15.41,15.4809,15.3391,15.7891,15.0309,13.21,13.6771,12.7429,13.2809,13.1391,13.5891,12.8309,13.8,14.2671,13.3329,13.8709,13.7291,14.1791,13.4209,14.18,14.2509,14.1091,11.04,11.4191,10.6609,13.52,13.5909,13.4491,13.8991,13.1409,14.14,14.5191,13.7609,8.65,8.7209,8.5791,10.22,False,False,False,False,14.056578431372547,14.02605490196078,13.316589690721651
pew_churatd,Religion,ordinal_dist,% Seldom,Church attendance (1=More than once/week … 6=Never),21.34,21.04,21.1158,20.9642,20.9178,21.1622,25.3,25.1923,25.4077,25.3758,25.2242,25.1778,25.4222,19.08,18.9723,19.1877,19.1558,19.0042,18.9578,19.2022,19.92,19.9958,19.8442,21.87,21.7478,21.9922,22.2,22.2758,22.1242,22.0778,22.3222,17.78,17.6578,17.9022,21.56,21.6358,21.4842,20.55,False,False,False,False,21.134823529411765,22.50888431372549,21.26474043528064
pew_churatd,Religion,ordinal_dist,% Never,Church attendance (1=More than once/week … 6=Never),35.06,24.34,23.6286,25.0514,21.5633,27.1167,44.2,41.0715,47.3285,43.4886,44.9114,41.4233,46.9767,28.57,25.4415,31.6985,27.8586,29.2814,25.7933,31.3467,25.68,24.9686,26.3914,47.51,44.7333,50.2867,29.75,29.0386,30.4614,26.9733,32.5267,24.32,21.5433,27.0967,60.15,59.4386,60.8614,57.87,True,False,False,False,31.517039215686278,34.28584509803922,35.30108190148912
pew_religimp,Religion,ordinal,Weighted mean,Importance of religion (1=Very important … 4=Not at all important),2.2895,1.8674,1.8332,1.9016,1.7479,1.9869,2.6814,2.5502,2.8126,2.6472,2.7156,2.5619,2.8009,2.0918,1.9606,2.223,2.0576,2.126,1.9723,2.2113,1.8132,1.779,1.8474,2.7807,2.6612,2.9002,2.0313,1.9971,2.0655,1.9118,2.1508,1.9027,1.7832,2.0222,3.2743,3.2401,3.3085,3.2704,True,False,False,True,2.1792137254901958,2.2757215686274503,2.310289576174112
pew_religimp,Religion,ordinal_dist,% Very important,Importance of religion (1=Very important … 4=Not at all important),36.11,48.48,49.4896,47.4704,52.1223,44.8377,19.72,23.5573,15.8827,20.7296,18.7104,23.3623,16.0777,42.43,46.2673,38.5927,43.4396,41.4204,46.0723,38.7877,53.48,54.4896,52.4704,20.59,24.2323,16.9477,43.65,44.6596,42.6404,47.2923,40.0077,49.94,53.5823,46.2977,9.77,10.7796,8.7604,10.23,True,False,False,True,38.595921568627446,34.64034705882353,35.42415452462773
pew_religimp,Religion,ordinal_dist,% Somewhat important,Importance of religion (1=Very important … 4=Not at all important),23.67,27.37,27.6434,27.0966,28.1346,26.6054,25.8,26.7968,24.8032,26.0734,25.5266,26.5646,25.0354,25.18,26.1768,24.1832,25.4534,24.9066,25.9446,24.4154,23.18,23.4534,22.9066,20.7,21.4646,19.9354,26.05,26.3234,25.7766,26.8146,25.2854,22.8,23.5646,22.0354,12.29,12.5634,12.0166,14.27,False,False,False,False,25.074019607843134,25.83643529411765,23.518825200458192
pew_religimp,Religion,ordinal_dist,% Not too important,Importance of religion (1=Very important … 4=Not at all important),15.38,13.08,12.9282,13.2318,12.5722,13.5878,21.12,20.7335,21.5065,20.9682,21.2718,20.6122,21.6278,13.17,12.7835,13.5565,13.0182,13.3218,12.6622,13.6778,11.88,11.7282,12.0318,18.76,18.2522,19.2678,13.82,13.6682,13.9718,13.3122,14.3278,14.31,13.8022,14.8178,18.67,18.5182,18.8218,13.71,False,False,False,False,16.14886274509804,16.84148039215686,15.663028636884306
pew_religimp,Religion,ordinal_dist,% Not at all important,Importance of religion (1=Very important … 4=Not at all important),24.84,11.07,9.939,12.201,7.171,14.969,33.37,28.9227,37.8173,32.239,34.501,29.471,37.269,19.22,14.7727,23.6673,18.089,20.351,15.321,23.119,11.46,10.329,12.591,39.95,36.051,43.849,16.48,15.349,17.611,12.581,20.379,12.95,9.051,16.849,59.27,58.139,60.401,61.78,True,False,False,True,20.18435294117647,22.685684313725492,25.395264146620846
pew_bornagain,Religion,binary,% Supporting,Born-again or evangelical Christian,31.2824,42.5602,43.8133,41.3071,46.1118,39.0086,19.1665,22.8345,15.4985,20.4196,17.9134,22.7181,15.6149,37.7053,41.3733,34.0373,38.9584,36.4522,41.2569,34.1537,47.6868,48.9399,46.4337,14.1411,17.6927,10.5895,39.8736,41.1267,38.6205,43.4252,36.322,43.0441,46.5957,39.4925,7.2874,8.5405,6.0343,4.2843,True,False,False,True,34.14438039215686,30.728550980392164,30.78269278350516
ideo5,Demographics,ordinal,Weighted mean,Ideological self-identification (1=Very Liberal … 5=Very Conservative),3.0532,3.8076,3.878,3.7372,4.0235,3.5917,2.4795,2.7008,2.2582,2.5499,2.4091,2.6954,2.2636,2.9469,3.1682,2.7256,3.0173,2.8765,3.1628,2.731,4.2101,4.2805,4.1397,2.1897,2.4056,1.9738,3.7281,3.7985,3.6577,3.944,3.5122,3.3999,3.6158,3.184,1.5715,1.6419,1.5011,1.6147,True,False,False,True,3.1242098039215684,3.0881901960784317,3.017858075601375
ideo5,Demographics,ordinal_dist,% Very Liberal,Ideological self-identification (1=Very Liberal … 5=Very Conservative),12.68,1.19,0.3214,2.0586,0.0,5.0582,14.0,9.3375,18.6625,13.1314,14.8686,10.1318,17.8682,7.75,3.0875,12.4125,6.8814,8.6186,3.8818,11.6182,0.47,0.0,1.3386,21.77,17.9018,25.6382,2.89,2.0214,3.7586,0.0,6.7582,4.27,0.4018,8.1382,57.11,56.2414,57.9786,51.44,True,False,False,True,7.384831372549019,8.547527450980391,13.072375486827031
ideo5,Demographics,ordinal_dist,% Liberal,Ideological self-identification (1=Very Liberal … 5=Very Conservative),17.76,3.13,1.5068,4.7532,0.0,6.629,34.17,31.0093,37.3307,32.5468,35.7932,30.671,37.669,18.1,14.9393,21.2607,16.4768,19.7232,14.601,21.599,0.52,0.0,2.1432,41.02,37.521,44.519,3.55,1.9268,5.1732,0.051,7.049,9.4,5.901,12.899,30.06,28.4368,31.6832,35.97,True,False,False,True,17.5791568627451,19.815425490196077,18.540558075601375
ideo5,Demographics,ordinal_dist,% Moderate,Ideological self-identification (1=Very Liberal … 5=Very Conservative),34.4,32.22,32.3022,32.1378,32.5464,31.8936,43.41,44.5012,42.3188,43.4922,43.3278,43.7364,43.0836,51.41,52.5012,50.3188,51.4922,51.3278,51.7364,51.0836,18.38,18.4622,18.2978,34.22,34.5464,33.8936,35.05,35.1322,34.9678,35.3764,34.7236,41.62,41.9464,41.2936,11.78,11.8622,11.6978,12.35,False,False,False,False,41.118372549019604,38.24194117647059,34.65605567010309
ideo5,Demographics,ordinal_dist,% Conservative,Ideological self-identification (1=Very Liberal … 5=Very Conservative),21.89,40.64,41.7833,39.4967,44.3707,36.9093,6.71,10.5259,2.8941,7.8533,5.5667,10.4407,2.9793,17.17,20.9859,13.3541,18.3133,16.0267,20.9007,13.4393,38.82,39.9633,37.6767,2.44,6.1707,0.0,34.9,36.0433,33.7567,38.6307,31.1693,31.49,35.2207,27.7593,0.68,1.8233,0.0,0.17,True,False,False,True,23.519127450980392,22.44058823529412,21.629210652920964
ideo5,Demographics,ordinal_dist,% Very Conservative,Ideological self-identification (1=Very Liberal … 5=Very Conservative),13.27,22.82,24.0864,21.5536,26.1308,19.5092,1.7,4.6166,0.0,2.9664,0.4336,5.0108,0.0,5.56,8.4766,2.6434,6.8264,4.2936,8.8708,2.2492,41.82,43.0864,40.5536,0.55,3.8608,0.0,23.62,24.8864,22.3536,26.9308,20.3092,13.23,16.5408,9.9192,0.38,1.6464,0.0,0.07,False,False,False,True,10.572223529411765,11.4202,12.420662084765178
CC24_330a,Demographics,ordinal,Weighted mean,Ideology self-placement 7-pt (1=Very Liberal … 7=Very Conservative),4.1069,5.3683,5.4876,5.249,5.7216,5.015,3.1107,3.4688,2.7526,3.23,2.9914,3.464,2.7574,3.8995,4.2576,3.5414,4.0188,3.7802,4.2528,3.5462,6.0216,6.1409,5.9023,2.619,2.9723,2.2657,5.2187,5.338,5.0994,5.572,4.8654,4.6484,5.0017,4.2951,1.7912,1.9105,1.6719,1.8149,True,False,False,True,4.196719607843137,4.141758823529411,4.041113402061855
CC24_330a,Demographics,ordinal_dist,% Very Liberal,Ideology self-placement 7-pt (1=Very Liberal … 7=Very Conservative),11.37,1.34,0.4948,2.1852,0.0,4.8693,12.02,7.7958,16.2442,11.1748,12.8652,8.4907,15.5493,7.25,3.0258,11.4742,6.4048,8.0952,3.7207,10.7793,0.09,0.0,0.9352,19.88,16.3507,23.4093,2.13,1.2848,2.9752,0.0,5.6593,4.53,1.0007,8.0593,51.6,50.7548,52.4452,46.84,True,False,False,True,6.782658823529411,7.631188235294118,11.860392096219934
CC24_330a,Demographics,ordinal_dist,% Liberal,Ideology self-placement 7-pt (1=Very Liberal … 7=Very Conservative),13.83,1.76,0.4001,3.1199,0.0,4.7931,25.7,22.8039,28.5961,24.3401,27.0599,22.6669,28.7331,12.61,9.7139,15.5061,11.2501,13.9699,9.5769,15.6431,0.41,0.0,1.7699,32.28,29.2469,35.3131,2.48,1.1201,3.8399,0.0,5.5131,6.69,3.6569,9.7231,28.05,26.6901,29.4099,33.38,False,False,False,True,12.902268627450981,14.807094117647058,14.53192268041237
CC24_330a,Demographics,ordinal_dist,% Somewhat Liberal,Ideology self-placement 7-pt (1=Very Liberal … 7=Very Conservative),9.49,2.83,2.1124,3.5476,1.4193,4.2407,18.72,17.6439,19.7961,18.0024,19.4376,17.3093,20.1307,11.68,10.6039,12.7561,10.9624,12.3976,10.2693,13.0907,0.28,0.0,0.9976,21.18,19.7693,22.5907,3.2,2.4824,3.9176,1.7893,4.6107,7.06,5.6493,8.4707,10.6,9.8824,11.3176,11.85,False,False,False,False,10.679098039215686,11.406107843137256,9.981130698739976
CC24_330a,Demographics,ordinal_dist,% Moderate,Ideology self-placement 7-pt (1=Very Liberal … 7=Very Conservative),25.52,23.33,23.6451,23.0149,23.5512,23.1088,32.97,33.696,32.244,33.2851,32.6549,33.1912,32.7488,41.28,42.006,40.554,41.5951,40.9649,41.5012,41.0588,10.58,10.8951,10.2649,22.15,22.3712,21.9288,26.82,27.1351,26.5049,27.0412,26.5988,30.67,30.8912,30.4488,9.32,9.6351,9.0049,7.48,False,False,False,False,30.813774509803924,28.202829411764707,25.45026861397481
CC24_330a,Demographics,ordinal_dist,% Somewhat Conservative,Ideology self-placement 7-pt (1=Very Liberal … 7=Very Conservative),10.06,15.62,16.0972,15.1428,16.9749,14.2651,5.52,6.9362,4.1038,5.9972,5.0428,6.8749,4.1651,11.13,12.5462,9.7138,11.6072,10.6528,12.4849,9.7751,13.08,13.5572,12.6028,2.44,3.7949,1.0851,16.61,17.0872,16.1328,17.9649,15.2551,14.91,16.2649,13.5551,0.22,0.6972,0.0,0.31,False,False,False,False,11.407196078431374,10.262392156862747,9.968923596792667
CC24_330a,Demographics,ordinal_dist,% Conservative,Ideology self-placement 7-pt (1=Very Liberal … 7=Very Conservative),17.31,33.79,34.705,32.875,37.0684,30.5116,3.44,6.7553,0.1247,4.355,2.525,6.7184,0.1616,10.69,14.0053,7.3747,11.605,9.775,13.9684,7.4116,36.2,37.115,35.285,1.38,4.6584,0.0,26.45,27.365,25.535,29.7284,23.1716,24.47,27.7484,21.1916,0.21,1.125,0.0,0.09,True,False,False,True,17.908901960784316,17.52912352941177,17.01268407789232
CC24_330a,Demographics,ordinal_dist,% Very Conservative,Ideology self-placement 7-pt (1=Very Liberal … 7=Very Conservative),12.42,21.33,22.5453,20.1147,24.4483,18.2117,1.62,4.3587,0.0,2.8353,0.4047,4.7383,0.0,5.36,8.0987,2.6213,6.5753,4.1447,8.4783,2.2417,39.35,40.5653,38.1347,0.69,3.8083,0.0,22.31,23.5253,21.0947,25.4283,19.1917,11.67,14.7883,8.5517,0.0,1.2153,0.0,0.05,False,False,False,True,9.690088235294116,10.667301960784313,11.567578579610538
pid3,Demographics,categorical_dist,% Democrat,Party identification (3-point),34.18,10.32,7.3559,13.2841,4.0096,16.6304,54.02,48.0855,59.9545,51.0559,56.9841,47.7096,60.3304,35.88,29.9455,41.8145,32.9159,38.8441,29.5696,42.1904,1.18,-1.7841,4.1441,68.92,62.6096,75.2304,9.67,6.7059,12.6341,3.3596,15.9804,25.34,19.0296,31.6504,61.79,58.8259,64.7541,74.47,False,False,False,False,33.2623431372549,34.695521568627456,35.20450229095074
pid3,Demographics,categorical_dist,% Republican,Party identification (3-point),29.97,58.32,59.6891,56.9509,63.7989,52.8411,6.98,12.6374,1.3226,8.3491,5.6109,12.4589,1.5011,17.04,22.6974,11.3826,18.4091,15.6709,22.5189,11.5611,59.66,61.0291,58.2909,3.63,9.1089,-1.8489,45.82,47.1891,44.4509,51.2989,40.3411,43.8,49.2789,38.3211,0.02,1.3891,-1.3491,0.16,False,False,False,False,31.62999019607843,30.833072549019608,29.50145841924398
pid3,Demographics,categorical_dist,% Independent,Party identification (3-point),27.28,25.11,25.7342,24.4858,25.7804,24.4396,29.84,30.3572,29.3228,30.4642,29.2158,30.5104,29.1696,29.35,29.8672,28.8328,29.9742,28.7258,30.0204,28.6796,30.61,31.2342,29.9858,24.11,24.7804,23.4396,32.7,33.3242,32.0758,33.3704,32.0296,26.88,27.5504,26.2096,24.82,25.4442,24.1958,19.74,False,False,False,False,27.537196078431375,27.145235294117636,27.132754410080175
pid3,Demographics,categorical_dist,% Other,Party identification (3-point),4.02,3.46,3.8212,3.0988,3.6066,3.3134,2.32,2.2053,2.4347,2.6812,1.9588,2.4666,2.1734,4.69,4.5753,4.8047,5.0512,4.3288,4.8366,4.5434,7.19,7.5512,6.8288,2.08,2.2266,1.9334,5.88,6.2412,5.5188,6.0266,5.7334,1.59,1.7366,1.4434,7.8,8.1612,7.4388,5.55,False,False,False,False,2.5466862745098044,2.773143137254902,3.738652233676976
pid3,Demographics,categorical_dist,% Not sure,Party identification (3-point),4.55,2.79,3.3999,2.1801,2.8043,2.7757,6.85,6.7245,6.9755,7.4599,6.2401,6.8643,6.8357,13.03,12.9045,13.1555,13.6399,12.4201,13.0443,13.0157,1.36,1.9699,0.7501,1.26,1.2743,1.2457,5.93,6.5399,5.3201,5.9443,5.9157,2.39,2.4043,2.3757,5.58,6.1899,4.9701,0.07,False,False,False,False,5.025735294117647,4.556533333333333,4.42346735395189
gender4,Demographics,categorical_dist,% Man,Gender,48.62,48.95,48.206,49.694,50.0977,47.8023,44.62,45.8947,43.3453,43.876,45.364,45.7677,43.4723,39.27,40.5447,37.9953,38.526,40.014,40.4177,38.1223,63.64,62.896,64.384,51.95,53.0977,50.8023,51.21,50.466,51.954,52.3577,50.0623,54.4,55.5477,53.2523,32.81,32.066,33.554,53.05,False,False,False,False,48.31921568627451,47.660774509803915,48.90646174112258
gender4,Demographics,categorical_dist,% Woman,Gender,50.7,50.85,51.5082,50.1918,49.9135,51.7865,54.82,53.8524,55.7876,55.4782,54.1618,53.8835,55.7565,60.37,59.4024,61.3376,61.0282,59.7118,59.4335,61.3065,36.1,36.7582,35.4418,47.8,46.8635,48.7365,48.69,49.3482,48.0318,47.7535,49.6265,45.48,44.5435,46.4165,61.35,62.0082,60.6918,45.13,False,False,False,False,51.40035294117647,52.030494117647066,50.42114398625429
gender4,Demographics,categorical_dist,% Non-binary,Gender,0.56,0.08,0.1796,-0.0196,-0.1203,0.2803,0.54,0.2523,0.8277,0.6396,0.4404,0.3397,0.7403,0.36,0.0723,0.6477,0.4596,0.2604,0.1597,0.5603,0.0,0.0996,-0.0996,0.19,-0.0103,0.3903,0.06,0.1596,-0.0396,-0.1403,0.2603,0.03,-0.1703,0.2303,5.62,5.7196,5.5204,1.18,False,False,False,False,0.2168235294117647,0.24172352941176478,0.5503618556701031
gender4,Demographics,categorical_dist,% Other,Gender,0.12,0.12,0.1058,0.1342,0.109,0.131,0.01,-0.0093,0.0293,-0.0042,0.0242,-0.001,0.021,0.0,-0.0193,0.0193,-0.0142,0.0142,-0.011,0.011,0.25,0.2358,0.2642,0.06,0.049,0.071,0.04,0.0258,0.0542,0.029,0.051,0.09,0.079,0.101,0.21,0.1958,0.2242,0.64,False,False,False,False,0.06054901960784314,0.06312745098039217,0.11889530355097366
race,Demographics,categorical_dist,% White,Race/ethnicity,67.25,78.39,77.6966,79.0834,79.2681,77.5119,56.7,57.6239,55.7761,56.0066,57.3934,57.5781,55.8219,43.36,44.2839,42.4361,42.6666,44.0534,44.2381,42.4819,81.17,80.4766,81.8634,69.36,70.2381,68.4819,70.24,69.5466,70.9334,71.1181,69.3619,66.18,67.0581,65.3019,65.87,65.1766,66.5634,76.31,False,False,False,False,63.53343137254902,67.0400254901961,67.05279461626576
race,Demographics,categorical_dist,% Black,Race/ethnicity,11.64,5.96,6.2896,5.6304,5.3727,6.5473,16.39,15.8712,16.9088,16.7196,16.0604,15.8027,16.9773,27.29,26.7712,27.8088,27.6196,26.9604,26.7027,27.8773,1.12,1.4496,0.7904,12.02,11.4327,12.6073,9.48,9.8096,9.1504,8.8927,10.0673,11.87,11.2827,12.4573,10.48,10.8096,10.1504,5.65,False,False,False,False,13.69562745098039,11.760866666666667,11.57907227949599
race,Demographics,categorical_dist,% Hispanic,Race/ethnicity,9.61,6.69,6.7861,6.5939,6.3428,7.0372,13.07,12.7278,13.4122,13.1661,12.9739,12.7228,13.4172,15.12,14.7778,15.4622,15.2161,15.0239,14.7728,15.4672,5.31,5.4061,5.2139,9.22,8.8728,9.5672,8.26,8.3561,8.1639,7.9128,8.6072,9.72,9.3728,10.0672,10.33,10.4261,10.2339,8.45,False,False,False,False,10.675088235294117,9.909817647058825,9.725149942726231
race,Demographics,categorical_dist,% Asian,Race/ethnicity,4.27,4.05,3.9958,4.1042,3.8705,4.2295,6.23,6.1385,6.3215,6.1758,6.2842,6.0505,6.4095,5.14,5.0485,5.2315,5.0858,5.1942,4.9605,5.3195,1.87,1.8158,1.9242,4.54,4.3605,4.7195,2.79,2.7358,2.8442,2.6105,2.9695,4.37,4.1905,4.5495,4.22,4.1658,4.2742,3.04,False,False,False,False,4.994725490196078,5.012178431372549,4.370041809851088
race,Demographics,categorical_dist,% Native American,Race/ethnicity,1.15,1.05,1.1485,0.9515,1.184,0.916,0.72,0.8207,0.6193,0.8185,0.6215,0.854,0.586,1.65,1.7507,1.5493,1.7485,1.5515,1.784,1.516,2.22,2.3185,2.1215,0.54,0.674,0.406,1.71,1.8085,1.6115,1.844,1.576,1.42,1.554,1.286,1.04,1.1385,0.9415,0.1,False,False,False,False,1.1069509803921567,0.918654901960784,1.115128407789233
race,Demographics,categorical_dist,% Multiracial,Race/ethnicity,3.99,2.3,2.4163,2.1837,2.1869,2.4131,5.21,4.9883,5.4317,5.3263,5.0937,5.0969,5.3231,5.41,5.1883,5.6317,5.5263,5.2937,5.2969,5.5231,4.12,4.2363,4.0037,2.85,2.7369,2.9631,3.91,4.0263,3.7937,3.7969,4.0231,4.0,3.8869,4.1131,6.64,6.7563,6.5237,4.97,False,False,False,False,4.090245098039215,3.6842235294117645,4.095088659793815
race,Demographics,categorical_dist,% Other,Race/ethnicity,1.73,1.39,1.4961,1.2839,1.6299,1.1501,1.36,1.5436,1.1764,1.4661,1.2539,1.5999,1.1201,1.51,1.6936,1.3264,1.6161,1.4039,1.7499,1.2701,4.06,4.1661,3.9539,1.18,1.4199,0.9401,3.18,3.2861,3.0739,3.4199,2.9401,1.86,2.0999,1.6201,0.67,0.7761,0.5639,0.95,False,False,False,False,1.5165980392156861,1.3995509803921566,1.6899963344788085
race,Demographics,categorical_dist,% Middle Eastern,Race/ethnicity,0.35,0.15,0.1518,0.1482,0.1262,0.1738,0.31,0.2764,0.3436,0.3118,0.3082,0.2862,0.3338,0.52,0.4864,0.5536,0.5218,0.5182,0.4962,0.5438,0.15,0.1518,0.1482,0.29,0.2662,0.3138,0.43,0.4318,0.4282,0.4062,0.4538,0.58,0.5562,0.6038,0.75,0.7518,0.7482,0.52,False,False,False,False,0.3792745098039215,0.2624901960784313,0.36735074455899197
educ,Demographics,categorical_dist,% No HS,Education level,6.31,7.16,7.5379,6.7821,7.4794,6.8406,5.64,5.9428,5.3372,6.0179,5.2621,5.9594,5.3206,11.15,11.4528,10.8472,11.5279,10.7721,11.4694,10.8306,5.14,5.5179,4.7621,2.35,2.6694,2.0306,7.08,7.4579,6.7021,7.3994,6.7606,7.2,7.5194,6.8806,4.51,4.8879,4.1321,1.1,False,False,False,False,7.030480392156863,6.257982352941177,6.109550859106528
educ,Demographics,categorical_dist,% HS grad,Education level,29.15,34.29,34.9408,33.6392,35.4451,33.1349,25.93,27.3074,24.5526,26.5808,25.2792,27.0851,24.7749,34.98,36.3574,33.6026,35.6308,34.3292,36.1351,33.8249,25.25,25.9008,24.5992,20.7,21.8551,19.5449,34.32,34.9708,33.6692,35.4751,33.1649,36.29,37.4451,35.1349,20.79,21.4408,20.1392,11.54,False,False,False,False,32.08919607843137,29.929396078431378,28.917058075601375
educ,Demographics,categorical_dist,% Some college,Education level,19.87,17.9,18.252,17.548,17.8542,17.9458,22.35,22.1067,22.5933,22.702,21.998,22.3042,22.3958,20.26,20.0167,20.5033,20.612,19.908,20.2142,20.3058,20.04,20.392,19.688,18.35,18.3042,18.3958,22.44,22.792,22.088,22.3942,22.4858,17.61,17.5642,17.6558,24.03,24.382,23.678,19.68,False,False,False,False,19.418333333333333,19.712401960784316,19.875045360824743
educ,Demographics,categorical_dist,% 2-year degree,Education level,10.1,10.31,10.3757,10.2443,10.456,10.164,10.93,11.1288,10.7312,10.9957,10.8643,11.076,10.784,10.63,10.8288,10.4312,10.6957,10.5643,10.776,10.484,10.27,10.3357,10.2043,10.11,10.256,9.964,10.39,10.4557,10.3243,10.536,10.244,9.9,10.046,9.754,7.96,8.0257,7.8943,7.48,False,False,False,False,10.413519607843137,10.5396568627451,10.077775372279499
educ,Demographics,categorical_dist,% 4-year degree,Education level,21.46,19.68,19.1796,20.1804,19.1058,20.2542,21.27,20.5954,21.9446,20.7696,21.7704,20.6958,21.8442,15.43,14.7554,16.1046,14.9296,15.9304,14.8558,16.0042,26.01,25.5096,26.5104,26.94,26.3658,27.5142,17.48,16.9796,17.9804,16.9058,18.0542,18.49,17.9158,19.0642,27.15,26.6496,27.6504,31.9,False,False,False,False,19.47721568627451,20.737988235294118,21.584199541809856
educ,Demographics,categorical_dist,% Post-grad,Education level,13.12,10.67,9.7245,11.6155,9.671,11.669,13.87,12.9105,14.8295,12.9245,14.8155,12.871,14.869,7.54,6.5805,8.4995,6.5945,8.4855,6.541,8.539,13.29,12.3445,14.2355,21.54,20.541,22.539,8.3,7.3545,9.2455,7.301,9.299,10.51,9.511,11.509,15.55,14.6045,16.4955,28.29,False,False,False,False,11.569068627450982,12.821529411764704,13.434165521191293
urbancity,Demographics,categorical_dist,% City,Type of area (1=City … 4=Rural),26.82,20.47,20.1904,20.7496,19.2578,21.6822,30.68,29.4824,31.8776,30.4004,30.9596,29.4678,31.8922,36.28,35.0824,37.4776,36.0004,36.5596,35.0678,37.4922,15.88,15.6004,16.1596,29.7,28.4878,30.9122,23.05,22.7704,23.3296,21.8378,24.2622,27.24,26.0278,28.4522,30.0,29.7204,30.2796,32.58,False,False,False,False,27.868313725490193,26.296666666666663,26.967752806414662
urbancity,Demographics,categorical_dist,% Suburb,Type of area (1=City … 4=Rural),39.93,41.11,40.7836,41.4364,40.6013,41.6187,41.71,41.2572,42.1628,41.3836,42.0364,41.2013,42.2187,33.11,32.6572,33.5628,32.7836,33.4364,32.6013,33.6187,41.11,40.7836,41.4364,42.24,41.7313,42.7487,34.56,34.2336,34.8864,34.0513,35.0687,37.7,37.1913,38.2087,46.91,46.5836,47.2364,43.57,False,False,False,False,39.352372549019606,40.91876470588235,40.077078006872846
urbancity,Demographics,categorical_dist,% Town,Type of area (1=City … 4=Rural),12.55,12.43,12.4399,12.4201,12.5702,12.2898,12.63,12.7836,12.4764,12.6399,12.6201,12.7702,12.4898,11.34,11.4936,11.1864,11.3499,11.3301,11.4802,11.1998,12.89,12.8999,12.8801,13.17,13.3102,13.0298,14.71,14.7199,14.7001,14.8502,14.5698,13.12,13.2602,12.9798,11.37,11.3799,11.3601,11.38,False,False,False,False,12.597147058823529,12.593825490196076,12.604809049255444
urbancity,Demographics,categorical_dist,% Rural area,Type of area (1=City … 4=Rural),20.18,25.64,26.2219,25.0581,27.2221,24.0579,13.97,15.4692,12.4708,14.5519,13.3881,15.5521,12.3879,18.51,20.0092,17.0108,19.0919,17.9281,20.0921,16.9279,29.66,30.2419,29.0781,14.56,16.1421,12.9779,27.18,27.7619,26.5981,28.7621,25.5979,21.44,23.0221,19.8579,11.32,11.9019,10.7381,12.1,False,False,False,False,19.53179411764706,19.56008823529412,19.792842611683845
urbancity,Demographics,categorical_dist,% Other,Type of area (1=City … 4=Rural),0.52,0.36,0.3742,0.3458,0.3589,0.3611,1.0,0.9981,1.0019,1.0142,0.9858,0.9989,1.0011,0.76,0.7581,0.7619,0.7742,0.7458,0.7589,0.7611,0.46,0.4742,0.4458,0.33,0.3289,0.3311,0.5,0.5142,0.4858,0.4989,0.5011,0.5,0.4989,0.5011,0.4,0.4142,0.3858,0.37,False,False,False,False,0.6496274509803923,0.6309078431372549,0.5577288659793814
region,Demographics,categorical_dist,% Northeast,Region,16.92,15.61,15.0787,16.1413,14.9379,16.2821,18.26,17.6432,18.8768,17.7287,18.7913,17.5879,18.9321,12.55,11.9332,13.1668,12.0187,13.0813,11.8779,13.2221,13.91,13.3787,14.4413,22.05,21.3779,22.7221,15.9,15.3687,16.4313,15.2279,16.5721,14.25,13.5779,14.9221,18.05,17.5187,18.5813,24.99,False,False,False,False,15.843911764705881,17.05353921568627,16.885707445589922
region,Demographics,categorical_dist,% Midwest,Region,20.85,22.64,22.5688,22.7112,22.8398,22.4402,18.96,19.1872,18.7328,18.8888,19.0312,19.1598,18.7602,17.41,17.6372,17.1828,17.3388,17.4812,17.6098,17.2102,22.5,22.4288,22.5712,20.73,20.9298,20.5302,21.93,21.8588,22.0012,22.1298,21.7302,22.31,22.5098,22.1102,21.01,20.9388,21.0812,20.46,False,False,False,False,20.741568627450977,20.812635294117644,20.915624971363112
region,Demographics,categorical_dist,% South,Region,38.92,42.86,43.6277,42.0923,43.7117,42.0083,36.83,37.7359,35.9241,37.5977,36.0623,37.6817,35.9783,46.73,47.6359,45.8241,47.4977,45.9623,47.5817,45.8783,39.05,39.8177,38.2823,29.32,30.1717,28.4683,37.98,38.7477,37.2123,38.8317,37.1283,44.17,45.0217,43.3183,37.83,38.5977,37.0623,24.32,False,False,False,False,41.50438235294118,39.44244705882353,38.883065521191305
region,Demographics,categorical_dist,% West,Region,23.31,18.89,18.7254,19.0546,18.5109,19.2691,25.96,25.4438,26.4762,25.7954,26.1246,25.5809,26.3391,23.31,22.7938,23.8262,23.1454,23.4746,22.9309,23.6891,24.55,24.3854,24.7146,27.9,27.5209,28.2791,24.19,24.0254,24.3546,23.8109,24.5691,19.26,18.8809,19.6391,23.11,22.9454,23.2746,30.23,False,False,False,False,21.910039215686275,22.694678431372548,23.31674788087056
age,Demographics,continuous,Median,"Age (years, derived from birth year)",50.0,59.0,58.3446,59.6554,60.2403,57.7597,43.0,44.8463,41.1537,42.3446,43.6554,44.2403,41.7597,38.0,39.8463,36.1537,37.3446,38.6554,39.2403,36.7597,60.0,59.3446,60.6554,55.0,56.2403,53.7597,46.0,45.3446,46.6554,47.2403,44.7597,51.0,52.2403,49.7597,33.0,32.3446,33.6554,41.0,True,False,False,True,49.10464705882354,51.28254313725491,49.0256058419244
age,Demographics,continuous,Q25,"Age (years, derived from birth year)",34.0,43.0,42.7805,43.2195,43.9953,42.0047,29.0,30.3168,27.6832,28.7805,29.2195,29.9953,28.0047,27.0,28.3168,25.6832,26.7805,27.2195,27.9953,26.0047,44.0,43.7805,44.2195,39.0,39.9953,38.0047,34.0,33.7805,34.2195,34.9953,33.0047,33.0,33.9953,32.0047,25.0,24.7805,25.2195,29.0,True,False,False,False,33.59436274509803,36.05657843137255,34.54097754868271
age,Demographics,continuous,Q75,"Age (years, derived from birth year)",64.0,68.0,67.164,68.836,68.8199,67.1801,60.0,61.4183,58.5817,59.164,60.836,60.8199,59.1801,53.0,54.4183,51.5817,52.164,53.836,53.8199,52.1801,67.0,66.164,67.836,67.0,67.8199,66.1801,60.0,59.164,60.836,60.8199,59.1801,64.0,64.8199,63.1801,43.0,42.164,43.836,58.0,True,False,False,False,62.650274509803914,64.15286862745099,61.78190022909508
faminc_new,Demographics,ordinal,Weighted mean,Family income,6.82,6.902,6.8,7.004,6.877,6.927,6.7074,6.6906,6.7242,6.6054,6.8094,6.6824,6.7324,5.4489,5.4321,5.4657,5.3469,5.5509,5.4239,5.4739,7.7629,7.6609,7.8649,7.6663,7.6413,7.6913,6.4086,6.3066,6.5106,6.3836,6.4336,6.5223,6.4973,6.5473,6.654,6.552,6.756,8.1686,False,False,False,False,6.577468627450982,6.825972549019608,6.840041237113404
faminc_new,Demographics,ordinal_dist,% <$10k,Family income,6.25,3.81,4.3819,3.2381,3.7477,3.8723,6.4,6.1208,6.6792,6.9719,5.8281,6.3377,6.4623,15.33,15.0508,15.6092,15.9019,14.7581,15.2677,15.3923,2.48,3.0519,1.9081,2.98,2.9177,3.0423,8.93,9.5019,8.3581,8.8677,8.9923,5.69,5.6277,5.7523,9.0,9.5719,8.4281,4.16,False,False,False,False,6.4527745098039215,5.23714705882353,6.154825200458191
faminc_new,Demographics,ordinal_dist,% $10k–20k,Family income,7.11,6.69,6.8916,6.4884,6.6577,6.7223,7.87,7.8311,7.9089,8.0716,7.6684,7.8377,7.9023,9.58,9.5411,9.6189,9.7816,9.3784,9.5477,9.6123,4.84,5.0416,4.6384,4.86,4.8277,4.8923,6.69,6.8916,6.4884,6.6577,6.7223,8.35,8.3177,8.3823,9.21,9.4116,9.0084,3.68,False,False,False,False,7.864039215686275,7.168382352941177,7.06440126002291
faminc_new,Demographics,ordinal_dist,% $20k–30k,Family income,10.25,10.25,10.3966,10.1034,10.3149,10.1851,12.25,12.375,12.125,12.3966,12.1034,12.3149,12.1851,13.41,13.535,13.285,13.5566,13.2634,13.4749,13.3451,7.77,7.9166,7.6234,7.82,7.8849,7.7551,10.15,10.2966,10.0034,10.2149,10.0851,11.65,11.7149,11.5851,8.67,8.8166,8.5234,6.63,False,False,False,False,11.638196078431372,11.008341176470589,10.40572565864834
faminc_new,Demographics,ordinal_dist,% $30k–40k,Family income,9.19,9.79,9.8871,9.6929,9.8911,9.6889,8.47,8.6086,8.3314,8.5671,8.3729,8.5711,8.3689,9.74,9.8786,9.6014,9.8371,9.6429,9.8411,9.6389,8.56,8.6571,8.4629,8.34,8.4411,8.2389,9.1,9.1971,9.0029,9.2011,8.9989,10.5,10.6011,10.3989,9.81,9.9071,9.7129,5.87,False,False,False,False,9.562147058823529,9.179347058823529,9.11002726231386
faminc_new,Demographics,ordinal_dist,% $40k–50k,Family income,7.97,8.73,8.7331,8.7269,8.7501,8.7099,8.25,8.3401,8.1599,8.2531,8.2469,8.2701,8.2299,7.54,7.6301,7.4499,7.5431,7.5369,7.5601,7.5199,7.01,7.0131,7.0069,8.49,8.5101,8.4699,7.8,7.8031,7.7969,7.8201,7.7799,7.07,7.0901,7.0499,6.81,6.8131,6.8069,6.22,False,False,False,False,7.927343137254901,8.385317647058823,7.809874914089351
faminc_new,Demographics,ordinal_dist,% $50k–60k,Family income,8.89,9.23,9.3394,9.1206,9.3759,9.0841,8.08,8.234,7.926,8.1894,7.9706,8.2259,7.9341,10.34,10.494,10.186,10.4494,10.2306,10.4859,10.1941,7.83,7.9394,7.7206,7.86,8.0059,7.7141,10.44,10.5494,10.3306,10.5859,10.2941,10.08,10.2259,9.9341,7.81,7.9194,7.7006,6.78,False,False,False,False,9.230470588235294,8.747215686274508,8.86013917525773
faminc_new,Demographics,ordinal_dist,% $60k–70k,Family income,6.76,7.59,7.5748,7.6052,7.6724,7.5076,6.83,6.9542,6.7058,6.8148,6.8452,6.9124,6.7476,5.68,5.8042,5.5558,5.6648,5.6952,5.7624,5.5976,6.65,6.6348,6.6652,7.01,7.0924,6.9276,7.54,7.5248,7.5552,7.6224,7.4576,6.55,6.6324,6.4676,5.54,5.5248,5.5552,6.0,False,False,False,False,6.798901960784313,7.113729411764705,6.773044215349369
faminc_new,Demographics,ordinal_dist,% $70k–80k,Family income,7.26,7.62,7.4291,7.8109,7.5614,7.6786,7.26,7.2665,7.2535,7.0691,7.4509,7.2014,7.3186,5.6,5.6065,5.5935,5.4091,5.7909,5.5414,5.6586,7.14,6.9491,7.3309,8.16,8.1014,8.2186,6.67,6.4791,6.8609,6.6114,6.7286,8.0,7.9414,8.0586,6.46,6.2691,6.6509,8.42,False,False,False,False,7.430696078431373,7.489321568627451,7.358471363115695
faminc_new,Demographics,ordinal_dist,% $80k–100k,Family income,9.26,10.56,10.4274,10.6926,10.7337,10.3863,8.12,8.3247,7.9153,7.9874,8.2526,8.2937,7.9463,5.95,6.1547,5.7453,5.8174,6.0826,6.1237,5.7763,11.48,11.3474,11.6126,9.8,9.9737,9.6263,9.77,9.6374,9.9026,9.9437,9.5963,9.27,9.4437,9.0963,7.48,7.3474,7.6126,10.29,False,False,False,False,8.851627450980391,9.301045098039216,9.220153608247422
faminc_new,Demographics,ordinal_dist,% $100k–120k,Family income,7.59,7.13,7.1296,7.1304,7.148,7.112,7.05,6.9691,7.1309,7.0496,7.0504,7.068,7.032,5.55,5.4691,5.6309,5.5496,5.5504,5.568,5.532,10.07,10.0696,10.0704,8.5,8.518,8.482,8.53,8.5296,8.5304,8.548,8.512,6.08,6.098,6.062,8.84,8.8396,8.8404,10.14,False,False,False,False,6.597117647058823,7.097429411764705,7.529435051546391
faminc_new,Demographics,ordinal_dist,% $120k–150k,Family income,8.01,8.53,8.3292,8.7308,8.499,8.561,7.18,7.1215,7.2385,6.9792,7.3808,7.149,7.211,4.47,4.4115,4.5285,4.2692,4.6708,4.439,4.501,11.16,10.9592,11.3608,9.71,9.679,9.741,7.2,6.9992,7.4008,7.169,7.231,6.66,6.629,6.691,8.31,8.1092,8.5108,12.1,False,False,False,False,7.0795882352941195,7.852056862745097,8.035510882016037
faminc_new,Demographics,ordinal_dist,% $150k–200k,Family income,5.79,5.41,5.1443,5.6757,5.2797,5.5403,5.44,5.3116,5.5684,5.1743,5.7057,5.3097,5.5703,3.23,3.1016,3.3584,2.9643,3.4957,3.0997,3.3603,8.02,7.7543,8.2857,7.87,7.7397,8.0003,4.25,3.9843,4.5157,4.1197,4.3803,5.54,5.4097,5.6703,6.12,5.8543,6.3857,9.72,False,False,False,False,5.278382352941176,5.588213725490196,5.885902405498281
faminc_new,Demographics,ordinal_dist,% $200k–250k,Family income,2.64,2.24,2.1223,2.3577,2.0994,2.3806,2.91,2.7692,3.0508,2.7923,3.0277,2.7694,3.0506,1.76,1.6192,1.9008,1.6423,1.8777,1.6194,1.9006,3.18,3.0623,3.2977,3.79,3.6494,3.9306,1.41,1.2923,1.5277,1.2694,1.5506,1.94,1.7994,2.0806,3.33,3.2123,3.4477,4.6,False,False,False,False,2.3415,2.61134705882353,2.647829438717068
faminc_new,Demographics,ordinal_dist,% $250k–350k,Family income,1.75,1.23,1.0316,1.4284,1.0529,1.4071,2.2,2.0569,2.3431,2.0016,2.3984,2.0229,2.3771,0.75,0.6069,0.8931,0.5516,0.9484,0.5729,0.9271,1.54,1.3416,1.7384,3.28,3.1029,3.4571,0.71,0.5116,0.9084,0.5329,0.8871,1.77,1.5929,1.9471,1.72,1.5216,1.9184,4.03,False,False,False,False,1.7135686274509803,1.8232882352941178,1.84187479954181
faminc_new,Demographics,ordinal_dist,% $350k–500k,Family income,0.8,0.71,0.7182,0.7018,0.7209,0.6991,1.24,1.2446,1.2354,1.2482,1.2318,1.2509,1.2291,0.61,0.6146,0.6054,0.6182,0.6018,0.6209,0.5991,1.37,1.3782,1.3618,0.87,0.8809,0.8591,0.61,0.6182,0.6018,0.6209,0.5991,0.32,0.3309,0.3091,0.67,0.6782,0.6618,0.9,False,False,False,False,0.7432549019607843,0.9063882352941178,0.809850286368843
faminc_new,Demographics,ordinal_dist,% $500k+,Family income,0.49,0.51,0.495,0.525,0.5269,0.4931,0.46,0.4843,0.4357,0.445,0.475,0.4769,0.4431,0.47,0.4943,0.4457,0.455,0.485,0.4869,0.4531,0.91,0.895,0.925,0.64,0.6569,0.6231,0.2,0.185,0.215,0.2169,0.1831,0.52,0.5369,0.5031,0.2,0.185,0.215,0.46,False,False,False,False,0.4982156862745098,0.5057117647058823,0.49840423825887736
marstat,Demographics,categorical_dist,% Married,Marital status,46.62,56.21,55.6645,56.7555,57.827,54.593,37.5,39.4674,35.5326,36.9545,38.0455,39.117,35.883,34.18,36.1474,32.2126,33.6345,34.7255,35.797,32.563,63.14,62.5945,63.6855,49.07,50.687,47.453,45.49,44.9445,46.0355,47.107,43.873,47.47,49.087,45.853,28.97,28.4245,29.5155,43.93,False,False,False,False,44.9886568627451,47.03341764705883,46.078877090492554
marstat,Demographics,categorical_dist,% Separated,Marital status,1.8,1.62,1.7333,1.5067,1.6864,1.5536,1.95,1.9831,1.9169,2.0633,1.8367,2.0164,1.8836,2.59,2.6231,2.5569,2.7033,2.4767,2.6564,2.5236,1.32,1.4333,1.2067,0.96,1.0264,0.8936,2.97,3.0833,2.8567,3.0364,2.9036,1.45,1.5164,1.3836,1.41,1.5233,1.2967,1.08,False,False,False,False,1.7537352941176465,1.708019607843137,1.7121584192439867
marstat,Demographics,categorical_dist,% Divorced,Marital status,10.17,11.2,11.1191,11.2809,11.4102,10.9898,9.5,9.8603,9.1397,9.4191,9.5809,9.7102,9.2898,8.94,9.3003,8.5797,8.8591,9.0209,9.1502,8.7298,9.81,9.7291,9.8909,11.74,11.9502,11.5298,11.14,11.0591,11.2209,11.3502,10.9298,11.38,11.5902,11.1698,6.71,6.6291,6.7909,6.42,False,False,False,False,10.505205882352943,10.554203921568625,10.095257617411225
marstat,Demographics,categorical_dist,% Widowed,Marital status,5.39,7.84,7.7711,7.9089,8.0726,7.6074,4.13,4.5009,3.7591,4.0611,4.1989,4.3626,3.8974,4.04,4.4109,3.6691,3.9711,4.1089,4.2726,3.8074,5.58,5.5111,5.6489,5.39,5.6226,5.1574,4.97,4.9011,5.0389,5.2026,4.7374,5.75,5.9826,5.5174,1.94,1.8711,2.0089,2.77,False,False,False,False,5.559166666666667,5.9187803921568625,5.228660595647195
marstat,Demographics,categorical_dist,% Never married,Marital status,30.45,19.45,19.8454,19.0546,17.5076,21.3924,39.14,36.6706,41.6094,39.5354,38.7446,37.1976,41.0824,42.32,39.8506,44.7894,42.7154,41.9246,40.3776,44.2624,16.92,17.3154,16.5246,28.22,26.2776,30.1624,29.12,29.5154,28.7246,27.1776,31.0624,29.08,27.1376,31.0224,53.03,53.4254,52.6346,40.82,False,False,False,False,31.368882352941174,29.208682352941178,31.292091408934713
marstat,Demographics,categorical_dist,% Domestic/civil partnership,Marital status,5.57,3.68,3.8663,3.4937,3.4958,3.8642,7.78,7.5172,8.0428,7.9663,7.5937,7.5958,7.9642,7.92,7.6572,8.1828,8.1063,7.7337,7.7358,8.1042,3.23,3.4163,3.0437,4.62,4.4358,4.8042,6.31,6.4963,6.1237,6.1258,6.4942,4.86,4.6758,5.0442,7.94,8.1263,7.7537,4.99,False,False,False,False,5.820049019607843,5.575880392156863,5.591171935853378
child18,Demographics,binary,% Supporting,Children under 18 in household,21.8211,19.4741,20.0788,18.8694,19.7777,19.1705,23.0216,23.1198,22.9234,23.6263,22.4169,23.3252,22.718,29.7865,29.8847,29.6883,30.3912,29.1818,30.0901,29.4829,18.7309,19.3356,18.1262,17.7389,18.0425,17.4353,29.0282,29.6329,28.4235,29.3318,28.7246,22.3617,22.6653,22.0581,19.5257,20.1304,18.921,18.8446,False,False,False,False,22.572596078431374,21.23542745098039,21.961458075601367
numchildren,Demographics,continuous,Median,Number of children,1.0,2.0,2.0254,1.9746,2.1257,1.8743,1.0,1.1562,0.8438,1.0254,0.9746,1.1257,0.8743,1.0,1.1562,0.8438,1.0254,0.9746,1.1257,0.8743,2.0,2.0254,1.9746,1.0,1.1257,0.8743,1.0,1.0254,0.9746,1.1257,0.8743,1.0,1.1257,0.8743,0.0,0.0254,-0.0254,0.0,False,False,False,False,1.23878431372549,1.426780392156863,1.1661810996563575
numchildren,Demographics,continuous,Q25,Number of children,0.0,0.0,0.0,0.0,0.0,0.0,0.0,0.0,0.0,0.0,0.0,0.0,0.0,0.0,0.0,0.0,0.0,0.0,0.0,0.0,0.0,0.0,0.0,0.0,0.0,0.0,0.0,0.0,0.0,0.0,0.0,0.0,0.0,0.0,0.0,0.0,0.0,0.0,False,False,False,False,0.0,0.0,0.0
numchildren,Demographics,continuous,Q75,Number of children,2.0,3.0,2.9947,3.0053,3.0948,2.9052,2.0,2.116,1.884,1.9947,2.0053,2.0948,1.9052,2.0,2.116,1.884,1.9947,2.0053,2.0948,1.9052,3.0,2.9947,3.0053,2.0,2.0948,1.9052,2.0,1.9947,2.0053,2.0948,1.9052,2.0,2.0948,1.9052,1.0,0.9947,1.0053,2.0,False,False,False,False,2.239970588235294,2.4242803921568625,2.2303694158075604
ownhome,Demographics,categorical_dist,% Own,Home ownership,67.25,76.48,75.8025,77.1575,77.9986,74.9614,59.37,61.2864,57.4536,58.6925,60.0475,60.8886,57.8514,52.04,53.9564,50.1236,51.3625,52.7175,53.5586,50.5214,83.92,83.2425,84.5975,70.95,72.4686,69.4314,65.49,64.8125,66.1675,67.0086,63.9714,67.83,69.3486,66.3114,50.19,49.5125,50.8675,64.72,False,False,False,False,65.55912745098041,68.00411960784315,66.69572474226801
ownhome,Demographics,categorical_dist,% Rent,Home ownership,29.44,21.42,21.9769,20.8631,20.0894,22.7506,35.31,33.6826,36.9374,35.8669,34.7531,33.9794,36.6406,43.79,42.1626,45.4174,44.3469,43.2331,42.4594,45.1206,13.92,14.4769,13.3631,26.89,25.5594,28.2206,30.75,31.3069,30.1931,29.4194,32.0806,30.0,28.6694,31.3306,43.78,44.3369,43.2231,30.44,False,False,False,False,31.095637254901963,28.58134705882353,29.87525463917526
ownhome,Demographics,categorical_dist,% Other,Home ownership,3.31,2.1,2.2202,1.9798,1.912,2.288,5.32,5.0312,5.6088,5.4402,5.1998,5.132,5.508,4.17,3.8812,4.4588,4.2902,4.0498,3.982,4.358,2.16,2.2802,2.0398,2.16,1.972,2.348,3.76,3.8802,3.6398,3.572,3.948,2.18,1.992,2.368,6.03,6.1502,5.9098,4.84,False,False,False,False,3.348450980392157,3.4151725490196085,3.4304955326460473
immstat,Demographics,categorical_dist,"% Immigrant, naturalized",Immigration background,5.63,5.09,4.9869,5.1931,4.9976,5.1824,6.18,6.1956,6.1644,6.0769,6.2831,6.0876,6.2724,7.81,7.8256,7.7944,7.7069,7.9131,7.7176,7.9024,3.2,3.0969,3.3031,5.15,5.0576,5.2424,4.07,3.9669,4.1731,3.9776,4.1624,8.73,8.6376,8.8224,4.79,4.6869,4.8931,3.73,False,False,False,False,6.926382352941175,5.85594705882353,5.794282130584191
immstat,Demographics,categorical_dist,"% Immigrant, not citizen",Immigration background,2.25,0.88,0.9694,0.7906,0.7152,1.0448,3.38,3.1873,3.5727,3.4694,3.2906,3.2152,3.5448,4.63,4.4373,4.8227,4.7194,4.5406,4.4652,4.7948,0.53,0.6194,0.4406,2.26,2.0952,2.4248,1.88,1.9694,1.7906,1.7152,2.0448,1.84,1.6752,2.0048,3.59,3.6794,3.5006,1.72,False,False,False,False,2.4194901960784314,2.173970588235294,2.233286827033219
immstat,Demographics,categorical_dist,"% US-born, parent immigrant",Immigration background,10.73,8.13,8.1972,8.0628,7.7315,8.5285,14.04,13.6015,14.4785,14.1072,13.9728,13.6415,14.4385,13.44,13.0015,13.8785,13.5072,13.3728,13.0415,13.8385,7.72,7.7872,7.6528,10.61,10.2115,11.0085,9.57,9.6372,9.5028,9.1715,9.9685,10.99,10.5915,11.3885,14.73,14.7972,14.6628,10.75,False,False,False,False,11.540274509803922,11.018743137254901,11.015370561282932
immstat,Demographics,categorical_dist,"% US-born, grandparent immigrant",Immigration background,17.86,20.42,19.9774,20.8626,20.5871,20.2529,15.43,15.73,15.13,14.9874,15.8726,15.5971,15.2629,10.84,11.14,10.54,10.3974,11.2826,11.0071,10.6729,23.59,23.1474,24.0326,22.23,22.3971,22.0629,15.09,14.6474,15.5326,15.2571,14.9229,14.65,14.8171,14.4829,13.24,12.7974,13.6826,21.23,False,False,False,False,16.02219607843137,17.986149019607844,17.41202920962199
immstat,Demographics,categorical_dist,% 3+ gen US-born,Immigration background,63.53,65.48,65.8694,65.0906,65.9701,64.9899,60.97,61.2869,60.6531,61.3594,60.5806,61.4601,60.4799,63.28,63.5969,62.9631,63.6694,62.8906,63.7701,62.7899,64.97,65.3594,64.5806,59.74,60.2301,59.2499,69.4,69.7894,69.0106,69.8901,68.9099,63.8,64.2901,63.3099,63.64,64.0294,63.2506,62.57,False,False,False,False,63.094529411764725,62.9649,63.54639140893471
sexuality,Demographics,categorical_dist,% Heterosexual/straight,Sexual orientation,87.04,95.42,95.3363,95.5037,97.5905,93.2495,82.48,85.2385,79.7215,82.3963,82.5637,84.6505,80.3095,85.51,88.2685,82.7515,85.4263,85.5937,87.6805,83.3395,95.4,95.3163,95.4837,84.42,86.5905,82.2495,90.88,90.7963,90.9637,93.0505,88.7095,93.78,95.9505,91.6095,58.23,58.1463,58.3137,70.34,False,False,False,False,89.5878137254902,89.0803843137255,86.8134295532646
sexuality,Demographics,categorical_dist,% Lesbian/gay woman,Sexual orientation,1.21,0.39,0.3434,0.4366,0.137,0.643,1.72,1.4353,2.0047,1.6734,1.7666,1.467,1.973,1.39,1.1053,1.6747,1.3434,1.4366,1.137,1.643,0.04,-0.0066,0.0866,2.05,1.797,2.303,0.54,0.4934,0.5866,0.287,0.793,0.37,0.117,0.623,3.42,3.3734,3.4666,3.17,False,False,False,False,0.949529411764706,1.0859392156862744,1.2222066437571593
sexuality,Demographics,categorical_dist,% Gay man,Sexual orientation,2.8,0.91,0.6332,1.1868,0.4375,1.3825,4.62,4.1767,5.0633,4.3432,4.8968,4.1475,5.0925,1.9,1.4567,2.3433,1.6232,2.1768,1.4275,2.3725,1.05,0.7732,1.3268,5.98,5.5075,6.4525,1.04,0.7632,1.3168,0.5675,1.5125,1.7,1.2275,2.1725,4.43,4.1532,4.7068,6.66,False,False,False,False,2.5705098039215684,2.921221568627451,2.900119243986254
sexuality,Demographics,categorical_dist,% Bisexual,Sexual orientation,5.65,1.62,1.8296,1.4104,0.554,2.686,7.13,5.6532,8.6068,7.3396,6.9204,6.064,8.196,6.42,4.9432,7.8968,6.6296,6.2104,5.354,7.486,2.03,2.2396,1.8204,4.92,3.854,5.986,4.32,4.5296,4.1104,3.254,5.386,2.39,1.324,3.456,23.45,23.6596,23.2404,14.47,False,False,False,False,4.118509803921569,4.164619607843136,5.747435967926688
sexuality,Demographics,categorical_dist,% Other,Sexual orientation,1.52,0.51,0.5774,0.4426,0.1952,0.8248,1.15,0.7164,1.5836,1.2174,1.0826,0.8352,1.4648,1.98,1.5464,2.4136,2.0474,1.9126,1.6652,2.2948,0.15,0.2174,0.0826,1.35,1.0352,1.6648,1.18,1.2474,1.1126,0.8652,1.4948,1.07,0.7552,1.3848,7.29,7.3574,7.2226,3.77,False,False,False,False,1.045980392156863,0.8827882352941179,1.521276288659794
sexuality,Demographics,categorical_dist,% Prefer not to say,Sexual orientation,1.79,1.16,1.2898,1.0302,1.0963,1.2237,2.89,2.771,3.009,3.0198,2.7602,2.8263,2.9537,2.79,2.671,2.909,2.9198,2.6602,2.7263,2.8537,1.33,1.4598,1.2002,1.29,1.2263,1.3537,2.04,2.1698,1.9102,1.9763,2.1037,0.68,0.6163,0.7437,3.17,3.2998,3.0402,1.58,False,False,False,False,1.7229019607843137,1.8653921568627452,1.7931380297823596
employ,Employment & Labor,categorical_dist,% Full-time,Employment status,38.26,34.54,34.2991,34.7809,34.2468,34.8332,37.9,37.3182,38.4818,37.6591,38.1409,37.6068,38.1932,37.17,36.5882,37.7518,36.9291,37.4109,36.8768,37.4632,41.93,41.6891,42.1709,38.15,37.8568,38.4432,38.52,38.2791,38.7609,38.2268,38.8132,37.94,37.6468,38.2332,40.7,40.4591,40.9409,50.32,False,False,False,False,37.00800980392157,36.46051960784314,38.41847892325314
employ,Employment & Labor,categorical_dist,% Part-time,Employment status,10.8,9.83,9.9533,9.7067,9.7217,9.9383,11.62,11.4933,11.7467,11.7433,11.4967,11.5117,11.7283,13.18,13.0533,13.3067,13.3033,13.0567,13.0717,13.2883,7.81,7.9333,7.6867,9.72,9.6117,9.8283,11.95,12.0733,11.8267,11.8417,12.0583,12.49,12.3817,12.5983,12.72,12.8433,12.5967,9.13,False,False,False,False,11.6023431372549,10.788623529411764,10.982766781214202
employ,Employment & Labor,categorical_dist,% Temporarily laid off,Employment status,0.82,0.39,0.3812,0.3988,0.3597,0.4203,1.38,1.3499,1.4101,1.3712,1.3888,1.3497,1.4103,1.7,1.6699,1.7301,1.6912,1.7088,1.6697,1.7303,0.4,0.3912,0.4088,0.52,0.4897,0.5503,0.67,0.6612,0.6788,0.6397,0.7003,1.12,1.0897,1.1503,0.34,0.3312,0.3488,1.13,False,False,False,False,1.0871764705882352,0.8828686274509804,0.8898404352806416
employ,Employment & Labor,categorical_dist,% Unemployed,Employment status,8.1,5.65,6.0622,5.2378,5.3613,5.9387,8.92,8.4277,9.4123,9.3322,8.5078,8.6313,9.2087,14.2,13.7077,14.6923,14.6122,13.7878,13.9113,14.4887,5.59,6.0022,5.1778,5.79,5.5013,6.0787,7.98,8.3922,7.5678,7.6913,8.2687,7.89,7.6013,8.1787,15.07,15.4822,14.6578,7.4,False,False,False,False,8.30692156862745,7.332641176470587,8.196609507445592
employ,Employment & Labor,categorical_dist,% Retired,Employment status,22.79,32.21,31.3908,33.0292,33.1493,31.2707,17.28,18.9674,15.5926,16.4608,18.0992,18.2193,16.3407,11.38,13.0674,9.6926,10.5608,12.1992,12.3193,10.4407,28.85,28.0308,29.6692,29.81,30.7493,28.8707,17.75,16.9308,18.5692,18.6893,16.8107,23.85,24.7893,22.9107,5.72,4.9008,6.5392,13.35,False,False,False,False,22.6326862745098,25.05413333333333,22.072083276059562
employ,Employment & Labor,categorical_dist,% Permanently disabled,Employment status,6.28,6.99,7.1656,6.8144,7.167,6.813,6.31,6.4816,6.1384,6.4856,6.1344,6.487,6.133,6.58,6.7516,6.4084,6.7556,6.4044,6.757,6.403,5.42,5.5956,5.2444,5.12,5.297,4.943,8.49,8.6656,8.3144,8.667,8.313,6.05,6.227,5.873,5.39,5.5656,5.2144,3.8,False,False,False,False,6.378588235294117,6.47490980392157,6.202797021764032
employ,Employment & Labor,categorical_dist,% Homemaker,Employment status,6.22,7.04,7.3152,6.7648,7.2837,6.7963,6.3,6.4919,6.1081,6.5752,6.0248,6.5437,6.0563,6.91,7.1019,6.7181,7.1852,6.6348,7.1537,6.6663,6.21,6.4852,5.9348,4.56,4.8037,4.3163,9.05,9.3252,8.7748,9.2937,8.8063,5.8,6.0437,5.5563,6.06,6.3352,5.7848,3.53,False,False,False,False,6.317764705882353,6.42922156862745,6.263031729667812
employ,Employment & Labor,categorical_dist,% Student,Employment status,4.58,1.81,1.8284,1.7916,1.2127,2.4073,7.49,6.7554,8.2246,7.5084,7.4716,6.8927,8.0873,6.23,5.4954,6.9646,6.2484,6.2116,5.6327,6.8273,2.01,2.0284,1.9916,4.54,3.9427,5.1373,2.97,2.9884,2.9516,2.3727,3.5673,3.32,2.7227,3.9173,11.26,11.2784,11.2416,8.83,False,False,False,False,4.610490196078432,4.48876862745098,4.846647995418097
employ,Employment & Labor,categorical_dist,% Other,Employment status,2.14,1.55,1.6147,1.4853,1.5077,1.5923,2.81,2.7249,2.8951,2.8747,2.7453,2.7677,2.8523,2.67,2.5849,2.7551,2.7347,2.6053,2.6277,2.7123,1.78,1.8447,1.7153,1.79,1.7477,1.8323,2.61,2.6747,2.5453,2.5677,2.6523,1.54,1.4977,1.5823,2.74,2.8047,2.6753,2.5,False,False,False,False,2.063892156862745,2.097152941176471,2.1323633447880868
union,Employment & Labor,categorical_dist,% Current member,Labor union membership,5.75,4.1,3.8696,4.3304,3.795,4.405,6.41,6.0994,6.7206,6.1796,6.6404,6.105,6.715,4.39,4.0794,4.7006,4.1596,4.6204,4.085,4.695,5.51,5.2796,5.7404,8.03,7.725,8.335,4.58,4.3496,4.8104,4.275,4.885,5.4,5.095,5.705,7.14,6.9096,7.3704,9.27,False,False,False,False,5.365215686274509,5.4619019607843144,5.769839862542957
union,Employment & Labor,categorical_dist,% Former member,Labor union membership,16.02,16.9,16.493,17.307,17.0646,16.7354,15.76,16.0506,15.4694,15.353,16.167,15.9246,15.5954,9.13,9.4206,8.8394,8.723,9.537,9.2946,8.9654,22.22,21.813,22.627,21.62,21.7846,21.4554,14.3,13.893,14.707,14.4646,14.1354,12.79,12.9546,12.6254,11.25,10.843,11.657,18.3,False,False,False,False,14.495980392156861,16.426588235294123,15.788869186712489
union,Employment & Labor,categorical_dist,% Never member,Labor union membership,78.23,79.0,79.6376,78.3624,79.141,78.859,77.83,77.8503,77.8097,78.4676,77.1924,77.971,77.689,86.48,86.5003,86.4597,87.1176,85.8424,86.621,86.339,72.28,72.9176,71.6424,70.35,70.491,70.209,81.12,81.7576,80.4824,81.261,80.979,81.81,81.951,81.669,81.61,82.2476,80.9724,72.43,False,False,False,False,80.13872549019608,78.11151568627452,78.44198785796105
unionhh,Employment & Labor,categorical_dist,% Currently member,Household union membership,6.42,4.99,4.9147,5.0653,4.8203,5.1597,8.18,7.973,8.387,8.1047,8.2553,8.0103,8.3497,5.44,5.233,5.647,5.3647,5.5153,5.2703,5.6097,4.94,4.8647,5.0153,7.39,7.2203,7.5597,8.37,8.2947,8.4453,8.2003,8.5397,5.37,5.2003,5.5397,6.12,6.0447,6.1953,9.14,False,False,False,False,6.2100686274509815,6.4989470588235285,6.489027491408933
unionhh,Employment & Labor,categorical_dist,% Formerly member,Household union membership,10.65,11.32,10.8973,11.7427,11.2553,11.3847,9.46,9.5181,9.4019,9.0373,9.8827,9.3953,9.5247,5.77,5.8281,5.7119,5.3473,6.1927,5.7053,5.8347,13.82,13.3973,14.2427,15.31,15.2453,15.3747,8.28,7.8573,8.7027,8.2153,8.3447,10.06,9.9953,10.1247,9.28,8.8573,9.7027,13.13,False,False,False,False,9.831990196078431,10.725376470588238,10.616833676975943
unionhh,Employment & Labor,categorical_dist,% Never member,Household union membership,75.05,78.44,78.5196,78.3604,79.0273,77.8527,72.73,73.3935,72.0665,72.8096,72.6504,73.3173,72.1427,73.4,74.0635,72.7365,73.4796,73.3204,73.9873,72.8127,78.25,78.3296,78.1704,71.12,71.7073,70.5327,74.73,74.8096,74.6504,75.3173,74.1427,78.09,78.6773,77.5027,71.99,72.0696,71.9104,70.83,False,False,False,False,75.80949019607843,75.3282568627451,75.00142668957619
unionhh,Employment & Labor,categorical_dist,% Not sure,Household union membership,7.89,5.25,5.6675,4.8325,4.8957,5.6043,9.63,9.1145,10.1455,10.0475,9.2125,9.2757,9.9843,15.38,14.8645,15.8955,15.7975,14.9625,15.0257,15.7343,2.98,3.3975,2.5625,6.19,5.8357,6.5443,8.61,9.0275,8.1925,8.2557,8.9643,6.48,6.1257,6.8343,12.62,13.0375,12.2025,6.9,False,False,False,False,8.147656862745098,7.447992156862746,7.891864833906073
hadjob,Employment & Labor,binary,% Supporting,Had a job in the past 5 years (% Yes),44.9808,40.4569,40.8949,40.0189,39.3589,41.5549,46.7077,45.066,48.3494,47.1457,46.2697,45.6097,47.8057,53.1052,51.4635,54.7469,53.5432,52.6672,52.0072,54.2032,40.4042,40.8422,39.9662,41.8414,40.7434,42.9394,43.6933,44.1313,43.2553,42.5953,44.7913,39.7047,38.6067,40.8027,60.5504,60.9884,60.1124,56.8773,False,False,False,False,43.547584313725494,43.2876568627451,45.20825429553264
gigwork,Employment & Labor,binary,% Supporting,Gig / freelance work (% Yes),17.4966,13.524,14.0714,12.9766,13.2038,13.8442,19.9345,19.4089,20.4601,20.4819,19.3871,19.6143,20.2547,27.1204,26.5948,27.646,27.6678,26.573,26.8002,27.4406,9.5747,10.1221,9.0273,12.0277,11.7075,12.3479,20.7645,21.3119,20.2171,20.4443,21.0847,21.591,21.2708,21.9112,24.3313,24.8787,23.7839,14.4008,False,False,False,False,19.5422568627451,16.80716274509804,17.930867010309278
investor,Employment & Labor,binary,% Supporting,Owns stocks or mutual funds (% Yes),43.1723,45.0794,43.5806,46.5782,44.801,45.3578,40.0528,40.0772,40.0284,38.554,41.5516,39.7744,40.3312,27.9123,27.9367,27.8879,26.4135,29.4111,27.6339,28.1907,53.3791,51.8803,54.8779,56.3547,56.0763,56.6331,36.5457,35.0469,38.0445,36.2673,36.8241,40.5127,40.2343,40.7911,35.9215,34.4227,37.4203,58.1696,False,False,False,False,40.47747647058824,43.37418823529413,43.27224730813287
milstat_1,Demographics,binary,% Supporting,Currently serving in military (% Yes),0.5149,0.081,0.1116,0.0504,0.1304,0.0316,0.3496,0.3805,0.3187,0.3802,0.319,0.399,0.3002,1.1736,1.2045,1.1427,1.2042,1.143,1.223,1.1242,0.5782,0.6088,0.5476,0.1807,0.2301,0.1313,1.1428,1.1734,1.1122,1.1922,1.0934,1.1244,1.1738,1.075,0.1263,0.1569,0.0957,0.2937,False,False,False,False,0.6164764705882353,0.3008352941176471,0.5245127147766323
milstat_3,Demographics,binary,% Supporting,Previously served in military (% Yes),9.4919,13.5638,13.7038,13.4238,14.4997,12.6279,6.6521,7.6565,5.6477,6.7921,6.5121,7.588,5.7162,5.5362,6.5406,4.5318,5.6762,5.3962,6.4721,4.6003,18.0805,18.2205,17.9405,7.9847,8.9206,7.0488,9.5049,9.6449,9.3649,10.4408,8.569,8.7491,9.685,7.8132,3.0464,3.1864,2.9064,4.2875,False,False,False,False,8.830817647058824,9.801254901960784,9.112414662084767
presvote20post,Voting History,categorical_dist,% Biden,2020 Presidential vote,40.12,11.86,7.82,15.9,4.3324,19.3876,61.77,54.886,68.654,57.73,65.81,54.2424,69.2976,37.88,30.996,44.764,33.84,41.92,30.3524,45.4076,1.7,-2.34,5.74,85.4,77.8724,92.9276,9.75,5.71,13.79,2.2224,17.2776,33.2,25.6724,40.7276,70.51,66.47,74.55,88.66,False,False,False,False,39.23835294117647,40.50602352941177,41.38869644902635
presvote20post,Voting History,categorical_dist,% Trump,2020 Presidential vote,35.84,69.38,71.848,66.912,76.9967,61.7633,6.73,14.0391,-0.5791,9.198,4.262,14.3467,-0.8867,16.33,23.6391,9.0209,18.798,13.862,23.9467,8.7133,89.37,91.838,86.902,2.8,10.4167,-4.8167,58.22,60.688,55.752,65.8367,50.6033,41.87,49.4867,34.2533,0.42,2.888,-2.048,0.4,False,False,False,False,33.24556862745098,35.14463333333333,34.348464261168374
presvote20post,Voting History,categorical_dist,% Jorgensen,2020 Presidential vote,0.89,1.2,1.2273,1.1727,1.2499,1.1501,1.15,1.2151,1.0849,1.1773,1.1227,1.1999,1.1001,1.15,1.2151,1.0849,1.1773,1.1227,1.1999,1.1001,0.72,0.7473,0.6927,0.4,0.4499,0.3501,1.03,1.0573,1.0027,1.0799,0.9801,1.07,1.1199,1.0201,0.3,0.3273,0.2727,0.17,False,False,False,False,1.122264705882353,1.0977254901960782,0.9293159221076747
presvote20post,Voting History,categorical_dist,% Hawkins,2020 Presidential vote,0.26,0.09,0.0659,0.1141,0.0223,0.1577,0.42,0.3355,0.5045,0.3959,0.4441,0.3523,0.4877,0.16,0.0755,0.2445,0.1359,0.1841,0.0923,0.2277,0.02,-0.0041,0.0441,0.22,0.1523,0.2877,0.13,0.1059,0.1541,0.0623,0.1977,0.01,-0.0577,0.0777,0.71,0.6859,0.7341,1.35,False,False,False,False,0.17828431372549022,0.22267058823529415,0.27178121420389456
presvote20post,Voting History,categorical_dist,% Other,2020 Presidential vote,0.48,0.42,0.4071,0.4329,0.4132,0.4268,0.37,0.3569,0.3831,0.3571,0.3829,0.3632,0.3768,0.44,0.4269,0.4531,0.4271,0.4529,0.4332,0.4468,0.4,0.3871,0.4129,0.27,0.2632,0.2768,0.55,0.5371,0.5629,0.5432,0.5568,0.76,0.7532,0.7668,0.55,0.5371,0.5629,0.84,False,False,False,False,0.5104215686274509,0.40569803921568637,0.48892290950744555
presvote20post,Voting History,categorical_dist,% Did not vote,2020 Presidential vote,22.42,17.04,18.6216,15.4584,16.9758,17.1042,29.56,29.1675,29.9525,31.1416,27.9784,29.4958,29.6242,44.03,43.6375,44.4225,45.6116,42.4484,43.9658,44.0942,7.8,9.3816,6.2184,10.91,10.8458,10.9742,30.32,31.9016,28.7384,30.2558,30.3842,23.09,23.0258,23.1542,27.51,29.0916,25.9284,8.58,False,False,False,False,25.70154901960784,22.61874705882353,22.570452462772053
presvote16post,Voting History,categorical_dist,% Clinton,2016 Presidential vote,29.16,8.07,4.6345,11.5055,2.5167,13.6233,44.66,39.7494,49.5706,41.2245,48.0955,39.1067,50.2133,26.43,21.5194,31.3406,22.9945,29.8655,20.8767,31.9833,1.98,-1.4555,5.4155,67.36,61.8067,72.9133,6.02,2.5845,9.4555,0.4667,11.5733,23.94,18.3867,29.4933,44.53,41.0945,47.9655,67.81,False,False,False,False,28.31342156862745,29.63115490196078,30.152571821305845
presvote16post,Voting History,categorical_dist,% Trump,2016 Presidential vote,31.95,61.68,63.55,59.81,68.0878,55.2722,7.04,13.3428,0.7372,8.91,5.17,13.4478,0.6322,13.41,19.7128,7.1072,15.28,11.54,19.8178,7.0022,77.26,79.13,75.39,4.6,11.0078,-1.8078,47.69,49.56,45.82,54.0978,41.2822,38.35,44.7578,31.9422,1.47,3.34,-0.4,0.52,False,False,False,False,30.216862745098037,31.894980392156864,30.63902794959908
presvote16post,Voting History,categorical_dist,% Johnson,2016 Presidential vote,2.55,2.3,2.2922,2.3078,2.3157,2.2843,2.98,2.9959,2.9641,2.9722,2.9878,2.9957,2.9643,1.9,1.9159,1.8841,1.8922,1.9078,1.9157,1.8843,2.59,2.5822,2.5978,2.79,2.8057,2.7743,3.26,3.2522,3.2678,3.2757,3.2443,2.66,2.6757,2.6443,2.4,2.3922,2.4078,2.45,False,False,False,False,2.5896274509803923,2.6222215686274506,2.5941737686139748
presvote16post,Voting History,categorical_dist,% Stein,2016 Presidential vote,1.2,0.34,0.3121,0.3679,0.1273,0.5527,1.2,0.9422,1.4578,1.1721,1.2279,0.9873,1.4127,1.74,1.4822,1.9978,1.7121,1.7679,1.5273,1.9527,0.34,0.3121,0.3679,1.67,1.4573,1.8827,0.58,0.5521,0.6079,0.3673,0.7927,0.87,0.6573,1.0827,3.47,3.4421,3.4979,3.03,False,False,False,False,0.9607549019607843,0.8683235294117648,1.1995035509736538
presvote16post,Voting History,categorical_dist,% McMullin,2016 Presidential vote,0.47,0.55,0.5542,0.5458,0.5674,0.5326,0.47,0.4943,0.4457,0.4742,0.4658,0.4874,0.4526,0.33,0.3543,0.3057,0.3342,0.3258,0.3474,0.3126,0.61,0.6142,0.6058,0.55,0.5674,0.5326,0.43,0.4342,0.4258,0.4474,0.4126,0.43,0.4474,0.4126,0.39,0.3942,0.3858,0.13,False,False,False,False,0.46231372549019606,0.5053470588235294,0.4566533791523483
presvote16post,Voting History,categorical_dist,% Other,2016 Presidential vote,1.19,1.1,1.1019,1.0981,1.1168,1.0832,1.3,1.3191,1.2809,1.3019,1.2981,1.3168,1.2832,1.26,1.2791,1.2409,1.2619,1.2581,1.2768,1.2432,1.32,1.3219,1.3181,1.18,1.1968,1.1632,1.23,1.2319,1.2281,1.2468,1.2132,1.3,1.3168,1.2832,0.96,0.9619,0.9581,1.02,False,False,False,False,1.2461470588235295,1.206164705882353,1.2029018327605956
presvote16post,Voting History,categorical_dist,% Did not vote,2016 Presidential vote,33.49,25.96,27.555,24.365,25.2683,26.6517,42.35,41.1566,43.5434,43.945,40.755,41.6583,43.0417,54.93,53.7366,56.1234,56.525,53.335,54.2383,55.6217,15.9,17.495,14.305,21.86,21.1683,22.5517,40.79,42.385,39.195,40.0983,41.4817,32.45,31.7583,33.1417,46.78,48.375,45.185,25.03,False,False,False,False,36.21113725490196,33.27283529411764,33.75551008018327
gunown,Demographics,categorical_dist,% Personally owns,Personal gun ownership,27.39,39.18,40.2043,38.1557,42.5706,35.7894,18.17,21.4338,14.9062,19.1943,17.1457,21.5606,14.7794,18.83,22.0938,15.5662,19.8543,17.8057,22.2206,15.4394,54.91,55.9343,53.8857,17.01,20.4006,13.6194,37.32,38.3443,36.2957,40.7106,33.9294,28.97,32.3606,25.5794,9.79,10.8143,8.7657,11.38,False,False,False,False,26.431382352941178,27.62338235294118,27.19776162657502
gunown,Demographics,categorical_dist,"% HH owns, not me",Personal gun ownership,12.64,12.78,13.0852,12.4748,12.7136,12.8464,13.26,13.1716,13.3484,13.5652,12.9548,13.1936,13.3264,14.22,14.1316,14.3084,14.5252,13.9148,14.1536,14.2864,8.48,8.7852,8.1748,11.63,11.5636,11.6964,15.34,15.6452,15.0348,15.2736,15.4064,13.01,12.9436,13.0764,16.42,16.7252,16.1148,8.27,False,False,False,False,13.115372549019607,12.898007843137256,12.7033273768614
gunown,Demographics,categorical_dist,% No one in HH,Personal gun ownership,59.96,48.05,46.721,49.379,44.7261,51.3739,68.57,65.3948,71.7452,67.241,69.899,65.2461,71.8939,66.96,63.7848,70.1352,65.631,68.289,63.6361,70.2839,36.61,35.281,37.939,71.36,68.0361,74.6839,47.35,46.021,48.679,44.0261,50.6739,58.03,54.7061,61.3539,73.8,72.471,75.129,80.35,False,False,False,False,60.45984313725491,59.48369411764707,60.104665406643754
