variable,domain,type,stat_label,question,overall,CON,CON_hi_id,CON_lo_id,CON_hi_pc,CON_lo_pc,LBR,LBR_hi_so,LBR_lo_so,LBR_hi_id,LBR_lo_id,LBR_hi_pc,LBR_lo_pc,STY,STY_hi_so,STY_lo_so,STY_hi_id,STY_lo_id,STY_hi_pc,STY_lo_pc,NAT,NAT_hi_id,NAT_lo_id,LIB,LIB_hi_pc,LIB_lo_pc,POP,POP_hi_id,POP_lo_id,POP_hi_pc,POP_lo_pc,CUP,CUP_hi_pc,CUP_lo_pc,DSA,DSA_hi_id,DSA_lo_id,PRG,OAO,factor_sensitive_so,factor_sensitive_es,factor_sensitive_rt,factor_sensitive_pc
CC24_341a,Taxes & Economy,binary,% Supporting,Extend the 2017 tax cuts,62.9096,85.1391,86.9131,83.3651,90.6707,79.6075,48.868,54.5962,43.1398,50.642,47.094,54.3996,43.3364,60.5274,66.2556,54.7992,62.3014,58.7534,66.059,54.9958,93.7855,95.5595,92.0115,33.0026,38.5342,27.471,75.7089,77.4829,73.9349,81.2405,70.1773,76.3888,81.9204,70.8572,28.8072,30.5812,27.0332,11.7472,68.5288,True,False,False,True
CC24_341b,Taxes & Economy,binary,% Supporting,Raise corporate income tax from 21% to 28%,57.6828,38.8283,35.2088,42.4478,31.6687,45.9879,80.3757,75.4568,85.2946,76.7562,83.9952,73.2161,87.5353,53.4382,48.5193,58.3571,49.8187,57.0577,46.2786,60.5978,6.6686,3.0491,10.2881,90.7269,83.5673,97.8865,33.5886,29.9691,37.2081,26.429,40.7482,53.0495,45.8899,60.2091,88.5291,84.9096,92.1486,97.349,80.0204,True,True,False,True
CC24_341c,Taxes & Economy,binary,% Supporting,Allow rates on $400k+ earners to rise to 35%,65.3484,52.531,48.6433,56.4187,45.021,60.041,86.3894,81.6799,91.0989,82.5017,90.2771,78.8794,93.8994,58.7368,54.0273,63.4463,54.8491,62.6245,51.2268,66.2468,7.5546,3.6669,11.4423,98.0046,90.4946,100.0,37.998,34.1103,41.8857,30.488,45.508,62.0599,54.5499,69.5699,99.6371,95.7494,100.0,100.0,92.7938,True,True,False,True
CC24_341d,Taxes & Economy,binary,% Supporting,Spend $150B/yr on infrastructure,80.4546,78.4184,76.0083,80.8285,74.6859,82.1509,90.7076,88.6267,92.7885,88.2975,93.1177,86.9751,94.4401,70.879,68.7981,72.9599,68.4689,73.2891,67.1465,74.6115,54.8584,52.4483,57.2685,97.4358,93.7033,100.0,61.252,58.8419,63.6621,57.5195,64.9845,79.6649,75.9324,83.3974,95.4743,93.0642,97.8844,99.527,94.9394,False,False,False,True
CC24_302,Taxes & Economy,ordinal,Weighted mean,Household income change past year (1=Increased a lot … 5=Decreased a lot),3.1199,3.2872,3.3345,3.2399,3.3506,3.2238,2.949,2.9875,2.9105,2.9963,2.9017,3.0124,2.8856,3.1641,3.2026,3.1256,3.2114,3.1168,3.2275,3.1007,3.5477,3.595,3.5004,2.6856,2.749,2.6222,3.4277,3.475,3.3804,3.4911,3.3643,3.0302,3.0936,2.9668,3.0358,3.0831,2.9885,2.7421,2.9728,False,True,False,True
CC24_302,Taxes & Economy,ordinal_dist,% Increased a lot,Household income change past year (1=Increased a lot … 5=Decreased a lot),3.03,1.16,0.8946,1.4254,0.8942,1.4258,4.0,3.7801,4.2199,3.7346,4.2654,3.7342,4.2658,3.28,3.0601,3.4999,3.0146,3.5454,3.0142,3.5458,1.13,0.8646,1.3954,4.88,4.6142,5.1458,1.78,1.5146,2.0454,1.5142,2.0458,5.87,5.6042,6.1358,2.86,2.5946,3.1254,5.36,2.28,False,False,False,False
CC24_302,Taxes & Economy,ordinal_dist,% Increased somewhat,Household income change past year (1=Increased a lot … 5=Decreased a lot),19.74,12.07,10.8093,13.3307,9.9007,14.2393,25.75,24.1223,27.3777,24.4893,27.0107,23.5807,27.9193,19.94,18.3123,21.5677,18.6793,21.2007,17.7707,22.1093,6.44,5.1793,7.7007,35.05,32.8807,37.2193,11.67,10.4093,12.9307,9.5007,13.8393,18.05,15.8807,20.2193,25.17,23.9093,26.4307,34.76,22.84,False,False,False,False
CC24_302,Taxes & Economy,ordinal_dist,% Stayed same,Household income change past year (1=Increased a lot … 5=Decreased a lot),50.26,55.02,54.6032,55.4368,54.9961,55.0439,49.56,50.1376,48.9824,49.1432,49.9768,49.5361,49.5839,46.94,47.5176,46.3624,46.5232,47.3568,46.9161,46.9639,48.85,48.4332,49.2668,50.05,50.0261,50.0739,46.53,46.1132,46.9468,46.5061,46.5539,51.67,51.6461,51.6939,47.13,46.7132,47.5468,46.05,56.58,False,False,False,False
CC24_302,Taxes & Economy,ordinal_dist,% Decreased somewhat,Household income change past year (1=Increased a lot … 5=Decreased a lot),16.15,20.37,21.3127,19.4273,21.6447,19.0953,12.71,13.468,11.952,13.6527,11.7673,13.9847,11.4353,16.75,17.508,15.992,17.6927,15.8073,18.0247,15.4753,23.69,24.6327,22.7473,6.66,7.9347,5.3853,22.02,22.9627,21.0773,23.2947,20.7453,16.01,17.2847,14.7353,15.19,16.1327,14.2473,7.95,11.93,False,False,False,False
CC24_302,Taxes & Economy,ordinal_dist,% Decreased a lot,Household income change past year (1=Increased a lot … 5=Decreased a lot),10.82,11.38,12.3798,10.3802,12.5644,10.1956,7.97,8.4825,7.4575,8.9698,6.9702,9.1544,6.7856,13.08,13.5925,12.5675,14.0798,12.0802,14.2644,11.8956,19.89,20.8898,18.8902,3.36,4.5444,2.1756,17.99,18.9898,16.9902,19.1744,16.8056,8.4,9.5844,7.2156,9.65,10.6498,8.6502,5.87,6.37,False,False,False,False
CC24_303,Taxes & Economy,ordinal,Weighted mean,Price change past year (1=Increased a lot … 5=Decreased a lot),1.6116,1.3256,1.2944,1.3568,1.2604,1.3908,1.8281,1.773,1.8832,1.7969,1.8593,1.7629,1.8933,1.7436,1.6885,1.7987,1.7124,1.7748,1.6784,1.8088,1.193,1.1618,1.2242,2.0245,1.9593,2.0897,1.3853,1.3541,1.4165,1.3201,1.4505,1.5351,1.4699,1.6003,1.7634,1.7322,1.7946,2.0963,1.6372,True,False,False,True
CC24_303,Taxes & Economy,ordinal_dist,% Increased a lot,Price change past year (1=Increased a lot … 5=Decreased a lot),55.11,73.98,76.3449,71.6151,78.5281,69.4319,39.69,43.299,36.081,42.0549,37.3251,44.2381,35.1419,49.52,53.129,45.911,51.8849,47.1551,54.0681,44.9719,83.63,85.9949,81.2651,26.98,31.5281,22.4319,72.54,74.9049,70.1751,77.0881,67.9919,57.96,62.5081,53.4119,43.18,45.5449,40.8151,23.8,50.34,True,False,False,True
CC24_303,Taxes & Economy,ordinal_dist,% Increased somewhat,Price change past year (1=Increased a lot … 5=Decreased a lot),32.57,21.37,19.6587,23.0813,18.4082,24.3318,43.0,40.8787,45.1213,41.2887,44.7113,40.0382,45.9618,32.64,30.5187,34.7613,30.9287,34.3513,29.6782,35.6018,14.18,12.4687,15.8913,50.71,47.7482,53.6718,20.48,18.7687,22.1913,17.5182,23.4418,32.47,29.5082,35.4318,41.16,39.4487,42.8713,50.51,38.6,False,False,False,False
CC24_303,Taxes & Economy,ordinal_dist,% Stayed same,Price change past year (1=Increased a lot … 5=Decreased a lot),8.87,3.18,2.6837,3.6763,2.029,4.331,12.34,11.2712,13.4088,11.8437,12.8363,11.189,13.491,13.08,12.0112,14.1488,12.5837,13.5763,11.929,14.231,1.77,1.2737,2.2663,15.35,14.199,16.501,4.14,3.6437,4.6363,2.989,5.291,8.19,7.039,9.341,11.89,11.3937,12.3863,18.3,8.13,False,False,False,False
CC24_303,Taxes & Economy,ordinal_dist,% Decreased somewhat,Price change past year (1=Increased a lot … 5=Decreased a lot),2.95,1.06,0.8413,1.2787,0.5737,1.5463,4.75,4.3235,5.1765,4.5313,4.9687,4.2637,5.2363,3.49,3.0635,3.9165,3.2713,3.7087,3.0037,3.9763,0.1,0.0,0.3187,6.79,6.3037,7.2763,1.58,1.3613,1.7987,1.0937,2.0663,0.89,0.4037,1.3763,3.66,3.4413,3.8787,7.06,2.88,False,False,False,False
CC24_303,Taxes & Economy,ordinal_dist,% Decreased a lot,Price change past year (1=Increased a lot … 5=Decreased a lot),0.5,0.41,0.4704,0.3496,0.4609,0.3591,0.22,0.2279,0.2121,0.2804,0.1596,0.2709,0.1691,1.27,1.2779,1.2621,1.3304,1.2096,1.3209,1.2191,0.32,0.3804,0.2596,0.17,0.2209,0.1191,1.26,1.3204,1.1996,1.3109,1.2091,0.5,0.5509,0.4491,0.1,0.1604,0.0396,0.34,0.06,False,False,False,False
CC24_323a,Immigration,binary,% Supporting,Grant legal status to long-term undocumented immigrants,59.2294,30.2296,25.8819,34.5773,21.1869,39.2723,82.7113,76.6472,88.7754,78.3636,87.059,73.6686,91.754,75.1003,69.0362,81.1644,70.7526,79.448,66.0576,84.143,0.201,0.0,4.5487,98.3073,89.2646,100.0,12.3442,7.9965,16.6919,3.3015,21.3869,59.9703,50.9276,69.013,99.3685,95.0208,100.0,99.9762,90.3728,True,True,False,True
CC24_323b,Immigration,binary,% Supporting,Increase border patrols,79.5714,99.4845,98.499,100.0,100.0,95.3702,72.2397,78.3598,66.1196,71.2542,73.2252,76.354,68.1254,64.8119,70.932,58.6918,63.8264,65.7974,68.9262,60.6976,100.0,99.0145,100.0,75.3309,79.4452,71.2166,89.1047,88.1192,90.0902,93.219,84.9904,93.2013,97.3156,89.087,18.338,17.3525,19.3235,40.627,99.966,True,False,False,True
CC24_323d,Immigration,binary,% Supporting,Permanent status/pathway for Dreamers,70.4041,53.0032,48.9383,57.0681,44.5368,61.4696,98.3844,93.2167,100.0,94.3195,100.0,89.918,100.0,86.6809,81.5132,91.8486,82.616,90.7458,78.2145,95.1473,0.282,0.0,4.3469,99.9717,91.5053,100.0,27.6665,23.6016,31.7314,19.2001,36.1329,72.2816,63.8152,80.748,100.0,95.9351,100.0,100.0,98.7846,True,True,False,True
CC24_323f,Immigration,binary,% Supporting,Forgive up to $20k of student loan debt per person,54.1862,25.7075,23.7477,27.6673,18.7292,32.6858,79.6209,73.2399,86.0019,77.6611,81.5807,72.6426,86.5992,70.5324,64.1514,76.9134,68.5726,72.4922,63.5541,77.5107,5.2886,3.3288,7.2484,82.7126,75.7343,89.6909,30.2371,28.2773,32.1969,23.2588,37.2154,47.291,40.3127,54.2693,95.8983,93.9385,97.8581,93.6354,54.8215,True,False,False,True
CC24_340f,Immigration,binary,% Supporting,Deny asylum for illegal border crossings,63.1681,99.8093,100.0,99.3807,100.0,92.6583,39.458,48.7683,30.1477,39.8866,39.0294,46.609,32.307,39.6282,48.9385,30.3179,40.0568,39.1996,46.7792,32.4772,100.0,100.0,99.5714,29.4301,36.5811,22.2791,87.0888,87.5174,86.6602,94.2398,79.9378,82.0974,89.2484,74.9464,0.0336,0.4622,0.0,0.1145,100.0,True,False,False,True
CC24_321a,Police & Guns,binary,% Supporting,Ban assault rifles,59.5554,40.7492,37.0995,44.3989,33.2928,48.2056,80.9072,75.7958,86.0186,77.2575,84.5569,73.4508,88.3636,63.1428,58.0314,68.2542,59.4931,66.7925,55.6864,70.5992,6.4067,2.757,10.0564,91.4934,84.037,98.9498,27.0589,23.4092,30.7086,19.6025,34.5153,58.5513,51.0949,66.0077,93.1937,89.544,96.8434,96.5447,81.0322,True,True,False,True
CC24_321b,Police & Guns,binary,% Supporting,Easier concealed-carry permits,38.9291,54.9176,58.1778,51.6574,62.2038,47.6314,20.1692,25.4297,14.9087,23.4294,16.909,27.4554,12.883,36.5762,41.8367,31.3157,39.8364,33.316,43.8624,29.29,91.7736,95.0338,88.5134,7.2956,14.5818,0.0094,67.8831,71.1433,64.6229,75.1693,60.5969,44.222,51.5082,36.9358,1.9058,5.166,0.0,1.1018,21.1161,True,True,False,True
CC24_321c,Police & Guns,binary,% Supporting,Require background checks on all gun sales,92.5023,93.8034,92.4913,95.1155,91.8224,95.7844,98.4429,97.4473,99.4385,97.1308,99.755,96.4619,100.0,88.7939,87.7983,89.7895,87.4818,90.106,86.8129,90.7749,75.8481,74.536,77.1602,99.5799,97.5989,100.0,80.3952,79.0831,81.7073,78.4142,82.3762,94.8726,92.8916,96.8536,99.6987,98.3866,100.0,99.647,98.9825,False,False,False,False
CC24_321d,Police & Guns,binary,% Supporting,Increase police by 10%,56.7169,99.714,98.882,100.0,100.0,94.1921,31.436,40.1133,22.7587,30.604,32.268,36.9579,25.9141,34.9589,43.6362,26.2816,34.1269,35.7909,40.4808,29.437,100.0,99.168,100.0,35.5848,41.1067,30.0629,44.166,43.334,44.998,49.6879,38.6441,65.1423,70.6642,59.6204,0.2707,0.0,1.1027,0.3959,99.9786,True,False,False,True
CC24_321e,Police & Guns,binary,% Supporting,"Decrease police by 10%, increase other funding",26.7993,1.8792,2.3556,1.4028,0.0,6.661,39.5124,32.5829,46.4419,39.9888,39.036,34.7306,44.2942,39.1405,32.211,46.07,39.6169,38.6641,34.3587,43.9223,0.1097,0.5861,0.0,35.6377,30.8559,40.4195,19.5421,20.0185,19.0657,14.7603,24.3239,16.6141,11.8323,21.3959,87.2103,87.6867,86.7339,75.5713,1.3649,True,False,False,True
CC24_321f,Police & Guns,binary,% Supporting,Increase spending on mental health & school safety,86.4629,86.5553,84.395,88.7156,82.9343,90.1763,95.922,93.9816,97.8624,93.7617,98.0823,92.301,99.543,85.8456,83.9052,87.786,83.6853,88.0059,82.2246,89.4666,54.075,51.9147,56.2353,98.4488,94.8278,100.0,66.5524,64.3921,68.7127,62.9314,70.1734,90.4463,86.8253,94.0673,99.0147,96.8544,100.0,99.6192,98.4488,False,False,False,True
CC24_325,Abortion,continuous,Median,Abortion: how many weeks should it be legal,13.0,10.0,9.3258,10.6742,8.2541,11.7459,18.0,16.1799,19.8201,17.3258,18.6742,16.2541,19.7459,13.0,11.1799,14.8201,12.3258,13.6742,11.2541,14.7459,7.0,6.3258,7.6742,24.0,22.2541,25.7459,8.0,7.3258,8.6742,6.2541,9.7459,12.0,10.2541,13.7459,28.0,27.3258,28.6742,32.0,12.0,True,False,False,True
CC24_325,Abortion,continuous,Q25,Abortion: how many weeks should it be legal,6.0,4.0,3.3156,4.6844,2.3044,5.6956,10.0,8.3771,11.6229,9.3156,10.6844,8.3044,11.6956,6.0,4.3771,7.6229,5.3156,6.6844,4.3044,7.6956,0.0,-0.6844,0.6844,16.0,14.3044,17.6956,1.0,0.3156,1.6844,-0.6956,2.6956,4.0,2.3044,5.6956,20.0,19.3156,20.6844,24.0,8.0,True,False,False,True
CC24_325,Abortion,continuous,Q75,Abortion: how many weeks should it be legal,24.0,15.0,14.2374,15.7626,12.763,17.237,26.0,23.7793,28.2207,25.2374,26.7626,23.763,28.237,23.0,20.7793,25.2207,22.2374,23.7626,20.763,25.237,12.0,11.2374,12.7626,36.0,33.763,38.237,14.0,13.2374,14.7626,11.763,16.237,19.0,16.763,21.237,40.0,39.2374,40.7626,40.0,21.0,True,False,False,True
CC24_324b,Abortion,binary,% Supporting,Permit abortion only in rape/incest/life danger cases,51.3964,72.6163,73.9157,71.3169,77.3084,67.9242,36.9495,42.116,31.783,38.2489,35.6501,41.6416,32.2574,56.8046,61.9711,51.6381,58.104,55.5052,61.4967,52.1125,72.2413,73.5407,70.9419,25.7348,30.4269,21.0427,60.3942,61.6936,59.0948,65.0863,55.7021,65.4458,70.1379,60.7537,14.1527,15.4521,12.8533,6.143,57.3858,True,False,False,True
CC24_340b,Abortion,binary,% Supporting,Prohibit restrictions on abortion access (Congress bill),63.0207,48.7144,46.2751,51.1537,43.3505,54.0783,82.7413,78.6358,86.8468,80.302,85.1806,77.3774,88.1052,53.177,49.0715,57.2825,50.7377,55.6163,47.8131,58.5409,31.5194,29.0801,33.9587,88.8153,83.4514,94.1792,43.5041,41.0648,45.9434,38.1402,48.868,53.8649,48.501,59.2288,94.0501,91.6108,96.4894,95.6766,75.0169,True,False,False,True
CC24_444c,Abortion,binary,% Supporting,Prohibit abortion-inducing drugs by mail,41.2474,63.5861,65.4271,61.7451,69.3897,57.7825,22.9448,28.3102,17.5794,24.7858,21.1038,28.7484,17.1412,39.0023,44.3677,33.6369,40.8433,37.1613,44.8059,33.1987,74.6758,76.5168,72.8348,11.1838,16.9874,5.3802,58.7169,60.5579,56.8759,64.5205,52.9133,54.5528,60.3564,48.7492,3.7817,5.6227,1.9407,1.466,38.551,True,False,False,True
CC24_444d,Abortion,binary,% Supporting,Prohibit women traveling to another state for abortion,18.4855,27.1627,28.0598,26.2656,29.5939,24.7315,8.8986,11.1128,6.6844,9.7957,8.0015,11.3298,6.4674,25.6106,27.8248,23.3964,26.5077,24.7135,28.0418,23.1794,27.2533,28.1504,26.3562,3.6846,6.1158,1.2534,26.8387,27.7358,25.9416,29.2699,24.4075,28.0167,30.4479,25.5855,0.469,1.3661,0.0,0.1411,15.9998,False,False,False,False
CC24_340c,Civil Liberties,binary,% Supporting,Federal recognition of same-sex & interracial marriages,66.0666,47.846,44.9316,50.7604,41.5218,54.1702,95.9375,91.2405,100.0,93.0231,98.8519,89.6133,100.0,54.3011,49.6041,58.9981,51.3867,57.2155,47.9769,60.6253,26.541,23.6266,29.4554,97.2584,90.9342,100.0,43.4016,40.4872,46.316,37.0774,49.7258,55.8161,49.4919,62.1403,98.4739,95.5595,100.0,99.9117,79.2497,True,False,False,True
CC24_340d,Civil Liberties,binary,% Supporting,Ban TikTok unless China sells to a US company,55.4871,73.6451,72.8719,74.4183,76.45,70.8402,44.4839,48.6478,40.32,43.7107,45.2571,47.2888,41.679,40.7118,44.8757,36.5479,39.9386,41.485,43.5167,37.9069,76.8622,76.089,77.6354,52.3658,55.1707,49.5609,54.7864,54.0132,55.5596,57.5913,51.9815,62.4261,65.231,59.6212,20.813,20.0398,21.5862,32.151,70.7874,True,False,False,False
CC24_340e,Civil Liberties,binary,% Supporting,Renew post-9/11 surveillance programs,34.0178,45.1447,42.9256,47.3638,43.9712,46.3182,36.4273,38.7796,34.075,34.2082,38.6464,35.2538,37.6008,30.2967,32.649,27.9444,28.0776,32.5158,29.1232,31.4702,9.4977,7.2786,11.7168,43.0105,41.837,44.184,21.3699,19.1508,23.589,20.1964,22.5434,45.6591,44.4856,46.8326,18.3327,16.1136,20.5518,3.7548,71.6158,False,False,False,False
CC24_444a,Civil Liberties,binary,% Supporting,Prevent gender transition surgery for minors,60.1484,78.1244,79.9641,76.2847,83.5878,72.661,48.9304,54.1987,43.6621,50.7701,47.0907,54.3938,43.467,60.1361,65.4044,54.8678,61.9758,58.2964,65.5995,54.6727,88.9089,90.7486,87.0692,32.5615,38.0249,27.0981,78.3789,80.2186,76.5392,83.8423,72.9155,72.2826,77.746,66.8192,21.6662,23.5059,19.8265,15.5509,59.9299,True,False,False,True
CC24_444b,Civil Liberties,binary,% Supporting,Parental consent for name/pronoun changes at school,62.7367,85.3977,87.2171,83.5783,91.7613,79.0341,45.6794,52.3815,38.9773,47.4988,43.86,52.043,39.3158,63.6007,70.3028,56.8986,65.4201,61.7813,69.9643,57.2371,94.3123,96.1317,92.4929,34.6172,40.9808,28.2536,85.0514,86.8708,83.232,91.415,78.6878,75.434,81.7976,69.0704,11.6714,13.4908,9.852,7.6704,70.8522,True,False,False,True
CC24_444e,Civil Liberties,binary,% Supporting,Age verification for adult web content,78.7779,88.5785,88.6371,88.5199,90.3588,86.7982,75.2629,77.9909,72.5349,75.3215,75.2043,77.0432,73.4826,77.5991,80.3271,74.8711,77.6577,77.5405,79.3794,75.8188,87.0568,87.1154,86.9982,72.9322,74.7125,71.1519,78.8884,78.947,78.8298,80.6687,77.1081,83.4249,85.2052,81.6446,59.0949,59.1535,59.0363,53.2211,89.9619,False,False,False,False
CC24_444f,Civil Liberties,binary,% Supporting,School voucher subsidies,56.1512,70.5407,73.1465,67.9349,75.7244,65.357,44.454,48.7605,40.1475,47.0598,41.8482,49.6377,39.2703,61.4132,65.7197,57.1067,64.019,58.8074,66.5969,56.2295,86.9864,89.5922,84.3806,26.5249,31.7086,21.3412,71.3714,73.9772,68.7656,76.5551,66.1877,65.6888,70.8725,60.5051,33.7039,36.3097,31.0981,11.9711,49.3882,True,False,False,True
CC24_326a,Environment & Climate,binary,% Supporting,Give EPA power to regulate CO2 emissions,62.3942,39.213,35.5318,42.8942,31.4501,46.9759,88.7817,83.3705,94.1929,85.1005,92.4629,81.0188,96.5446,67.2327,61.8215,72.6439,63.5515,70.9139,59.4698,74.9956,4.9293,1.2481,8.6105,95.241,87.4781,100.0,31.6727,27.9915,35.3539,23.9098,39.4356,63.453,55.6901,71.2159,96.8977,93.2165,100.0,98.6686,83.2917,True,True,False,True
CC24_326b,Environment & Climate,binary,% Supporting,Require 20% renewable electricity,66.1221,44.5249,41.4043,47.6455,37.385,51.6648,90.3056,85.2135,95.3977,87.185,93.4262,83.1657,97.4455,76.5382,71.4461,81.6303,73.4176,79.6588,69.3983,83.6781,8.9909,5.8703,12.1115,94.3359,87.196,100.0,39.5961,36.4755,42.7167,32.4562,46.736,67.4679,60.328,74.6078,96.9976,93.877,100.0,98.0185,83.271,True,True,False,True
CC24_326c,Environment & Climate,binary,% Supporting,Strengthen Clean Air/Water Act enforcement (even if it costs jobs),55.1936,29.6793,26.4827,32.8759,22.1589,37.1997,77.0459,71.1798,82.912,73.8493,80.2425,69.5255,84.5663,62.6317,56.7656,68.4978,59.4351,65.8283,55.1113,70.1521,4.3782,1.1816,7.5748,90.4664,82.946,97.9868,26.8186,23.622,30.0152,19.2982,34.339,51.2673,43.7469,58.7877,93.13,89.9334,96.3266,97.0091,69.4992,True,True,False,True
CC24_326d,Environment & Climate,binary,% Supporting,Increase fossil fuel production in the U.S.,56.953,85.0649,86.749,83.3808,91.6662,78.4636,36.3858,43.0501,29.7215,38.0699,34.7017,42.9871,29.7845,50.0336,56.6979,43.3693,51.7177,48.3495,56.6349,43.4323,96.3562,98.0403,94.6721,25.9202,32.5215,19.3189,74.0844,75.7685,72.4003,80.6857,67.4831,70.3257,76.927,63.7244,10.0169,11.701,8.3328,8.1938,60.5973,True,False,False,True
CC24_326e,Environment & Climate,binary,% Supporting,Halt new oil and gas leases on federal lands,44.7229,19.5656,17.301,21.8302,12.8762,26.255,65.6536,59.4792,71.828,63.389,67.9182,58.9642,72.343,50.8046,44.6302,56.979,48.54,53.0692,44.1152,57.494,3.2241,0.9595,5.4887,74.3598,67.6704,81.0492,20.9991,18.7345,23.2637,14.3097,27.6885,38.5447,31.8553,45.2341,87.6893,85.4247,89.9539,89.476,45.2285,True,False,False,True
CC24_326f,Environment & Climate,binary,% Supporting,Prevent government from banning gas stoves,67.4904,78.2704,79.2704,77.2704,81.6943,74.8465,61.4964,64.9529,58.0399,62.4964,60.4964,64.9203,58.0725,62.1408,65.5973,58.6843,63.1408,61.1408,65.5647,58.7169,90.4861,91.4861,89.4861,56.6433,60.0672,53.2194,77.1006,78.1006,76.1006,80.5245,73.6767,71.5926,75.0165,68.1687,44.1319,45.1319,43.1319,36.8299,69.0016,True,False,False,True
CC24_328a,Healthcare & Housing,binary,% Supporting,Relax local zoning laws to allow more apartments/condos,50.2392,41.7546,40.2472,43.262,39.4012,44.108,55.0034,53.3206,56.6862,53.496,56.5108,52.65,57.3568,54.3716,52.6888,56.0544,52.8642,55.879,52.0182,56.725,34.7906,33.2832,36.298,63.0486,60.6952,65.402,40.223,38.7156,41.7304,37.8696,42.5764,51.2787,48.9253,53.6321,52.8005,51.2931,54.3079,69.6332,55.8466,False,False,False,False
CC24_328b,Healthcare & Housing,binary,% Supporting,Expand federal tax incentives for affordable housing,72.447,59.6047,57.427,61.7824,54.5919,64.6175,86.792,83.0926,90.4914,84.6143,88.9697,81.7792,91.8048,78.9586,75.2592,82.658,76.7809,81.1363,73.9458,83.9714,32.6072,30.4295,34.7849,92.8938,87.881,97.9066,53.0424,50.8647,55.2201,48.0296,58.0552,72.9798,67.967,77.9926,95.9166,93.7389,98.0943,96.6631,81.7823,True,False,False,True
CC24_328c,Healthcare & Housing,binary,% Supporting,Require able-bodied Medicaid recipients under 64 to work,53.2651,69.5243,70.0115,69.0371,72.9305,66.1181,44.5384,48.9139,40.1629,45.0256,44.0512,47.9446,41.1322,49.3468,53.7223,44.9713,49.834,48.8596,52.753,45.9406,72.7547,73.2419,72.2675,40.1937,43.5999,36.7875,58.3849,58.8721,57.8977,61.7911,54.9787,58.7486,62.1548,55.3424,22.0528,22.54,21.5656,17.1894,67.127,True,False,False,True
CC24_328d,Healthcare & Housing,binary,% Supporting,Repeal the Affordable Care Act,38.4834,62.1169,65.2254,59.0084,69.1843,55.0495,15.0659,20.4686,9.6632,18.1744,11.9574,22.1333,7.9985,33.492,38.8947,28.0893,36.6005,30.3835,40.5594,26.4246,85.7204,88.8289,82.6119,5.0445,12.1119,0.0,67.1593,70.2678,64.0508,74.2267,60.0919,41.3864,48.4538,34.319,3.5629,6.6714,0.4544,1.4684,25.3127,True,True,False,True
CC24_328e,Healthcare & Housing,binary,% Supporting,Expand Medicaid (income <$25k individual / <$40k family),78.6882,67.2118,65.3266,69.097,62.6657,71.7579,93.4622,90.1765,96.7479,91.577,95.3474,88.9161,98.0083,84.2906,81.0049,87.5763,82.4054,86.1758,79.7445,88.8367,38.0257,36.1405,39.9109,95.4068,90.8607,99.9529,65.8631,63.9779,67.7483,61.317,70.4092,79.1274,74.5813,83.6735,98.7615,96.8763,100.0,99.3276,88.5421,True,False,False,True
CC24_440a,Racial & Gender,likert5,"Mean (1=Strongly Agree, 5=Strongly Disagree)",White people have certain advantages because of their race,2.6905,3.5336,3.619,3.4482,3.7832,3.284,1.912,2.1278,1.6962,1.9974,1.8266,2.1616,1.6624,2.3041,2.5199,2.0883,2.3895,2.2187,2.5537,2.0545,4.3596,4.445,4.2742,1.6061,1.8557,1.3565,3.6628,3.7482,3.5774,3.9124,3.4132,2.9772,3.2268,2.7276,1.2612,1.3466,1.1758,1.2172,2.5245,False,False,False,False
CC24_440a,Racial & Gender,likert5_dist,% Strongly Agree,White people have certain advantages because of their race,29.03,6.85,5.3039,8.3961,1.0042,12.6958,40.08,33.825,46.335,38.5339,41.6261,34.2342,45.9258,32.29,26.035,38.545,30.7439,33.8361,26.4442,38.1358,0.86,-0.6861,2.4061,56.4,50.5542,62.2458,9.43,7.8839,10.9761,3.5842,15.2758,16.06,10.2142,21.9058,76.8,75.2539,78.3461,80.99,22.52,False,False,False,False
CC24_440a,Racial & Gender,likert5_dist,% Agree,White people have certain advantages because of their race,22.83,15.33,14.1864,16.4736,13.3903,17.2697,39.13,38.5343,39.7257,37.9864,40.2736,37.1903,41.0697,28.24,27.6443,28.8357,27.0964,29.3836,26.3003,30.1797,3.15,2.0064,4.2936,32.34,30.4003,34.2797,12.14,10.9964,13.2836,10.2003,14.0797,25.74,23.8003,27.6797,20.9,19.7564,22.0436,17.28,33.42,False,False,False,False
CC24_440a,Racial & Gender,likert5_dist,% Neither,White people have certain advantages because of their race,18.04,26.64,26.9839,26.2961,27.9979,25.2821,13.42,15.2678,11.5722,13.7639,13.0761,14.7779,12.0621,24.58,26.4278,22.7322,24.9239,24.2361,25.9379,23.2221,16.73,17.0739,16.3861,7.43,8.7879,6.0721,22.3,22.6439,21.9561,23.6579,20.9421,23.84,25.1979,22.4821,1.75,2.0939,1.4061,1.16,23.55,False,False,False,False
CC24_440a,Racial & Gender,likert5_dist,% Disagree,White people have certain advantages because of their race,10.27,19.96,20.3412,19.5788,21.4844,18.4356,4.28,5.8053,2.7547,4.6612,3.8988,5.8044,2.7556,6.54,8.0653,5.0147,6.9212,6.1588,8.0644,5.0156,17.66,18.0412,17.2788,1.89,3.4144,0.3656,14.97,15.3512,14.5888,16.4944,13.4456,13.13,14.6544,11.6056,0.47,0.8512,0.0888,0.19,10.11,False,False,False,False
CC24_440a,Racial & Gender,likert5_dist,% Strongly Disagree,White people have certain advantages because of their race,19.83,31.22,33.1842,29.2558,36.1223,26.3177,3.1,6.5768,-0.3768,5.0642,1.1358,8.0023,-1.8023,8.34,11.8168,4.8632,10.3042,6.3758,13.2423,3.4377,61.59,63.5542,59.6258,1.94,6.8423,-2.9623,41.16,43.1242,39.1958,46.0623,36.2577,21.22,26.1223,16.3177,0.08,2.0442,-1.8842,0.39,10.4,False,False,False,False
CC24_440b,Racial & Gender,likert5,"Mean (1=Strongly Agree, 5=Strongly Disagree)","Racial problems in the U.S. are rare, isolated situations",3.4832,2.9101,2.8349,2.9853,2.6967,3.1235,4.0527,3.8751,4.2303,3.9775,4.1279,3.8393,4.2661,3.612,3.4344,3.7896,3.5368,3.6872,3.3986,3.8254,1.9846,1.9094,2.0598,4.3917,4.1783,4.6051,2.7983,2.7231,2.8735,2.5849,3.0117,3.1414,2.928,3.3548,4.7575,4.6823,4.8327,4.7779,3.7822,False,False,False,False
CC24_440b,Racial & Gender,likert5_dist,% Strongly Agree,"Racial problems in the U.S. are rare, isolated situations",9.59,12.13,13.3246,10.9354,14.8331,9.4269,1.69,3.3853,-0.0053,2.8846,0.4954,4.3931,-1.0131,6.26,7.9553,4.5647,7.4546,5.0654,8.9631,3.5569,37.33,38.5246,36.1354,0.14,2.8431,-2.5631,17.72,18.9146,16.5254,20.4231,15.0169,10.07,12.7731,7.3669,0.0,1.1946,-1.1946,0.0,2.21,False,False,False,False
CC24_440b,Racial & Gender,likert5_dist,% Agree,"Racial problems in the U.S. are rare, isolated situations",17.26,28.98,29.9653,27.9947,32.0853,25.8747,7.11,9.7221,4.4979,8.0953,6.1247,10.2153,4.0047,12.49,15.1021,9.8779,13.4753,11.5047,15.5953,9.3847,37.28,38.2653,36.2947,1.89,4.9953,-1.2153,27.56,28.5453,26.5747,30.6653,24.4547,24.28,27.3853,21.1747,0.04,1.0253,-0.9453,0.0,12.45,False,False,False,False
CC24_440b,Racial & Gender,likert5_dist,% Neither,"Racial problems in the U.S. are rare, isolated situations",17.16,25.12,25.7027,24.5373,26.6863,23.5537,13.28,14.9685,11.5915,13.8627,12.6973,14.8463,11.7137,23.36,25.0485,21.6715,23.9427,22.7773,24.9263,21.7937,16.58,17.1627,15.9973,7.89,9.4563,6.3237,24.51,25.0927,23.9273,26.0763,22.9437,22.94,24.5063,21.3737,0.89,1.4727,0.3073,0.07,16.1,False,False,False,False
CC24_440b,Racial & Gender,likert5_dist,% Disagree,"Racial problems in the U.S. are rare, isolated situations",27.21,23.28,21.9055,24.6545,21.3552,25.2048,40.09,39.8554,40.3246,38.7155,41.4645,38.1652,42.0148,29.57,29.3354,29.8046,28.1955,30.9445,27.6452,31.4948,7.23,5.8555,8.6045,38.83,36.9052,40.7548,17.6,16.2255,18.9745,15.6752,19.5248,26.84,24.9152,28.7648,22.36,20.9855,23.7345,22.07,43.39,False,False,False,False
CC24_440b,Racial & Gender,likert5_dist,% Strongly Disagree,"Racial problems in the U.S. are rare, isolated situations",28.78,10.48,9.0923,11.8677,5.03,15.93,37.83,32.0683,43.5917,36.4423,39.2177,32.38,43.28,28.32,22.5583,34.0817,26.9323,29.7077,22.87,33.77,1.58,0.1923,2.9677,51.26,45.81,56.71,12.62,11.2323,14.0077,7.17,18.07,15.86,10.41,21.31,76.71,75.3223,78.0977,77.86,25.85,False,False,False,False
CC24_440c,Racial & Gender,likert5,"Mean (1=Strongly Agree, 5=Strongly Disagree)",Women seek to gain power by getting control over men,3.5378,3.0973,3.0216,3.173,2.9208,3.2738,3.918,3.7676,4.0684,3.8423,3.9937,3.7415,4.0945,3.326,3.1756,3.4764,3.2503,3.4017,3.1495,3.5025,2.6119,2.5362,2.6876,4.4205,4.244,4.597,2.8228,2.7471,2.8985,2.6463,2.9993,3.2341,3.0576,3.4106,4.7164,4.6407,4.7921,4.8369,3.7537,False,False,False,False
CC24_440c,Racial & Gender,likert5_dist,% Strongly Agree,Women seek to gain power by getting control over men,7.14,8.44,9.1706,7.7094,9.9937,6.8863,2.19,3.2127,1.1673,2.9206,1.4594,3.7437,0.6363,7.74,8.7627,6.7173,8.4706,7.0094,9.2937,6.1863,18.68,19.4106,17.9494,0.76,2.3137,-0.7937,14.85,15.5806,14.1194,16.4037,13.2963,9.59,11.1437,8.0363,0.07,0.8006,-0.6606,0.0,3.18,False,False,False,False
CC24_440c,Racial & Gender,likert5_dist,% Agree,Women seek to gain power by getting control over men,15.54,22.43,23.5357,21.3243,24.9876,19.8724,8.93,10.9322,6.9278,10.0357,7.8243,11.4876,6.3724,16.76,18.7622,14.7578,17.8657,15.6543,19.3176,14.2024,30.24,31.3457,29.1343,2.69,5.2476,0.1324,26.22,27.3257,25.1143,28.7776,23.6624,19.62,22.1776,17.0624,0.36,1.4657,-0.7457,0.04,10.25,False,False,False,False
CC24_440c,Racial & Gender,likert5_dist,% Neither,Women seek to gain power by getting control over men,26.67,34.84,35.7667,33.9133,36.9334,32.7466,25.2,27.4957,22.9043,26.1267,24.2733,27.2934,23.1066,34.32,36.6157,32.0243,35.2467,33.3933,36.4134,32.2266,31.43,32.3567,30.5033,13.23,15.3234,11.1366,33.23,34.1567,32.3033,35.3234,31.1366,29.78,31.8734,27.6866,6.82,7.7467,5.8933,2.72,28.78,False,False,False,False
CC24_440c,Racial & Gender,likert5_dist,% Disagree,Women seek to gain power by getting control over men,17.71,19.53,19.0051,20.0549,19.1055,19.9545,22.25,22.6006,21.8994,21.7251,22.7749,21.8255,22.6745,17.54,17.8906,17.1894,17.0151,18.0649,17.1155,17.9645,10.51,9.9851,11.0349,20.37,19.9455,20.7945,13.17,12.6451,13.6949,12.7455,13.5945,19.83,19.4055,20.2545,13.36,12.8351,13.8849,10.76,23.6,False,False,False,False
CC24_440c,Racial & Gender,likert5_dist,% Strongly Disagree,Women seek to gain power by getting control over men,32.94,14.76,12.5219,16.9981,8.9797,20.5403,41.43,35.7589,47.1011,39.1919,43.6681,35.6497,47.2103,23.64,17.9689,29.3111,21.4019,25.8781,17.8597,29.4203,9.14,6.9019,11.3781,62.94,57.1597,68.7203,12.52,10.2819,14.7581,6.7397,18.3003,21.18,15.3997,26.9603,79.39,77.1519,81.6281,86.48,34.19,False,False,False,False
CC24_440d,Racial & Gender,likert5,"Mean (1=Strongly Agree, 5=Strongly Disagree)",Women are too easily offended,3.2044,2.5764,2.501,2.6518,2.3746,2.7782,3.7287,3.5442,3.9132,3.6533,3.8041,3.5269,3.9305,3.1194,2.9349,3.3039,3.044,3.1948,2.9176,3.3212,2.0821,2.0067,2.1575,4.1691,3.9673,4.3709,2.4685,2.3931,2.5439,2.2667,2.6703,2.8954,2.6936,3.0972,4.5808,4.5054,4.6562,4.6985,3.272,False,False,False,False
CC24_440d,Racial & Gender,likert5_dist,% Strongly Agree,Women are too easily offended,12.16,17.09,18.2307,15.9493,19.7476,14.4324,3.43,5.287,1.573,4.5707,2.2893,6.0876,0.7724,10.4,12.257,8.543,11.5407,9.2593,13.0576,7.7424,33.5,34.6407,32.3593,1.56,4.2176,-1.0976,22.69,23.8307,21.5493,25.3476,20.0324,14.7,17.3576,12.0424,0.28,1.4207,-0.8607,0.08,6.0,False,False,False,False
CC24_440d,Racial & Gender,likert5_dist,% Agree,Women are too easily offended,22.7,34.93,35.8727,33.9873,37.7297,32.1303,14.04,16.7853,11.2947,14.9827,13.0973,16.8397,11.2403,22.34,25.0853,19.5947,23.2827,21.3973,25.1397,19.5403,35.69,36.6327,34.7473,7.62,10.4197,4.8203,32.76,33.7027,31.8173,35.5597,29.9603,28.29,31.0897,25.4903,3.51,4.4527,2.5673,0.77,23.3,False,False,False,False
CC24_440d,Racial & Gender,likert5_dist,% Neither,Women are too easily offended,23.45,27.89,28.329,27.451,29.0289,26.7511,23.74,25.3189,22.1611,24.179,23.301,24.8789,22.6011,31.05,32.6289,29.4711,31.489,30.611,32.1889,29.9111,22.8,23.239,22.361,15.79,16.9289,14.6511,27.48,27.919,27.041,28.6189,26.3411,25.0,26.1389,23.8611,7.46,7.899,7.021,6.66,28.87,False,False,False,False
CC24_440d,Racial & Gender,likert5_dist,% Disagree,Women are too easily offended,15.93,13.42,12.6941,14.1459,12.2902,14.5498,23.82,23.4485,24.1915,23.0941,24.5459,22.6902,24.9498,17.34,16.9685,17.7115,16.6141,18.0659,16.2102,18.4698,5.12,4.3941,5.8459,22.43,21.3002,23.5598,9.15,8.4241,9.8759,8.0202,10.2798,16.79,15.6602,17.9198,15.34,14.6141,16.0659,14.21,21.14,False,False,False,False
CC24_440d,Racial & Gender,likert5_dist,% Strongly Disagree,Women are too easily offended,25.76,6.67,4.8732,8.4668,1.2038,12.1362,34.97,29.1603,40.7797,33.1732,36.7668,29.5038,40.4362,18.87,13.0603,24.6797,17.0732,20.6668,13.4038,24.3362,2.89,1.0932,4.6868,52.61,47.1438,58.0762,7.92,6.1232,9.7168,2.4538,13.3862,15.22,9.7538,20.6862,73.4,71.6032,75.1968,78.28,20.68,False,False,False,False
CC24_441a,Racial & Gender,likert5,"Mean (1=Strongly Agree, 5=Strongly Disagree)",Minorities should work their way up without special favors,2.7418,1.8511,1.7887,1.9135,1.617,2.0852,3.4333,3.1891,3.6775,3.3709,3.4957,3.1992,3.6674,2.8818,2.6376,3.126,2.8194,2.9442,2.6477,3.1159,1.4892,1.4268,1.5516,3.8451,3.611,4.0792,1.9589,1.8965,2.0213,1.7248,2.193,2.2248,1.9907,2.4589,4.4872,4.4248,4.5496,4.6341,2.4367,False,False,False,False
CC24_441a,Racial & Gender,likert5_dist,% Strongly Agree,Minorities should work their way up without special favors,27.84,45.52,47.0899,43.9501,50.6709,40.3691,7.78,12.2446,3.3154,9.3499,6.2101,12.9309,2.6291,18.16,22.6246,13.6954,19.7299,16.5901,23.3109,13.0091,65.64,67.2099,64.0701,5.13,10.2809,-0.0209,45.72,47.2899,44.1501,50.8709,40.5691,35.88,41.0309,30.7291,0.5,2.0699,-1.0699,0.69,26.19,False,False,False,False
CC24_441a,Racial & Gender,likert5_dist,% Agree,Minorities should work their way up without special favors,20.7,31.17,31.2192,31.1208,32.7068,29.6332,15.63,17.9852,13.2748,15.6792,15.5808,17.1668,14.0932,20.46,22.8152,18.1048,20.5092,20.4108,21.9968,18.9232,21.94,21.9892,21.8908,10.36,11.8968,8.8232,25.41,25.4592,25.3608,26.9468,23.8732,27.98,29.5168,26.4432,2.93,2.9792,2.8808,1.56,31.29,False,False,False,False
CC24_441a,Racial & Gender,likert5_dist,% Neither,Minorities should work their way up without special favors,19.78,17.97,18.3406,17.5994,18.1425,17.7975,26.83,27.4309,26.2291,27.2006,26.4594,27.0025,26.6575,32.69,33.2909,32.0891,33.0606,32.3194,32.8625,32.5175,10.95,11.3206,10.5794,16.62,16.7925,16.4475,20.85,21.2206,20.4794,21.0225,20.6775,20.83,21.0025,20.6575,9.56,9.9306,9.1894,4.59,22.7,False,False,False,False
CC24_441a,Racial & Gender,likert5_dist,% Disagree,Minorities should work their way up without special favors,12.79,3.38,2.4519,4.3081,1.2339,5.5261,24.99,23.2885,26.6915,24.0619,25.9181,22.8439,27.1361,12.42,10.7185,14.1215,11.4919,13.3481,10.2739,14.5661,0.82,-0.1081,1.7481,30.65,28.5039,32.7961,3.29,2.3619,4.2181,1.1439,5.4361,8.38,6.2339,10.5261,21.38,20.4519,22.3081,19.98,12.32,False,False,False,False
CC24_441a,Racial & Gender,likert5_dist,% Strongly Disagree,Minorities should work their way up without special favors,18.89,1.96,0.898,3.022,-2.7544,6.6744,24.77,19.0503,30.4897,23.708,25.832,20.0556,29.4844,16.27,10.5503,21.9897,15.208,17.332,11.5556,20.9844,0.65,-0.412,1.712,37.24,32.5256,41.9544,4.73,3.668,5.792,0.0156,9.4444,6.93,2.2156,11.6444,65.63,64.568,66.692,73.19,7.5,False,False,False,False
CC24_441b,Racial & Gender,likert5,"Mean (1=Strongly Agree, 5=Strongly Disagree)",Slavery/discrimination makes it hard for Blacks to rise,2.9061,3.8116,3.887,3.7362,4.0545,3.5687,2.176,2.4056,1.9464,2.2514,2.1006,2.4189,1.9331,2.5874,2.817,2.3578,2.6628,2.512,2.8303,2.3445,4.4692,4.5446,4.3938,1.829,2.0719,1.5861,3.7137,3.7891,3.6383,3.9566,3.4708,3.1982,3.4411,2.9553,1.3499,1.4253,1.2745,1.2508,2.9616,False,False,False,False
CC24_441b,Racial & Gender,likert5_dist,% Strongly Agree,Slavery/discrimination makes it hard for Blacks to rise,24.54,4.68,3.3219,6.0381,-0.6445,10.0045,33.08,26.9685,39.1915,31.7219,34.4381,27.7555,38.4045,24.54,18.4285,30.6515,23.1819,25.8981,19.2155,29.8645,0.82,-0.5381,2.1781,47.43,42.1055,52.7545,7.47,6.1119,8.8281,2.1455,12.7945,14.11,8.7855,19.4345,72.59,71.2319,73.9481,78.77,13.62,False,False,False,False
CC24_441b,Racial & Gender,likert5_dist,% Agree,Slavery/discrimination makes it hard for Blacks to rise,21.68,12.69,11.5525,13.8275,10.6423,14.7377,36.06,35.1846,36.9354,34.9225,37.1975,34.0123,38.1077,25.76,24.8846,26.6354,24.6225,26.8975,23.7123,27.8077,3.42,2.2825,4.5575,35.24,33.1923,37.2877,12.38,11.2425,13.5175,10.3323,14.4277,22.93,20.8823,24.9777,22.56,21.4225,23.6975,18.88,30.67,False,False,False,False
CC24_441b,Racial & Gender,likert5_dist,% Neither,Slavery/discrimination makes it hard for Blacks to rise,15.46,17.7,18.263,17.137,18.4556,16.9444,16.43,17.4602,15.3998,16.993,15.867,17.1856,15.6744,26.75,27.7802,25.7198,27.313,26.187,27.5056,25.9944,9.14,9.703,8.577,7.86,8.6156,7.1044,21.33,21.893,20.767,22.0856,20.5744,17.3,18.0556,16.5444,3.15,3.713,2.587,1.23,18.66,False,False,False,False
CC24_441b,Racial & Gender,likert5_dist,% Disagree,Slavery/discrimination makes it hard for Blacks to rise,15.3,26.66,26.8356,26.4844,28.2976,25.0224,9.04,11.0892,6.9908,9.2156,8.8644,10.6776,7.4024,12.3,14.3492,10.2508,12.4756,12.1244,13.9376,10.6624,21.27,21.4456,21.0944,5.93,7.5676,4.2924,18.95,19.1256,18.7744,20.5876,17.3124,20.33,21.9676,18.6924,0.65,0.8256,0.4744,0.72,20.01,False,False,False,False
CC24_441b,Racial & Gender,likert5_dist,% Strongly Disagree,Slavery/discrimination makes it hard for Blacks to rise,23.02,38.27,40.0281,36.5119,43.2498,33.2902,5.39,9.2977,1.4823,7.1481,3.6319,10.3698,0.4102,10.65,14.5577,6.7423,12.4081,8.8919,15.6298,5.6702,65.36,67.1181,63.6019,3.54,8.5198,-1.4398,39.87,41.6281,38.1119,44.8498,34.8902,25.32,30.2998,20.3402,1.05,2.8081,-0.7081,0.39,17.03,False,False,False,False
CC24_441e,Racial & Gender,likert5,"Mean (1=Strongly Agree, 5=Strongly Disagree)",I resent when Whites deny racial discrimination exists,2.1841,2.7095,2.7993,2.6197,2.9113,2.5077,1.833,1.9826,1.6834,1.9228,1.7432,2.0348,1.6312,2.1083,2.2579,1.9587,2.1981,2.0185,2.3101,1.9065,4.0418,4.1316,3.952,1.5169,1.7187,1.3151,2.9195,3.0093,2.8297,3.1213,2.7177,2.2492,2.451,2.0474,1.3608,1.4506,1.271,1.2057,1.9257,False,False,False,False
CC24_441e,Racial & Gender,likert5_dist,% Strongly Agree,I resent when Whites deny racial discrimination exists,41.59,22.35,19.8214,24.8786,16.4493,28.2507,48.78,43.5873,53.9727,46.2514,51.3086,42.8793,54.6807,39.0,33.8073,44.1927,36.4714,41.5286,33.0993,44.9007,1.74,-0.7886,4.2686,66.82,60.9193,72.7207,19.79,17.2614,22.3186,13.8893,25.6907,37.89,31.9893,43.7907,76.92,74.3914,79.4486,83.66,43.4,False,False,False,False
CC24_441e,Racial & Gender,likert5_dist,% Agree,I resent when Whites deny racial discrimination exists,21.07,18.86,18.2926,19.4274,18.2148,19.5052,26.1,26.3437,25.8563,25.5326,26.6674,25.4548,26.7452,23.88,24.1237,23.6363,23.3126,24.4474,23.2348,24.5252,6.07,5.5026,6.6374,20.3,19.6548,20.9452,18.51,17.9426,19.0774,17.8648,19.1552,24.76,24.1148,25.4052,13.36,12.7926,13.9274,13.38,28.0,False,False,False,False
CC24_441e,Racial & Gender,likert5_dist,% Neither,I resent when Whites deny racial discrimination exists,23.23,36.35,37.4765,35.2235,38.4445,34.2555,20.14,22.2509,18.0291,21.2665,19.0135,22.2345,18.0455,28.11,30.2209,25.9991,29.2365,26.9835,30.2045,26.0155,28.19,29.3165,27.0635,9.82,11.9145,7.7255,31.05,32.1765,29.9235,33.1445,28.9555,22.04,24.1345,19.9455,7.7,8.8265,6.5735,2.05,22.94,False,False,False,False
CC24_441e,Racial & Gender,likert5_dist,% Disagree,I resent when Whites deny racial discrimination exists,5.57,10.35,10.9315,9.7685,11.5168,9.1832,2.98,3.836,2.124,3.5615,2.3985,4.1468,1.8132,5.32,6.176,4.464,5.9015,4.7385,6.4868,4.1532,14.28,14.8615,13.6985,0.47,1.6368,-0.6968,11.27,11.8515,10.6885,12.4368,10.1032,5.18,6.3468,4.0132,0.74,1.3215,0.1585,0.58,3.95,False,False,False,False
CC24_441e,Racial & Gender,likert5_dist,% Strongly Disagree,I resent when Whites deny racial discrimination exists,8.54,12.08,13.4679,10.6921,15.3647,8.7953,2.0,3.9819,0.0181,3.3879,0.6121,5.2847,-1.2847,3.69,5.6719,1.7081,5.0779,2.3021,6.9747,0.4053,49.72,51.1079,48.3321,2.58,5.8647,-0.7047,19.38,20.7679,17.9921,22.6647,16.0953,10.13,13.4147,6.8453,1.27,2.6579,-0.1179,0.34,1.71,False,False,False,False
CC24_441f,Racial & Gender,likert5,"Mean (1=Strongly Agree, 5=Strongly Disagree)",Whites get away with offenses that African Americans wouldn't,2.2467,2.9596,3.0394,2.8798,3.1774,2.7418,1.8294,2.0037,1.6551,1.9092,1.7496,2.0472,1.6116,2.0119,2.1862,1.8376,2.0917,1.9321,2.2297,1.7941,4.2954,4.3752,4.2156,1.5717,1.7895,1.3539,2.9934,3.0732,2.9136,3.2112,2.7756,2.4389,2.6567,2.2211,1.2969,1.3767,1.2171,1.2437,2.1264,False,False,False,False
CC24_441f,Racial & Gender,likert5_dist,% Strongly Agree,Whites get away with offenses that African Americans wouldn't,41.13,22.66,20.7701,24.5499,17.1176,28.2024,47.07,41.871,52.269,45.1801,48.9599,41.5276,52.6124,41.58,36.381,46.779,39.6901,43.4699,36.0376,47.1224,1.36,-0.5299,3.2499,64.85,59.3076,70.3924,22.87,20.9801,24.7599,17.3276,28.4124,33.89,28.3476,39.4324,77.94,76.0501,79.8299,78.66,38.15,False,False,False,False
CC24_441f,Racial & Gender,likert5_dist,% Agree,Whites get away with offenses that African Americans wouldn't,23.28,16.64,15.9904,17.2896,15.6626,17.6174,31.63,31.4402,31.8198,30.9804,32.2796,30.6526,32.6074,27.66,27.4702,27.8498,27.0104,28.3096,26.6826,28.6374,8.2,7.5504,8.8496,22.05,21.0726,23.0274,16.5,15.8504,17.1496,15.5226,17.4774,26.39,25.4126,27.3674,16.36,15.7104,17.0096,18.8,28.23,False,False,False,False
CC24_441f,Racial & Gender,likert5_dist,% Neither,Whites get away with offenses that African Americans wouldn't,17.45,25.87,26.5462,25.1938,27.0252,24.7148,15.35,16.7893,13.9107,16.0262,14.6738,16.5052,14.1948,22.55,23.9893,21.1107,23.2262,21.8738,23.7052,21.3948,13.21,13.8862,12.5338,7.51,8.6652,6.3548,25.5,26.1762,24.8238,26.6552,24.3448,16.06,17.2152,14.9048,4.62,5.2962,3.9438,2.25,20.96,False,False,False,False
CC24_441f,Racial & Gender,likert5_dist,% Disagree,Whites get away with offenses that African Americans wouldn't,6.08,11.74,11.9121,11.5679,12.7467,10.7333,3.21,4.2649,2.1551,3.3821,3.0379,4.2167,2.2033,4.42,5.4749,3.3651,4.5921,4.2479,5.4267,3.4133,13.99,14.1621,13.8179,2.25,3.2567,1.2433,8.7,8.8721,8.5279,9.7067,7.6933,9.29,10.2967,8.2833,0.21,0.3821,0.0379,0.12,8.15,False,False,False,False
CC24_441f,Racial & Gender,likert5_dist,% Strongly Disagree,Whites get away with offenses that African Americans wouldn't,12.06,23.09,24.7804,21.3996,27.4477,18.7323,2.75,5.6444,-0.1444,4.4404,1.0596,7.1077,-1.6077,3.79,6.6844,0.8956,5.4804,2.0996,8.1477,-0.5677,63.23,64.9204,61.5396,3.34,7.6977,-1.0177,26.44,28.1304,24.7496,30.7977,22.0823,14.38,18.7377,10.0223,0.86,2.5504,-0.8304,0.18,4.51,False,False,False,False
CC24_441g,Racial & Gender,likert5,"Mean (1=Strongly Agree, 5=Strongly Disagree)",Whites don't understand the problems African Americans face,2.4054,2.9019,2.9621,2.8417,3.0751,2.7287,2.1455,2.2865,2.0045,2.2057,2.0853,2.3187,1.9723,2.2023,2.3433,2.0613,2.2625,2.1421,2.3755,2.0291,3.9943,4.0545,3.9341,1.9435,2.1167,1.7703,3.0188,3.079,2.9586,3.192,2.8456,2.613,2.7862,2.4398,1.567,1.6272,1.5068,1.5086,2.2756,False,False,False,False
CC24_441g,Racial & Gender,likert5_dist,% Strongly Agree,Whites don't understand the problems African Americans face,30.07,16.56,15.5763,17.5437,12.6262,20.4938,31.32,27.3359,35.3041,30.3363,32.3037,27.3862,35.2538,33.23,29.2459,37.2141,32.2463,34.2137,29.2962,37.1638,1.57,0.5863,2.5537,42.64,38.7062,46.5738,18.11,17.1263,19.0937,14.1762,22.0438,24.17,20.2362,28.1038,61.48,60.4963,62.4637,58.98,26.84,False,False,False,False
CC24_441g,Racial & Gender,likert5_dist,% Agree,Whites don't understand the problems African Americans face,25.71,20.28,18.9271,21.6329,18.3314,22.2286,32.11,31.1238,33.0962,30.7571,33.4629,30.1614,34.0586,26.85,25.8638,27.8362,25.4971,28.2029,24.9014,28.7986,5.68,4.3271,7.0329,32.09,30.1414,34.0386,15.91,14.5571,17.2629,13.9614,17.8586,28.07,26.1214,30.0186,23.66,22.3071,25.0129,33.25,31.46,False,False,False,False
CC24_441g,Racial & Gender,likert5_dist,% Neither,Whites don't understand the problems African Americans face,27.04,34.56,35.4426,33.6774,36.0683,33.0517,29.65,31.4582,27.8418,30.5326,28.7674,31.1583,28.1417,30.13,31.9382,28.3218,31.0126,29.2474,31.6383,28.6217,29.02,29.9026,28.1374,16.72,18.2283,15.2117,33.59,34.4726,32.7074,35.0983,32.0817,22.86,24.3683,21.3517,12.7,13.5826,11.8174,6.17,31.25,False,False,False,False
CC24_441g,Racial & Gender,likert5_dist,% Disagree,Whites don't understand the problems African Americans face,7.99,13.63,13.8428,13.4172,14.8752,12.3848,4.52,5.7022,3.3378,4.7328,4.3072,5.7652,3.2748,6.02,7.2022,4.8378,6.2328,5.8072,7.2652,4.7748,19.23,19.4428,19.0172,5.37,6.6152,4.1248,10.78,10.9928,10.5672,12.0252,9.5348,12.08,13.3252,10.8348,1.0,1.2128,0.7872,1.14,8.21,False,False,False,False
CC24_441g,Racial & Gender,likert5_dist,% Strongly Disagree,Whites don't understand the problems African Americans face,9.19,14.97,16.2112,13.7288,18.0992,11.8408,2.4,4.3804,0.4196,3.6412,1.1588,5.5292,-0.7292,3.76,5.7404,1.7796,5.0012,2.5188,6.8892,0.6308,44.51,45.7512,43.2688,3.18,6.3092,0.0508,21.61,22.8512,20.3688,24.7392,18.4808,12.81,15.9392,9.6808,1.16,2.4012,-0.0812,0.46,2.25,False,False,False,False
CC24_445a,Racial & Gender,binary_agree,% Agreeing,SCOTUS: Race in admissions violates Equal Protection (Agree/Disagree),67.4348,84.8388,86.5727,83.1049,89.9479,79.7297,55.6298,61.1461,50.1135,57.3637,53.8959,60.7389,50.5207,71.2793,76.7956,65.763,73.0132,69.5454,76.3884,66.1702,91.0881,92.822,89.3542,41.635,46.7441,36.5259,83.6675,85.4014,81.9336,88.7766,78.5584,79.6506,84.7597,74.5415,30.5111,32.245,28.7772,15.0246,76.3065,False,False,False,False
CC24_445b,Racial & Gender,binary_agree,% Agreeing,SCOTUS: Constitution doesn't protect abortion; Roe overruled (Agree/Disagree),53.2276,79.4661,82.0619,76.8703,86.5591,72.3731,31.314,37.6461,24.9819,33.9098,28.7182,38.407,24.221,51.2356,57.5677,44.9035,53.8314,48.6398,58.3286,44.1426,94.9028,97.4986,92.307,17.128,24.221,10.035,76.8646,79.4604,74.2688,83.9576,69.7716,64.6591,71.7521,57.5661,10.3602,12.956,7.7644,4.9538,48.7106,False,False,False,False
CC24_421_1,Elections & Trust,likert5,"Mean (1=Strongly Agree, 5=Strongly Disagree)",Elections in the U.S. are fair,2.3653,2.3808,2.5487,2.2129,2.4623,2.2993,2.3782,2.3623,2.3941,2.5461,2.2103,2.4597,2.2967,3.0445,3.0286,3.0604,3.2124,2.8766,3.126,2.963,2.8104,2.9783,2.6425,1.4053,1.4868,1.3238,3.0863,3.2542,2.9184,3.1678,3.0048,1.4932,1.5747,1.4117,3.2445,3.4124,3.0766,1.6584,1.6007,False,False,False,False
CC24_421_1,Elections & Trust,likert5_dist,% Strongly Agree,Elections in the U.S. are fair,25.05,13.55,7.9534,19.1466,10.2816,16.8184,18.87,18.6116,19.1284,13.2734,24.4666,15.6016,22.1384,9.13,8.8716,9.3884,3.5334,14.7266,5.8616,12.3984,7.84,2.2434,13.4366,67.53,64.2616,70.7984,5.47,-0.1266,11.0666,2.2016,8.7384,58.5,55.2316,61.7684,4.03,-1.5666,9.6266,49.95,50.63,False,False,False,False
CC24_421_1,Elections & Trust,likert5_dist,% Agree,Elections in the U.S. are fair,37.79,50.43,49.9298,50.9302,50.7708,50.0892,42.96,43.8277,42.0923,42.4598,43.4602,43.3008,42.6192,26.39,27.2577,25.5223,25.8898,26.8902,26.7308,26.0492,40.1,39.5998,40.6002,27.02,27.3608,26.6792,30.9,30.3998,31.4002,31.2408,30.5592,35.31,35.6508,34.9692,28.73,28.2298,29.2302,40.83,41.59,False,False,False,False
CC24_421_1,Elections & Trust,likert5_dist,% Neither,Elections in the U.S. are fair,18.62,22.27,24.6809,19.8591,23.7003,20.8397,22.97,23.1694,22.7706,25.3809,20.5591,24.4003,21.5397,31.12,31.3194,30.9206,33.5309,28.7091,32.5503,29.6897,22.89,25.3009,20.4791,3.2,4.6303,1.7697,27.32,29.7309,24.9091,28.7503,25.8897,4.69,6.1203,3.2597,21.27,23.6809,18.8591,4.53,5.42,False,False,False,False
CC24_421_1,Elections & Trust,likert5_dist,% Disagree,Elections in the U.S. are fair,12.63,11.87,14.1441,9.5959,12.9118,10.8282,11.89,11.5139,12.2661,14.1641,9.6159,12.9318,10.8482,17.58,17.2039,17.9561,19.8541,15.3059,18.6218,16.5382,21.53,23.8041,19.2559,1.88,2.9218,0.8382,22.14,24.4141,19.8659,23.1818,21.0982,1.37,2.4118,0.3282,30.73,33.0041,28.4559,2.82,1.78,False,False,False,False
CC24_421_1,Elections & Trust,likert5_dist,% Strongly Disagree,Elections in the U.S. are fair,5.9,1.88,3.2917,0.4683,2.3353,1.4247,3.32,2.8867,3.7533,4.7317,1.9083,3.7753,2.8647,15.76,15.3267,16.1933,17.1717,14.3483,16.2153,15.3047,7.65,9.0617,6.2383,0.36,0.8153,-0.0953,14.16,15.5717,12.7483,14.6153,13.7047,0.13,0.5853,-0.3253,15.25,16.6617,13.8383,1.88,0.57,False,False,False,False
CC24_421_2,Elections & Trust,likert5,"Mean (1=Strongly Agree, 5=Strongly Disagree)",2024 state/local election was fair,1.9098,1.8351,2.0097,1.6605,1.9304,1.7398,1.8687,1.8702,1.8672,2.0433,1.6941,1.964,1.7734,2.8158,2.8173,2.8143,2.9904,2.6412,2.9111,2.7205,2.3298,2.5044,2.1552,1.0048,1.1001,0.9095,2.8203,2.9949,2.6457,2.9156,2.725,1.0312,1.1265,0.9359,2.4948,2.6694,2.3202,1.0109,1.2437,False,False,False,False
CC24_421_2,Elections & Trust,likert5_dist,% Strongly Agree,2024 state/local election was fair,45.45,36.38,27.765,44.995,32.0332,40.7268,32.8,32.4006,33.1994,24.185,41.415,28.4532,37.1468,11.83,11.4306,12.2294,3.215,20.445,7.4832,16.1768,29.57,20.955,38.185,99.52,95.1732,103.8668,12.23,3.615,20.845,7.8832,16.5768,96.88,92.5332,101.2268,11.87,3.255,20.485,98.91,75.63,False,False,False,False
CC24_421_2,Elections & Trust,likert5_dist,% Agree,2024 state/local election was fair,29.21,44.67,47.6426,41.6974,45.9791,43.3609,47.65,48.3258,46.9742,50.6226,44.6774,48.9591,46.3409,27.22,27.8958,26.5442,30.1926,24.2474,28.5291,25.9109,33.17,36.1426,30.1974,0.48,1.7891,-0.8291,29.78,32.7526,26.8074,31.0891,28.4709,3.12,4.4291,1.8109,45.9,48.8726,42.9274,1.09,24.37,False,False,False,False
CC24_421_2,Elections & Trust,likert5_dist,% Neither,2024 state/local election was fair,17.39,18.03,21.3906,14.6694,19.5315,16.5285,19.45,19.1551,19.7449,22.8106,16.0894,20.9515,17.9485,38.72,38.4251,39.0149,42.0806,35.3594,40.2215,37.2185,18.59,21.9506,15.2294,0.0,1.5015,-1.5015,32.34,35.7006,28.9794,33.8415,30.8385,0.0,1.5015,-1.5015,27.73,31.0906,24.3694,0.0,0.0,False,False,False,False
CC24_421_2,Elections & Trust,likert5_dist,% Disagree,2024 state/local election was fair,4.8,0.9,2.2641,-0.4641,1.8279,-0.0279,0.1,0.1084,0.0916,1.4641,-1.2641,1.0279,-0.8279,12.03,12.0384,12.0216,13.3941,10.6659,12.9579,11.1021,12.05,13.4141,10.6859,0.0,0.9279,-0.9279,15.05,16.4141,13.6859,15.9779,14.1221,0.0,0.9279,-0.9279,9.9,11.2641,8.5359,0.0,0.0,False,False,False,False
CC24_421_2,Elections & Trust,likert5_dist,% Strongly Disagree,2024 state/local election was fair,3.15,0.02,0.9383,-0.8983,0.6281,-0.5881,0.0,0.0095,-0.0095,0.9183,-0.9183,0.6081,-0.6081,10.21,10.2195,10.2005,11.1283,9.2917,10.8181,9.6019,6.62,7.5383,5.7017,0.0,0.6081,-0.6081,10.6,11.5183,9.6817,11.2081,9.9919,0.0,0.6081,-0.6081,4.61,5.5283,3.6917,0.0,0.0,False,False,False,False
CC24_423,Elections & Trust,trust,Weighted mean,Trust in federal government (1=Great deal … 4=None at all),2.7066,2.7572,2.8209,2.6935,2.8004,2.714,2.5967,2.5938,2.5996,2.6604,2.533,2.6399,2.5535,2.7274,2.7245,2.7303,2.7911,2.6637,2.7706,2.6842,3.1769,3.2406,3.1132,2.4015,2.4447,2.3583,3.0608,3.1245,2.9971,3.104,3.0176,2.1954,2.2386,2.1522,3.0138,3.0775,2.9501,2.6714,2.3972,False,False,False,False
CC24_423,Elections & Trust,trust_dist,% Great deal,Trust in federal government (1=Great deal … 4=None at all),6.11,3.15,2.1559,4.1441,2.7907,3.5093,6.19,6.3869,5.9931,5.1959,7.1841,5.8307,6.5493,5.5,5.6969,5.3031,4.5059,6.4941,5.1407,5.8593,0.58,-0.4141,1.5741,10.8,10.4407,11.1593,3.06,2.0659,4.0541,2.7007,3.4193,21.09,20.7307,21.4493,1.03,0.0359,2.0241,4.29,8.36,False,False,False,False
CC24_423,Elections & Trust,trust_dist,% Fair amount,Trust in federal government (1=Great deal … 4=None at all),31.94,30.1,27.5794,32.6206,28.0716,32.1284,37.91,37.9011,37.9189,35.3894,40.4306,35.8816,39.9384,33.19,33.1811,33.1989,30.6694,35.7106,31.1616,35.2184,11.9,9.3794,14.4206,45.55,43.5216,47.5784,16.52,13.9994,19.0406,14.4916,18.5484,44.12,42.0916,46.1484,18.12,15.5994,20.6406,35.92,48.31,False,False,False,False
CC24_423,Elections & Trust,trust_dist,% Not very much,Trust in federal government (1=Great deal … 4=None at all),47.11,54.62,56.2782,52.9618,55.4382,53.8018,45.92,45.6407,46.1993,47.5782,44.2618,46.7382,45.1018,44.39,44.1107,44.6693,46.0482,42.7318,45.2082,43.5718,56.76,58.4182,55.1018,36.34,37.1582,35.5218,51.7,53.3582,50.0418,52.5182,50.8818,28.95,29.7682,28.1318,59.29,60.9482,57.6318,48.16,38.56,False,False,False,False
CC24_423,Elections & Trust,trust_dist,% None at all,Trust in federal government (1=Great deal … 4=None at all),14.83,12.13,13.9868,10.2732,13.6999,10.5601,9.97,10.0611,9.8789,11.8268,8.1132,11.5399,8.4001,16.92,17.0111,16.8289,18.7768,15.0632,18.4899,15.3501,30.76,32.6168,28.9032,7.31,8.8799,5.7401,28.72,30.5768,26.8632,30.2899,27.1501,5.84,7.4099,4.2701,21.56,23.4168,19.7032,11.63,4.76,False,False,False,False
CC24_424,Elections & Trust,trust,Weighted mean,Trust in state government (1=Great deal … 4=None at all),2.4493,2.4074,2.482,2.3328,2.4492,2.3656,2.3903,2.3849,2.3957,2.4649,2.3157,2.4321,2.3485,2.6656,2.6602,2.671,2.7402,2.591,2.7074,2.6238,2.7697,2.8443,2.6951,2.1221,2.1639,2.0803,2.8783,2.9529,2.8037,2.9201,2.8365,2.0054,2.0472,1.9636,2.8161,2.8907,2.7415,2.2008,2.122,False,False,False,False
CC24_424,Elections & Trust,trust_dist,% Great deal,Trust in state government (1=Great deal … 4=None at all),12.9,12.6,10.8002,14.3998,11.8646,13.3354,11.54,11.7558,11.3242,9.7402,13.3398,10.8046,12.2754,7.0,7.2158,6.7842,5.2002,8.7998,6.2646,7.7354,7.8,6.0002,9.5998,21.39,20.6546,22.1254,4.1,2.3002,5.8998,3.3646,4.8354,28.99,28.2546,29.7254,4.76,2.9602,6.5598,17.82,18.1,False,False,False,False
CC24_424,Elections & Trust,trust_dist,% Fair amount,Trust in state government (1=Great deal … 4=None at all),42.36,44.0,42.1455,45.8545,42.7255,45.2745,46.49,46.5744,46.4056,44.6355,48.3445,45.2155,47.7645,37.28,37.3644,37.1956,35.4255,39.1345,36.0055,38.5545,33.69,31.8355,35.5445,50.79,49.5155,52.0645,30.64,28.7855,32.4945,29.3655,31.9145,45.67,44.3955,46.9445,31.34,29.4855,33.1945,50.97,54.52,False,False,False,False
CC24_424,Elections & Trust,trust_dist,% Not very much,Trust in state government (1=Great deal … 4=None at all),31.65,33.45,35.0977,31.8023,34.0275,32.8725,33.37,33.0921,33.6479,35.0177,31.7223,33.9475,32.7925,37.87,37.5921,38.1479,39.5177,36.2223,38.4475,37.2925,32.25,33.8977,30.6023,22.05,22.6275,21.4725,38.59,40.2377,36.9423,39.1675,38.0125,21.17,21.7475,20.5925,41.42,43.0677,39.7723,24.53,24.46,False,False,False,False
CC24_424,Elections & Trust,trust_dist,% None at all,Trust in state government (1=Great deal … 4=None at all),13.09,9.94,11.9457,7.9343,11.3723,8.5077,8.6,8.5778,8.6222,10.6057,6.5943,10.0323,7.1677,17.85,17.8278,17.8722,19.8557,15.8443,19.2823,16.4177,26.26,28.2657,24.2543,5.78,7.2123,4.3477,26.67,28.6757,24.6643,28.1023,25.2377,4.18,5.6123,2.7477,22.47,24.4757,20.4643,6.68,2.92,False,False,False,False
CC24_312a,Approval,approval4,Weighted mean,Job approval — President Biden,2.8887,3.674,3.7728,3.5752,3.8609,3.4871,2.1854,2.3201,2.0507,2.2842,2.0866,2.3723,1.9985,2.7118,2.8465,2.5771,2.8106,2.613,2.8987,2.5249,3.9723,4.0711,3.8735,1.7032,1.8901,1.5163,3.7169,3.8157,3.6181,3.9038,3.53,3.0209,3.2078,2.834,2.3321,2.4309,2.2333,1.8576,2.4678,False,False,False,False
CC24_312a,Approval,approval4_dist,% Strongly approve,Job approval — President Biden,16.69,3.0,0.753,5.247,-0.17,6.17,26.59,24.6041,28.5759,24.343,28.837,23.42,29.76,17.08,15.0941,19.0659,14.833,19.327,13.91,20.25,0.08,-2.167,2.327,45.84,42.67,49.01,2.43,0.183,4.677,-0.74,5.6,14.15,10.98,17.32,17.8,15.553,20.047,35.4,25.31,False,False,False,False
CC24_312a,Approval,approval4_dist,% Somewhat approve,Job approval — President Biden,24.53,7.53,5.8847,9.1753,3.2878,11.7722,42.12,38.7064,45.5336,40.4747,43.7653,37.8778,46.3622,28.34,24.9264,31.7536,26.6947,29.9853,24.0978,32.5822,0.19,-1.4553,1.8353,42.1,37.8578,46.3422,6.23,4.5847,7.8753,1.9878,10.4722,19.64,15.3978,23.8822,47.5,45.8547,49.1453,48.85,33.22,False,False,False,False
CC24_312a,Approval,approval4_dist,% Somewhat disapprove,Job approval — President Biden,11.99,8.55,8.7022,8.3978,7.85,9.25,17.44,16.7574,18.1226,17.5922,17.2878,16.74,18.14,20.89,20.2074,21.5726,21.0422,20.7378,20.19,21.59,2.14,2.2922,1.9878,7.96,7.26,8.66,8.55,8.7022,8.3978,7.85,9.25,16.19,15.49,16.89,18.4,18.5522,18.2478,10.32,10.85,False,False,False,False
CC24_312a,Approval,approval4_dist,% Strongly disapprove,Job approval — President Biden,46.78,80.92,84.6597,77.1803,89.0316,72.8084,13.85,19.9318,7.7682,17.5897,10.1103,21.9616,5.7384,33.68,39.7618,27.5982,37.4197,29.9403,41.7916,25.5684,97.59,101.3297,93.8503,4.1,12.2116,-4.0116,82.78,86.5197,79.0403,90.8916,74.6684,50.02,58.1316,41.9084,16.31,20.0497,12.5703,5.43,30.62,False,False,False,False
CC24_312b,Approval,approval4,Weighted mean,Job approval — U.S. Congress,3.076,3.0242,3.0398,3.0086,3.0259,3.0225,3.061,3.0415,3.0805,3.0766,3.0454,3.0627,3.0593,2.9039,2.8844,2.9234,2.9195,2.8883,2.9056,2.9022,3.2271,3.2427,3.2115,3.1679,3.1696,3.1662,3.2644,3.28,3.2488,3.2661,3.2627,2.786,2.7877,2.7843,3.2994,3.315,3.2838,3.2843,2.8941,False,False,False,False
CC24_312b,Approval,approval4_dist,% Strongly approve,Job approval — U.S. Congress,2.54,1.85,1.6696,2.0304,1.8305,1.8695,2.24,2.4116,2.0684,2.0596,2.4204,2.2205,2.2595,4.89,5.0616,4.7184,4.7096,5.0704,4.8705,4.9095,0.52,0.3396,0.7004,1.95,1.9305,1.9695,1.66,1.4796,1.8404,1.6405,1.6795,7.35,7.3305,7.3695,0.4,0.2196,0.5804,0.38,4.28,False,False,False,False
CC24_312b,Approval,approval4_dist,% Somewhat approve,Job approval — U.S. Congress,20.68,20.77,20.2381,21.3019,20.6462,20.8938,22.04,22.6605,21.4195,21.5081,22.5719,21.9162,22.1638,28.63,29.2505,28.0095,28.0981,29.1619,28.5062,28.7538,15.14,14.6081,15.6719,19.01,18.8862,19.1338,13.79,13.2581,14.3219,13.6662,13.9138,30.94,30.8162,31.0638,12.62,12.0881,13.1519,12.41,26.89,False,False,False,False
CC24_312b,Approval,approval4_dist,% Somewhat disapprove,Job approval — U.S. Congress,43.42,50.49,50.5323,50.4477,50.6316,50.3484,43.07,43.2692,42.8708,43.1123,43.0277,43.2116,42.9284,37.67,37.8692,37.4708,37.7123,37.6277,37.8116,37.5284,45.45,45.4923,45.4077,39.33,39.4716,39.1884,41.0,41.0423,40.9577,41.1416,40.8584,37.48,37.6216,37.3384,43.61,43.6523,43.5677,45.62,43.97,False,False,False,False
CC24_312b,Approval,approval4_dist,% Strongly disapprove,Job approval — U.S. Congress,33.36,26.89,27.5596,26.2204,26.8918,26.8882,32.64,31.6489,33.6311,33.3096,31.9704,32.6418,32.6382,28.8,27.8089,29.7911,29.4696,28.1304,28.8018,28.7982,38.89,39.5596,38.2204,39.71,39.7118,39.7082,43.55,44.2196,42.8804,43.5518,43.5482,24.23,24.2318,24.2282,43.37,44.0396,42.7004,41.59,24.86,False,False,False,False
CC24_312c,Approval,approval4,Weighted mean,Job approval — U.S. Supreme Court,2.8519,2.214,2.1702,2.2578,2.0633,2.3647,3.3809,3.2421,3.5197,3.3371,3.4247,3.2302,3.5316,2.9346,2.7958,3.0734,2.8908,2.9784,2.7839,3.0853,1.9229,1.8791,1.9667,3.6724,3.5217,3.8231,2.519,2.4752,2.5628,2.3683,2.6697,2.4258,2.2751,2.5765,3.7648,3.721,3.8086,3.8393,2.9531,False,False,False,False
CC24_312c,Approval,approval4_dist,% Strongly approve,Job approval — U.S. Supreme Court,11.79,21.92,22.2917,21.5483,24.0398,19.8002,2.47,4.4205,0.5195,2.8417,2.0983,4.5898,0.3502,6.85,8.8005,4.8995,7.2217,6.4783,8.9698,4.7302,28.44,28.8117,28.0683,1.2,3.3198,-0.9198,12.73,13.1017,12.3583,14.8498,10.6102,19.31,21.4298,17.1902,0.34,0.7117,-0.0317,0.09,9.36,False,False,False,False
CC24_312c,Approval,approval4_dist,% Somewhat approve,Job approval — U.S. Supreme Court,30.14,47.65,49.2985,46.0015,52.1424,43.1576,15.38,19.2561,11.5039,17.0285,13.7315,19.8724,10.8876,29.08,32.9561,25.2039,30.7285,27.4315,33.5724,24.5876,56.18,57.8285,54.5315,5.06,9.5524,0.5676,45.41,47.0585,43.7615,49.9024,40.9176,39.08,43.5724,34.5876,4.1,5.7485,2.4515,2.77,25.73,False,False,False,False
CC24_312c,Approval,approval4_dist,% Somewhat disapprove,Job approval — U.S. Supreme Court,19.16,17.54,17.506,17.574,17.2629,17.8171,23.75,24.0263,23.4737,23.716,23.784,23.4729,24.0271,27.83,28.1063,27.5537,27.796,27.864,27.5529,28.1071,10.04,10.006,10.074,19.04,18.7629,19.3171,19.1,19.066,19.134,18.8229,19.3771,21.33,21.0529,21.6071,14.28,14.246,14.314,10.27,25.15,False,False,False,False
CC24_312c,Approval,approval4_dist,% Strongly disapprove,Job approval — U.S. Supreme Court,38.91,12.89,10.9038,14.8762,6.5555,19.2245,58.4,52.2976,64.5024,56.4138,60.3862,52.0655,64.7345,36.24,30.1376,42.3424,34.2538,38.2262,29.9055,42.5745,5.34,3.3538,7.3262,74.7,68.3655,81.0345,22.77,20.7838,24.7562,16.4355,29.1045,20.28,13.9455,26.6145,81.27,79.2838,83.2562,86.87,39.76,False,False,False,False
pew_churatd,Religion,ordinal,Weighted mean,Church attendance (1=More than once/week … 6=Never),4.3047,3.8983,3.8751,3.9215,3.7919,4.0047,4.8238,4.7152,4.9324,4.8006,4.847,4.7174,4.9302,3.9597,3.8511,4.0683,3.9365,3.9829,3.8533,4.0661,3.8532,3.83,3.8764,4.8051,4.6987,4.9115,4.1155,4.0923,4.1387,4.0091,4.2219,3.7676,3.6612,3.874,5.2493,5.2261,5.2725,5.166,4.3379,True,False,False,True
pew_churatd,Religion,ordinal_dist,% More than once/week,Church attendance (1=More than once/week … 6=Never),6.93,9.68,9.9679,9.3921,10.5442,8.8158,2.3,3.0365,1.5635,2.5879,2.0121,3.1642,1.4358,10.57,11.3065,9.8335,10.8579,10.2821,11.4342,9.7058,11.64,11.9279,11.3521,2.87,3.7342,2.0058,7.99,8.2779,7.7021,8.8542,7.1258,10.82,11.6842,9.9558,0.79,1.0779,0.5021,0.87,4.94,False,False,False,False
pew_churatd,Religion,ordinal_dist,% Once/week,Church attendance (1=More than once/week … 6=Never),16.81,21.32,21.5425,21.0975,22.6044,20.0356,9.45,10.7978,8.1022,9.6725,9.2275,10.7344,8.1656,20.57,21.9178,19.2222,20.7925,20.3475,21.8544,19.2856,22.47,22.6925,22.2475,11.07,12.3544,9.7856,19.62,19.8425,19.3975,20.9044,18.3356,24.28,25.5644,22.9956,5.72,5.9425,5.4975,6.59,17.57,False,False,False,False
pew_churatd,Religion,ordinal_dist,% 1–2x/month,Church attendance (1=More than once/week … 6=Never),6.59,8.21,8.1692,8.2508,8.421,7.999,5.53,5.8551,5.2049,5.4892,5.5708,5.741,5.319,7.41,7.7351,7.0849,7.3692,7.4508,7.621,7.199,6.1,6.0592,6.1408,5.64,5.851,5.429,6.91,6.8692,6.9508,7.121,6.699,8.66,8.871,8.449,3.13,3.0892,3.1708,3.91,7.11,False,False,False,False
pew_churatd,Religion,ordinal_dist,% Few times/year,Church attendance (1=More than once/week … 6=Never),13.26,15.41,15.4602,15.3598,15.7594,15.0606,13.21,13.6249,12.7951,13.2602,13.1598,13.5594,12.8606,13.8,14.2149,13.3851,13.8502,13.7498,14.1494,13.4506,14.18,14.2302,14.1298,11.04,11.3894,10.6906,13.52,13.5702,13.4698,13.8694,13.1706,14.14,14.4894,13.7906,8.65,8.7002,8.5998,10.22,13.22,False,False,False,False
pew_churatd,Religion,ordinal_dist,% Seldom,Church attendance (1=More than once/week … 6=Never),21.34,21.04,21.0488,21.0312,20.8815,21.1985,25.3,25.2744,25.3256,25.3088,25.2912,25.1415,25.4585,19.08,19.0544,19.1056,19.0888,19.0712,18.9215,19.2385,19.92,19.9288,19.9112,21.87,21.7115,22.0285,22.2,22.2088,22.1912,22.0415,22.3585,17.78,17.6215,17.9385,21.56,21.5688,21.5512,20.55,23.44,False,False,False,False
pew_churatd,Religion,ordinal_dist,% Never,Church attendance (1=More than once/week … 6=Never),35.06,24.34,23.8108,24.8692,21.7886,26.8914,44.2,41.4004,46.9996,43.6708,44.7292,41.6486,46.7514,28.57,25.7704,31.3696,28.0408,29.0992,26.0186,31.1214,25.68,25.1508,26.2092,47.51,44.9586,50.0614,29.75,29.2208,30.2792,27.1986,32.3014,24.32,21.7686,26.8714,60.15,59.6208,60.6792,57.87,33.71,False,False,False,False
pew_religimp,Religion,ordinal,Weighted mean,Importance of religion (1=Very important … 4=Not at all important),2.2895,1.8674,1.8422,1.8926,1.7582,1.9766,2.6814,2.563,2.7998,2.6562,2.7066,2.5722,2.7906,2.0918,1.9734,2.2102,2.0666,2.117,1.9826,2.201,1.8132,1.788,1.8384,2.7807,2.6715,2.8899,2.0313,2.0061,2.0565,1.9221,2.1405,1.9027,1.7935,2.0119,3.2743,3.2491,3.2995,3.2704,2.1934,True,False,False,True
pew_religimp,Religion,ordinal_dist,% Very important,Importance of religion (1=Very important … 4=Not at all important),36.11,48.48,49.2888,47.6712,51.8604,45.0996,19.72,23.1115,16.3285,20.5288,18.9112,23.1004,16.3396,42.43,45.8215,39.0385,43.2388,41.6212,45.8104,39.0496,53.48,54.2888,52.6712,20.59,23.9704,17.2096,43.65,44.4588,42.8412,47.0304,40.2696,49.94,53.3204,46.5596,9.77,10.5788,8.9612,10.23,36.93,True,False,False,True
pew_religimp,Religion,ordinal_dist,% Somewhat important,Importance of religion (1=Very important … 4=Not at all important),23.67,27.37,27.4984,27.2416,28.0097,26.7303,25.8,26.7848,24.8152,25.9284,25.6716,26.4397,25.1603,25.18,26.1648,24.1952,25.3084,25.0516,25.8197,24.5403,23.18,23.3084,23.0516,20.7,21.3397,20.0603,26.05,26.1784,25.9216,26.6897,25.4103,22.8,23.4397,22.1603,12.29,12.4184,12.1616,14.27,26.69,False,False,False,False
pew_religimp,Religion,ordinal_dist,% Not too important,Importance of religion (1=Very important … 4=Not at all important),15.38,13.08,12.9178,13.2422,12.58,13.58,21.12,20.8192,21.4208,20.9578,21.2822,20.62,21.62,13.17,12.8692,13.4708,13.0078,13.3322,12.67,13.67,11.88,11.7178,12.0422,18.76,18.26,19.26,13.82,13.6578,13.9822,13.32,14.32,14.31,13.81,14.81,18.67,18.5078,18.8322,13.71,16.48,False,False,False,False
pew_religimp,Religion,ordinal_dist,% Not at all important,Importance of religion (1=Very important … 4=Not at all important),24.84,11.07,10.2952,11.8448,7.55,14.59,33.37,29.2947,37.4453,32.5952,34.1448,29.85,36.89,19.22,15.1447,23.2953,18.4452,19.9948,15.7,22.74,11.46,10.6852,12.2348,39.95,36.43,43.47,16.48,15.7052,17.2548,12.96,20.0,12.95,9.43,16.47,59.27,58.4952,60.0448,61.78,19.9,True,False,False,True
pew_bornagain,Religion,binary,% Supporting,Born-again or evangelical Christian,31.2824,42.5602,43.6471,41.4733,45.8989,39.2215,19.1665,22.3441,15.9889,20.2534,18.0796,22.5052,15.8278,37.7053,40.8829,34.5277,38.7922,36.6184,41.044,34.3666,47.6868,48.7737,46.5999,14.1411,17.4798,10.8024,39.8736,40.9605,38.7867,43.2123,36.5349,43.0441,46.3828,39.7054,7.2874,8.3743,6.2005,4.2843,29.7182,True,False,False,True
ideo5,Demographics,ordinal,Weighted mean,Ideological self-identification (1=Very Liberal … 5=Very Conservative),3.0532,3.8076,3.8677,3.7475,4.0099,3.6053,2.4795,2.6722,2.2868,2.5396,2.4194,2.6818,2.2772,2.9469,3.1396,2.7542,3.007,2.8868,3.1492,2.7446,4.2101,4.2702,4.15,2.1897,2.392,1.9874,3.7281,3.7882,3.668,3.9304,3.5258,3.3999,3.6022,3.1976,1.5715,1.6316,1.5114,1.6147,2.996,True,False,False,True
ideo5,Demographics,ordinal_dist,% Very Liberal,Ideological self-identification (1=Very Liberal … 5=Very Conservative),12.68,1.19,0.7259,1.6541,0.0,4.6253,14.0,9.6539,18.3461,13.5359,14.4641,10.5647,17.4353,7.75,3.4039,12.0961,7.2859,8.2141,4.3147,11.1853,0.47,0.0059,0.9341,21.77,18.3347,25.2053,2.89,2.4259,3.3541,0.0,6.3253,4.27,0.8347,7.7053,57.11,56.6459,57.5741,51.44,5.15,True,False,False,True
ideo5,Demographics,ordinal_dist,% Liberal,Ideological self-identification (1=Very Liberal … 5=Very Conservative),17.76,3.13,1.6538,4.6062,0.0,6.4617,34.17,31.4935,36.8465,32.6938,35.6462,30.8383,37.5017,18.1,15.4235,20.7765,16.6238,19.5762,14.7683,21.4317,0.52,0.0,1.9962,41.02,37.6883,44.3517,3.55,2.0738,5.0262,0.2183,6.8817,9.4,6.0683,12.7317,30.06,28.5838,31.5362,35.97,20.65,False,False,False,True
ideo5,Demographics,ordinal_dist,% Moderate,Ideological self-identification (1=Very Liberal … 5=Very Conservative),34.4,32.22,31.8311,32.6089,32.193,32.247,43.41,44.8684,41.9516,43.0211,43.7989,43.383,43.437,51.41,52.8684,49.9516,51.0211,51.7989,51.383,51.437,18.38,17.9911,18.7689,34.22,34.193,34.247,35.05,34.6611,35.4389,35.023,35.077,41.62,41.593,41.647,11.78,11.3911,12.1689,12.35,50.06,False,False,False,False
ideo5,Demographics,ordinal_dist,% Conservative,Ideological self-identification (1=Very Liberal … 5=Very Conservative),21.89,40.64,41.6978,39.5822,44.1984,37.0816,6.71,9.9362,3.4838,7.7678,5.6522,10.2684,3.1516,17.17,20.3962,13.9438,18.2278,16.1122,20.7284,13.6116,38.82,39.8778,37.7622,2.44,5.9984,0.0,34.9,35.9578,33.8422,38.4584,31.3416,31.49,35.0484,27.9316,0.68,1.7378,0.0,0.17,17.71,True,False,False,True
ideo5,Demographics,ordinal_dist,% Very Conservative,Ideological self-identification (1=Very Liberal … 5=Very Conservative),13.27,22.82,24.0916,21.5484,26.0565,19.5835,1.7,4.0382,0.0,2.9716,0.4284,4.9365,0.0,5.56,7.8982,3.2218,6.8316,4.2884,8.7965,2.3235,41.82,43.0916,40.5484,0.55,3.7865,0.0,23.62,24.8916,22.3484,26.8565,20.3835,13.23,16.4665,9.9935,0.38,1.6516,0.0,0.07,6.43,False,False,False,True
CC24_330a,Demographics,ordinal,Weighted mean,Ideology self-placement 7-pt (1=Very Liberal … 7=Very Conservative),4.1069,5.3683,5.4711,5.2655,5.7,5.0366,3.1107,3.4216,2.7998,3.2135,3.0079,3.4424,2.779,3.8995,4.2104,3.5886,4.0023,3.7967,4.2312,3.5678,6.0216,6.1244,5.9188,2.619,2.9507,2.2873,5.2187,5.3215,5.1159,5.5504,4.887,4.6484,4.9801,4.3167,1.7912,1.894,1.6884,1.8149,3.9842,True,False,False,True
CC24_330a,Demographics,ordinal_dist,% Very Liberal,Ideology self-placement 7-pt (1=Very Liberal … 7=Very Conservative),11.37,1.34,0.8779,1.8021,0.0,4.4682,12.02,8.0707,15.9693,11.5579,12.4821,8.8918,15.1482,7.25,3.3007,11.1993,6.7879,7.7121,4.1218,10.3782,0.09,0.0,0.5521,19.88,16.7518,23.0082,2.13,1.6679,2.5921,0.0,5.2582,4.53,1.4018,7.6582,51.6,51.1379,52.0621,46.84,4.23,True,False,False,True
CC24_330a,Demographics,ordinal_dist,% Liberal,Ideology self-placement 7-pt (1=Very Liberal … 7=Very Conservative),13.83,1.76,0.5766,2.9434,0.0,4.6087,25.7,23.1847,28.2153,24.5166,26.8834,22.8513,28.5487,12.61,10.0947,15.1253,11.4266,13.7934,9.7613,15.4587,0.41,0.0,1.5934,32.28,29.4313,35.1287,2.48,1.2966,3.6634,0.0,5.3287,6.69,3.8413,9.5387,28.05,26.8666,29.2334,33.38,14.67,False,False,False,False
CC24_330a,Demographics,ordinal_dist,% Somewhat Liberal,Ideology self-placement 7-pt (1=Very Liberal … 7=Very Conservative),9.49,2.83,2.1343,3.5257,1.4547,4.2053,18.72,17.8606,19.5794,18.0243,19.4157,17.3447,20.0953,11.68,10.8206,12.5394,10.9843,12.3757,10.3047,13.0553,0.28,0.0,0.9757,21.18,19.8047,22.5553,3.2,2.5043,3.8957,1.8247,4.5753,7.06,5.6847,8.4353,10.6,9.9043,11.2957,11.85,11.96,False,False,False,False
CC24_330a,Demographics,ordinal_dist,% Moderate,Ideology self-placement 7-pt (1=Very Liberal … 7=Very Conservative),25.52,23.33,23.1679,23.4921,23.2171,23.4429,32.97,34.0943,31.8457,32.8079,33.1321,32.8571,33.0829,41.28,42.4043,40.1557,41.1179,41.4421,41.1671,41.3929,10.58,10.4179,10.7421,22.15,22.0371,22.2629,26.82,26.6579,26.9821,26.7071,26.9329,30.67,30.5571,30.7829,9.32,9.1579,9.4821,7.48,40.86,False,False,False,False
CC24_330a,Demographics,ordinal_dist,% Somewhat Conservative,Ideology self-placement 7-pt (1=Very Liberal … 7=Very Conservative),10.06,15.62,16.0106,15.2294,16.8767,14.3633,5.52,6.7731,4.2669,5.9106,5.1294,6.7767,4.2633,11.13,12.3831,9.8769,11.5206,10.7394,12.3867,9.8733,13.08,13.4706,12.6894,2.44,3.6967,1.1833,16.61,17.0006,16.2194,17.8667,15.3533,14.91,16.1667,13.6533,0.22,0.6106,0.0,0.31,10.32,False,False,False,False
CC24_330a,Demographics,ordinal_dist,% Conservative,Ideology self-placement 7-pt (1=Very Liberal … 7=Very Conservative),17.31,33.79,34.6891,32.8909,36.9531,30.6269,3.44,6.1863,0.6937,4.3391,2.5409,6.6031,0.2769,10.69,13.4363,7.9437,11.5891,9.7909,13.8531,7.5269,36.2,37.0991,35.3009,1.38,4.5431,0.0,26.45,27.3491,25.5509,29.6131,23.2869,24.47,27.6331,21.3069,0.21,1.1091,0.0,0.09,11.83,False,False,False,True
CC24_330a,Demographics,ordinal_dist,% Very Conservative,Ideology self-placement 7-pt (1=Very Liberal … 7=Very Conservative),12.42,21.33,22.5431,20.1169,24.3748,18.2852,1.62,3.8205,0.0,2.8331,0.4069,4.6648,0.0,5.36,7.5605,3.1595,6.5731,4.1469,8.4048,2.3152,39.35,40.5631,38.1369,0.69,3.7348,0.0,22.31,23.5231,21.0969,25.3548,19.2652,11.67,14.7148,8.6252,0.0,1.2131,0.0,0.05,6.14,False,False,False,True
pid3,Demographics,categorical_dist,% Democrat,Party identification (3-point),34.18,10.32,7.5079,13.1321,4.2262,16.4138,54.02,49.1251,58.9149,51.2079,56.8321,47.9262,60.1138,35.88,30.9851,40.7749,33.0679,38.6921,29.7862,41.9738,1.18,-1.6321,3.9921,68.92,62.8262,75.0138,9.67,6.8579,12.4821,3.5762,15.7638,25.34,19.2462,31.4338,61.79,58.9779,64.6021,74.47,44.73,False,False,False,False
pid3,Demographics,categorical_dist,% Republican,Party identification (3-point),29.97,58.32,59.5379,57.1021,63.5031,53.1369,6.98,11.8304,2.1296,8.1979,5.7621,12.1631,1.7969,17.04,21.8904,12.1896,18.2579,15.8221,22.2231,11.8569,59.66,60.8779,58.4421,3.63,8.8131,-1.5531,45.82,47.0379,44.6021,51.0031,40.6369,43.8,48.9831,38.6169,0.02,1.2379,-1.1979,0.16,26.34,False,False,False,False
pid3,Demographics,categorical_dist,% Independent,Party identification (3-point),27.28,25.11,25.7062,24.5138,25.7728,24.4472,29.84,30.239,29.441,30.4362,29.2438,30.5028,29.1772,29.35,29.749,28.951,29.9462,28.7538,30.0128,28.6872,30.61,31.2062,30.0138,24.11,24.7728,23.4472,32.7,33.2962,32.1038,33.3628,32.0372,26.88,27.5428,26.2172,24.82,25.4162,24.2238,19.74,25.43,False,False,False,False
pid3,Demographics,categorical_dist,% Other,Party identification (3-point),4.02,3.46,3.8506,3.0694,3.6483,3.2717,2.32,2.1445,2.4955,2.7106,1.9294,2.5083,2.1317,4.69,4.5145,4.8655,5.0806,4.2994,4.8783,4.5017,7.19,7.5806,6.7994,2.08,2.2683,1.8917,5.88,6.2706,5.4894,6.0683,5.6917,1.59,1.7783,1.4017,7.8,8.1906,7.4094,5.55,1.72,False,False,False,False
pid3,Demographics,categorical_dist,% Not sure,Party identification (3-point),4.55,2.79,3.3976,2.1824,2.8495,2.7305,6.85,6.671,7.029,7.4576,6.2424,6.9095,6.7905,13.03,12.851,13.209,13.6376,12.4224,13.0895,12.9705,1.36,1.9676,0.7524,1.26,1.3195,1.2005,5.93,6.5376,5.3224,5.9895,5.8705,2.39,2.4495,2.3305,5.58,6.1876,4.9724,0.07,1.78,False,False,False,False
gender4,Demographics,categorical_dist,% Man,Gender,48.62,48.95,48.3491,49.5509,50.0824,47.8176,44.62,45.64,43.6,44.0191,45.2209,45.7524,43.4876,39.27,40.29,38.25,38.6691,39.8709,40.4024,38.1376,63.64,63.0391,64.2409,51.95,53.0824,50.8176,51.21,50.6091,51.8109,52.3424,50.0776,54.4,55.5324,53.2676,32.81,32.2091,33.4109,53.05,46.29,False,False,False,False
gender4,Demographics,categorical_dist,% Woman,Gender,50.7,50.85,51.3493,50.3507,49.8993,51.8007,54.82,54.0915,55.5485,55.3193,54.3207,53.8693,55.7707,60.37,59.6415,61.0985,60.8693,59.8707,59.4193,61.3207,36.1,36.5993,35.6007,47.8,46.8493,48.7507,48.69,49.1893,48.1907,47.7393,49.6407,45.48,44.5293,46.4307,61.35,61.8493,60.8507,45.13,53.68,False,False,False,False
gender4,Demographics,categorical_dist,% Non-binary,Gender,0.56,0.08,0.1903,-0.0303,-0.094,0.254,0.54,0.2694,0.8106,0.6503,0.4297,0.366,0.714,0.36,0.0894,0.6306,0.4703,0.2497,0.186,0.534,0.0,0.1103,-0.1103,0.19,0.016,0.364,0.06,0.1703,-0.0503,-0.114,0.234,0.03,-0.144,0.204,5.62,5.7303,5.5097,1.18,0.02,False,False,False,False
gender4,Demographics,categorical_dist,% Other,Gender,0.12,0.12,0.1109,0.1291,0.1122,0.1278,0.01,-0.0106,0.0306,0.0009,0.0191,0.0022,0.0178,0.0,-0.0206,0.0206,-0.0091,0.0091,-0.0078,0.0078,0.25,0.2409,0.2591,0.06,0.0522,0.0678,0.04,0.0309,0.0491,0.0322,0.0478,0.09,0.0822,0.0978,0.21,0.2009,0.2191,0.64,0.01,False,False,False,False
race,Demographics,categorical_dist,% White,Race/ethnicity,67.25,78.39,77.7146,79.0654,79.1803,77.5997,56.7,57.5551,55.8449,56.0246,57.3754,57.4903,55.9097,43.36,44.2151,42.5049,42.6846,44.0354,44.1503,42.5697,81.17,80.4946,81.8454,69.36,70.1503,68.5697,70.24,69.5646,70.9154,71.0303,69.4497,66.18,66.9703,65.3897,65.87,65.1946,66.5454,76.31,69.81,False,False,False,False
race,Demographics,categorical_dist,% Black,Race/ethnicity,11.64,5.96,6.2203,5.6997,5.3794,6.5406,16.39,15.9842,16.7958,16.6503,16.1297,15.8094,16.9706,27.29,26.8842,27.6958,27.5503,27.0297,26.7094,27.8706,1.12,1.3803,0.8597,12.02,11.4394,12.6006,9.48,9.7403,9.2197,8.8994,10.0606,11.87,11.2894,12.4506,10.48,10.7403,10.2197,5.65,12.53,False,False,False,False
race,Demographics,categorical_dist,% Hispanic,Race/ethnicity,9.61,6.69,6.785,6.595,6.368,7.012,13.07,12.7666,13.3734,13.165,12.975,12.748,13.392,15.12,14.8166,15.4234,15.215,15.025,14.798,15.442,5.31,5.405,5.215,9.22,8.898,9.542,8.26,8.355,8.165,7.938,8.582,9.72,9.398,10.042,10.33,10.425,10.235,8.45,9.2,False,False,False,False
race,Demographics,categorical_dist,% Asian,Race/ethnicity,4.27,4.05,3.9692,4.1308,3.8566,4.2434,6.23,6.1883,6.2717,6.1492,6.3108,6.0366,6.4234,5.14,5.0983,5.1817,5.0592,5.2208,4.9466,5.3334,1.87,1.7892,1.9508,4.54,4.3466,4.7334,2.79,2.7092,2.8708,2.5966,2.9834,4.37,4.1766,4.5634,4.22,4.1392,4.3008,3.04,5.35,False,False,False,False
race,Demographics,categorical_dist,% Native American,Race/ethnicity,1.15,1.05,1.1551,0.9449,1.1893,0.9107,0.72,0.7868,0.6532,0.8251,0.6149,0.8593,0.5807,1.65,1.7168,1.5832,1.7551,1.5449,1.7893,1.5107,2.22,2.3251,2.1149,0.54,0.6793,0.4007,1.71,1.8151,1.6049,1.8493,1.5707,1.42,1.5593,1.2807,1.04,1.1451,0.9349,0.1,0.46,False,False,False,False
race,Demographics,categorical_dist,% Multiracial,Race/ethnicity,3.99,2.3,2.4672,2.1328,2.239,2.361,5.21,4.9484,5.4716,5.3772,5.0428,5.149,5.271,5.41,5.1484,5.6716,5.5772,5.2428,5.349,5.471,4.12,4.2872,3.9528,2.85,2.789,2.911,3.91,4.0772,3.7428,3.849,3.971,4.0,3.939,4.061,6.64,6.8072,6.4728,4.97,1.79,False,False,False,False
race,Demographics,categorical_dist,% Other,Race/ethnicity,1.73,1.39,1.512,1.268,1.6369,1.1431,1.36,1.4863,1.2337,1.482,1.238,1.6069,1.1131,1.51,1.6363,1.3837,1.632,1.388,1.7569,1.2631,4.06,4.182,3.938,1.18,1.4269,0.9331,3.18,3.302,3.058,3.4269,2.9331,1.86,2.1069,1.6131,0.67,0.792,0.548,0.95,0.68,False,False,False,False
race,Demographics,categorical_dist,% Middle Eastern,Race/ethnicity,0.35,0.15,0.1575,0.1425,0.1317,0.1683,0.31,0.2746,0.3454,0.3175,0.3025,0.2917,0.3283,0.52,0.4846,0.5554,0.5275,0.5125,0.5017,0.5383,0.15,0.1575,0.1425,0.29,0.2717,0.3083,0.43,0.4375,0.4225,0.4117,0.4483,0.58,0.5617,0.5983,0.75,0.7575,0.7425,0.52,0.17,False,False,False,False
educ,Demographics,categorical_dist,% No HS,Education level,6.31,7.16,7.4576,6.8624,7.4334,6.8866,5.64,5.9444,5.3356,5.9376,5.3424,5.9134,5.3666,11.15,11.4544,10.8456,11.4476,10.8524,11.4234,10.8766,5.14,5.4376,4.8424,2.35,2.6234,2.0766,7.08,7.3776,6.7824,7.3534,6.8066,7.2,7.4734,6.9266,4.51,4.8076,4.2124,1.1,7.33,False,False,False,False
educ,Demographics,categorical_dist,% HS grad,Education level,29.15,34.29,34.6967,33.8833,35.2567,33.3233,25.93,27.3073,24.5527,26.3367,25.5233,26.8967,24.9633,34.98,36.3573,33.6027,35.3867,34.5733,35.9467,34.0133,25.25,25.6567,24.8433,20.7,21.6667,19.7333,34.32,34.7267,33.9133,35.2867,33.3533,36.29,37.2567,35.3233,20.79,21.1967,20.3833,11.54,34.25,False,False,False,False
educ,Demographics,categorical_dist,% Some college,Education level,19.87,17.9,18.2941,17.5059,17.9147,17.8853,22.35,22.0511,22.6489,22.7441,21.9559,22.3647,22.3353,20.26,19.9611,20.5589,20.6541,19.8659,20.2747,20.2453,20.04,20.4341,19.6459,18.35,18.3647,18.3353,22.44,22.8341,22.0459,22.4547,22.4253,17.61,17.6247,17.5953,24.03,24.4241,23.6359,19.68,17.03,False,False,False,False
educ,Demographics,categorical_dist,% 2-year degree,Education level,10.1,10.31,10.3524,10.2676,10.4364,10.1836,10.93,11.1187,10.7413,10.9724,10.8876,11.0564,10.8036,10.63,10.8187,10.4413,10.6724,10.5876,10.7564,10.5036,10.27,10.3124,10.2276,10.11,10.2364,9.9836,10.39,10.4324,10.3476,10.5164,10.2636,9.9,10.0264,9.7736,7.96,8.0024,7.9176,7.48,10.44,False,False,False,False
educ,Demographics,categorical_dist,% 4-year degree,Education level,21.46,19.68,19.3224,20.0376,19.2013,20.1587,21.27,20.5912,21.9488,20.9124,21.6276,20.7913,21.7487,15.43,14.7512,16.1088,15.0724,15.7876,14.9513,15.9087,26.01,25.6524,26.3676,26.94,26.4613,27.4187,17.48,17.1224,17.8376,17.0013,17.9587,18.49,18.0113,18.9687,27.15,26.7924,27.5076,31.9,19.06,False,False,False,False
educ,Demographics,categorical_dist,% Post-grad,Education level,13.12,10.67,9.8871,11.4529,9.7689,11.5711,13.87,12.9788,14.7612,13.0871,14.6529,12.9689,14.7711,7.54,6.6488,8.4312,6.7571,8.3229,6.6389,8.4411,13.29,12.5071,14.0729,21.54,20.6389,22.4411,8.3,7.5171,9.0829,7.3989,9.2011,10.51,9.6089,11.4111,15.55,14.7671,16.3329,28.29,11.89,False,False,False,False
urbancity,Demographics,categorical_dist,% City,Type of area (1=City … 4=Rural),26.82,20.47,20.1952,20.7448,19.3042,21.6358,30.68,29.6828,31.6772,30.4052,30.9548,29.5142,31.8458,36.28,35.2828,37.2772,36.0052,36.5548,35.1142,37.4458,15.88,15.6052,16.1548,29.7,28.5342,30.8658,23.05,22.7752,23.3248,21.8842,24.2158,27.24,26.0742,28.4058,30.0,29.7252,30.2748,32.58,28.35,False,False,False,False
urbancity,Demographics,categorical_dist,% Suburb,Type of area (1=City … 4=Rural),39.93,41.11,40.7896,41.4304,40.6074,41.6126,41.71,41.355,42.065,41.3896,42.0304,41.2074,42.2126,33.11,32.755,33.465,32.7896,33.4304,32.6074,33.6126,41.11,40.7896,41.4304,42.24,41.7374,42.7426,34.56,34.2396,34.8804,34.0574,35.0626,37.7,37.1974,38.2026,46.91,46.5896,47.2304,43.57,41.41,False,False,False,False
urbancity,Demographics,categorical_dist,% Town,Type of area (1=City … 4=Rural),12.55,12.43,12.4523,12.4077,12.5725,12.2875,12.63,12.7463,12.5137,12.6523,12.6077,12.7725,12.4875,11.34,11.4563,11.2237,11.3623,11.3177,11.4825,11.1975,12.89,12.9123,12.8677,13.17,13.3125,13.0275,14.71,14.7323,14.6877,14.8525,14.5675,13.12,13.2625,12.9775,11.37,11.3923,11.3477,11.38,12.01,False,False,False,False
urbancity,Demographics,categorical_dist,% Rural area,Type of area (1=City … 4=Rural),20.18,25.64,26.1922,25.0878,27.1613,24.1187,13.97,15.217,12.723,14.5222,13.4178,15.4913,12.4487,18.51,19.757,17.263,19.0622,17.9578,20.0313,16.9887,29.66,30.2122,29.1078,14.56,16.0813,13.0387,27.18,27.7322,26.6278,28.7013,25.6587,21.44,22.9613,19.9187,11.32,11.8722,10.7678,12.1,18.04,False,False,False,False
urbancity,Demographics,categorical_dist,% Other,Type of area (1=City … 4=Rural),0.52,0.36,0.3805,0.3395,0.3646,0.3554,1.0,0.9895,1.0105,1.0205,0.9795,1.0046,0.9954,0.76,0.7495,0.7705,0.7805,0.7395,0.7646,0.7554,0.46,0.4805,0.4395,0.33,0.3346,0.3254,0.5,0.5205,0.4795,0.5046,0.4954,0.5,0.5046,0.4954,0.4,0.4205,0.3795,0.37,0.2,False,False,False,False
region,Demographics,categorical_dist,% Northeast,Region,16.92,15.61,15.0544,16.1656,14.9147,16.3053,18.26,17.8239,18.6961,17.7044,18.8156,17.5647,18.9553,12.55,12.1139,12.9861,11.9944,13.1056,11.8547,13.2453,13.91,13.3544,14.4656,22.05,21.3547,22.7453,15.9,15.3444,16.4556,15.2047,16.5953,14.25,13.5547,14.9453,18.05,17.4944,18.6056,24.99,20.61,False,False,False,False
region,Demographics,categorical_dist,% Midwest,Region,20.85,22.64,22.5809,22.6991,22.8324,22.4476,18.96,19.1495,18.7705,18.9009,19.0191,19.1524,18.7676,17.41,17.5995,17.2205,17.3509,17.4691,17.6024,17.2176,22.5,22.4409,22.5591,20.73,20.9224,20.5376,21.93,21.8709,21.9891,22.1224,21.7376,22.31,22.5024,22.1176,21.01,20.9509,21.0691,20.46,20.7,False,False,False,False
region,Demographics,categorical_dist,% South,Region,38.92,42.86,43.5323,42.1877,43.6567,42.0633,36.83,37.6206,36.0394,37.5023,36.1577,37.6267,36.0333,46.73,47.5206,45.9394,47.4023,46.0577,47.5267,45.9333,39.05,39.7223,38.3777,29.32,30.1167,28.5233,37.98,38.6523,37.3077,38.7767,37.1833,44.17,44.9667,43.3733,37.83,38.5023,37.1577,24.32,38.21,False,False,False,False
region,Demographics,categorical_dist,% West,Region,23.31,18.89,18.833,18.947,18.5965,19.1835,25.96,25.416,26.504,25.903,26.017,25.6665,26.2535,23.31,22.766,23.854,23.253,23.367,23.0165,23.6035,24.55,24.493,24.607,27.9,27.6065,28.1935,24.19,24.133,24.247,23.8965,24.4835,19.26,18.9665,19.5535,23.11,23.053,23.167,30.23,20.48,False,False,False,False
age,Demographics,continuous,Median,"Age (years, derived from birth year)",50.0,59.0,58.0561,59.9439,59.9133,58.0867,43.0,44.9878,41.0122,42.0561,43.9439,43.9133,42.0867,38.0,39.9878,36.0122,37.0561,38.9439,38.9133,37.0867,60.0,59.0561,60.9439,55.0,55.9133,54.0867,46.0,45.0561,46.9439,46.9133,45.0867,51.0,51.9133,50.0867,33.0,32.0561,33.9439,41.0,62.0,True,False,False,False
age,Demographics,continuous,Q25,"Age (years, derived from birth year)",34.0,43.0,42.38,43.62,43.6339,42.3661,29.0,30.6083,27.3917,28.38,29.62,29.6339,28.3661,27.0,28.6083,25.3917,26.38,27.62,27.6339,26.3661,44.0,43.38,44.62,39.0,39.6339,38.3661,34.0,33.38,34.62,34.6339,33.3661,33.0,33.6339,32.3661,25.0,24.38,25.62,29.0,51.0,True,False,False,False
age,Demographics,continuous,Q75,"Age (years, derived from birth year)",64.0,68.0,67.009,68.991,68.5983,67.4017,60.0,61.4919,58.5081,59.009,60.991,60.5983,59.4017,53.0,54.4919,51.5081,52.009,53.991,53.5983,52.4017,67.0,66.009,67.991,67.0,67.5983,66.4017,60.0,59.009,60.991,60.5983,59.4017,64.0,64.5983,63.4017,43.0,42.009,43.991,58.0,70.0,True,False,False,False
faminc_new,Demographics,ordinal,Weighted mean,Family income,6.82,6.902,6.8141,6.9899,6.8806,6.9234,6.7074,6.6894,6.7254,6.6195,6.7953,6.686,6.7288,5.4489,5.4309,5.4669,5.361,5.5368,5.4275,5.4703,7.7629,7.675,7.8508,7.6663,7.6449,7.6877,6.4086,6.3207,6.4965,6.3872,6.43,6.5223,6.5009,6.5437,6.654,6.5661,6.7419,8.1686,6.7859,False,False,False,False
faminc_new,Demographics,ordinal_dist,% <$10k,Family income,6.25,3.81,4.4209,3.1991,3.824,3.796,6.4,6.0472,6.7528,7.0109,5.7891,6.414,6.386,15.33,14.9772,15.6828,15.9409,14.7191,15.344,15.316,2.48,3.0909,1.8691,2.98,2.994,2.966,8.93,9.5409,8.3191,8.944,8.916,5.69,5.704,5.676,9.0,9.6109,8.3891,4.16,2.43,False,False,False,False
faminc_new,Demographics,ordinal_dist,% $10k–20k,Family income,7.11,6.69,6.83,6.55,6.6303,6.7497,7.87,7.882,7.858,8.01,7.73,7.8103,7.9297,9.58,9.592,9.568,9.72,9.44,9.5203,9.6397,4.84,4.98,4.7,4.86,4.8003,4.9197,6.69,6.83,6.55,6.6303,6.7497,8.35,8.2903,8.4097,9.21,9.35,9.07,3.68,8.5,False,False,False,False
faminc_new,Demographics,ordinal_dist,% $20k–30k,Family income,10.25,10.25,10.3829,10.1171,10.313,10.187,12.25,12.3547,12.1453,12.3829,12.1171,12.313,12.187,13.41,13.5147,13.3053,13.5429,13.2771,13.473,13.347,7.77,7.9029,7.6371,7.82,7.883,7.757,10.15,10.2829,10.0171,10.213,10.087,11.65,11.713,11.587,8.67,8.8029,8.5371,6.63,9.76,False,False,False,False
faminc_new,Demographics,ordinal_dist,% $30k–40k,Family income,9.19,9.79,9.8346,9.7454,9.8551,9.7249,8.47,8.6365,8.3035,8.5146,8.4254,8.5351,8.4049,9.74,9.9065,9.5735,9.7846,9.6954,9.8051,9.6749,8.56,8.6046,8.5154,8.34,8.4051,8.2749,9.1,9.1446,9.0554,9.1651,9.0349,10.5,10.5651,10.4349,9.81,9.8546,9.7654,5.87,10.63,False,False,False,False
faminc_new,Demographics,ordinal_dist,% $40k–50k,Family income,7.97,8.73,8.6561,8.8039,8.6933,8.7667,8.25,8.414,8.086,8.1761,8.3239,8.2133,8.2867,7.54,7.704,7.376,7.4661,7.6139,7.5033,7.5767,7.01,6.9361,7.0839,8.49,8.4533,8.5267,7.8,7.7261,7.8739,7.7633,7.8367,7.07,7.0333,7.1067,6.81,6.7361,6.8839,6.22,10.68,False,False,False,False
faminc_new,Demographics,ordinal_dist,% $50k–60k,Family income,8.89,9.23,9.3195,9.1405,9.3622,9.0978,8.08,8.2212,7.9388,8.1695,7.9905,8.2122,7.9478,10.34,10.4812,10.1988,10.4295,10.2505,10.4722,10.2078,7.83,7.9195,7.7405,7.86,7.9922,7.7278,10.44,10.5295,10.3505,10.5722,10.3078,10.08,10.2122,9.9478,7.81,7.8995,7.7205,6.78,9.05,False,False,False,False
faminc_new,Demographics,ordinal_dist,% $60k–70k,Family income,6.76,7.59,7.5657,7.6143,7.6601,7.5199,6.83,6.9486,6.7114,6.8057,6.8543,6.9001,6.7599,5.68,5.7986,5.5614,5.6557,5.7043,5.7501,5.6099,6.65,6.6257,6.6743,7.01,7.0801,6.9399,7.54,7.5157,7.5643,7.6101,7.4699,6.55,6.6201,6.4799,5.54,5.5157,5.5643,6.0,7.04,False,False,False,False
faminc_new,Demographics,ordinal_dist,% $70k–80k,Family income,7.26,7.62,7.4354,7.8046,7.5542,7.6858,7.26,7.2817,7.2383,7.0754,7.4446,7.1942,7.3258,5.6,5.6217,5.5783,5.4154,5.7846,5.5342,5.6658,7.14,6.9554,7.3246,8.16,8.0942,8.2258,6.67,6.4854,6.8546,6.6042,6.7358,8.0,7.9342,8.0658,6.46,6.2754,6.6446,8.42,7.84,False,False,False,False
faminc_new,Demographics,ordinal_dist,% $80k–100k,Family income,9.26,10.56,10.4181,10.7019,10.7074,10.4126,8.12,8.3219,7.9181,7.9781,8.2619,8.2674,7.9726,5.95,6.1519,5.7481,5.8081,6.0919,6.0974,5.8026,11.48,11.3381,11.6219,9.8,9.9474,9.6526,9.77,9.6281,9.9119,9.9174,9.6226,9.27,9.4174,9.1226,7.48,7.3381,7.6219,10.29,10.15,False,False,False,False
faminc_new,Demographics,ordinal_dist,% $100k–120k,Family income,7.59,7.13,7.1677,7.0923,7.1747,7.0853,7.05,6.9375,7.1625,7.0877,7.0123,7.0947,7.0053,5.55,5.4375,5.6625,5.5877,5.5123,5.5947,5.5053,10.07,10.1077,10.0323,8.5,8.5447,8.4553,8.53,8.5677,8.4923,8.5747,8.4853,6.08,6.1247,6.0353,8.84,8.8777,8.8023,10.14,6.43,False,False,False,False
faminc_new,Demographics,ordinal_dist,% $120k–150k,Family income,8.01,8.53,8.3835,8.6765,8.5245,8.5355,7.18,7.0927,7.2673,7.0335,7.3265,7.1745,7.1855,4.47,4.3827,4.5573,4.3235,4.6165,4.4645,4.4755,11.16,11.0135,11.3065,9.71,9.7045,9.7155,7.2,7.0535,7.3465,7.1945,7.2055,6.66,6.6545,6.6655,8.31,8.1635,8.4565,12.1,7.03,False,False,False,False
faminc_new,Demographics,ordinal_dist,% $150k–200k,Family income,5.79,5.41,5.1998,5.6202,5.3064,5.5136,5.44,5.2994,5.5806,5.2298,5.6502,5.3364,5.5436,3.23,3.0894,3.3706,3.0198,3.4402,3.1264,3.3336,8.02,7.8098,8.2302,7.87,7.7664,7.9736,4.25,4.0398,4.4602,4.1464,4.3536,5.54,5.4364,5.6436,6.12,5.9098,6.3302,9.72,5.07,False,False,False,False
faminc_new,Demographics,ordinal_dist,% $200k–250k,Family income,2.64,2.24,2.135,2.345,2.107,2.373,2.91,2.7892,3.0308,2.805,3.015,2.777,3.043,1.76,1.6392,1.8808,1.655,1.865,1.627,1.893,3.18,3.075,3.285,3.79,3.657,3.923,1.41,1.305,1.515,1.277,1.543,1.94,1.807,2.073,3.33,3.225,3.435,4.6,2.79,False,False,False,False
faminc_new,Demographics,ordinal_dist,% $250k–350k,Family income,1.75,1.23,1.0564,1.4036,1.0649,1.3951,2.2,2.0734,2.3266,2.0264,2.3736,2.0349,2.3651,0.75,0.6234,0.8766,0.5764,0.9236,0.5849,0.9151,1.54,1.3664,1.7136,3.28,3.1149,3.4451,0.71,0.5364,0.8836,0.5449,0.8751,1.77,1.6049,1.9351,1.72,1.5464,1.8936,4.03,1.77,False,False,False,False
faminc_new,Demographics,ordinal_dist,% $350k–500k,Family income,0.8,0.71,0.7244,0.6956,0.7255,0.6945,1.24,1.2359,1.2441,1.2544,1.2256,1.2555,1.2245,0.61,0.6059,0.6141,0.6244,0.5956,0.6255,0.5945,1.37,1.3844,1.3556,0.87,0.8855,0.8545,0.61,0.6244,0.5956,0.6255,0.5945,0.32,0.3355,0.3045,0.67,0.6844,0.6556,0.9,0.52,False,False,False,False
faminc_new,Demographics,ordinal_dist,% $500k+,Family income,0.49,0.51,0.5009,0.5191,0.5291,0.4909,0.46,0.476,0.444,0.4509,0.4691,0.4791,0.4409,0.47,0.486,0.454,0.4609,0.4791,0.4891,0.4509,0.91,0.9009,0.9191,0.64,0.6591,0.6209,0.2,0.1909,0.2091,0.2191,0.1809,0.52,0.5391,0.5009,0.2,0.1909,0.2091,0.46,0.31,False,False,False,False
marstat,Demographics,categorical_dist,% Married,Marital status,46.62,56.21,55.5336,56.8864,57.603,54.817,37.5,39.3997,35.6003,36.8236,38.1764,38.893,36.107,34.18,36.0797,32.2803,33.5036,34.8564,35.573,32.787,63.14,62.4636,63.8164,49.07,50.463,47.677,45.49,44.8136,46.1664,46.883,44.097,47.47,48.863,46.077,28.97,28.2936,29.6464,43.93,52.85,False,False,False,False
marstat,Demographics,categorical_dist,% Separated,Marital status,1.8,1.62,1.7071,1.5329,1.6726,1.5674,1.95,1.9942,1.9058,2.0371,1.8629,2.0026,1.8974,2.59,2.6342,2.5458,2.6771,2.5029,2.6426,2.5374,1.32,1.4071,1.2329,0.96,1.0126,0.9074,2.97,3.0571,2.8829,3.0226,2.9174,1.45,1.5026,1.3974,1.41,1.4971,1.3229,1.08,2.28,False,False,False,False
marstat,Demographics,categorical_dist,% Divorced,Marital status,10.17,11.2,11.0502,11.3498,11.3426,11.0574,9.5,9.8965,9.1035,9.3502,9.6498,9.6426,9.3574,8.94,9.3365,8.5435,8.7902,9.0898,9.0826,8.7974,9.81,9.6602,9.9598,11.74,11.8826,11.5974,11.14,10.9902,11.2898,11.2826,10.9974,11.38,11.5226,11.2374,6.71,6.5602,6.8598,6.42,12.82,False,False,False,False
marstat,Demographics,categorical_dist,% Widowed,Marital status,5.39,7.84,7.677,8.003,7.9864,7.6936,4.13,4.5626,3.6974,3.967,4.293,4.2764,3.9836,4.04,4.4726,3.6074,3.877,4.203,4.1864,3.8936,5.58,5.417,5.743,5.39,5.5364,5.2436,4.97,4.807,5.133,5.1164,4.8236,5.75,5.8964,5.6036,1.94,1.777,2.103,2.77,8.86,False,False,False,False
marstat,Demographics,categorical_dist,% Never married,Marital status,30.45,19.45,20.1671,18.7329,17.876,21.024,39.14,36.6125,41.6675,39.8571,38.4229,37.566,40.714,42.32,39.7925,44.8475,43.0371,41.6029,40.746,43.894,16.92,17.6371,16.2029,28.22,26.646,29.794,29.12,29.8371,28.4029,27.546,30.694,29.08,27.506,30.654,53.03,53.7471,52.3129,40.82,18.24,False,False,False,False
marstat,Demographics,categorical_dist,% Domestic/civil partnership,Marital status,5.57,3.68,3.8645,3.4955,3.5189,3.8411,7.78,7.5343,8.0257,7.9645,7.5955,7.6189,7.9411,7.92,7.6743,8.1657,8.1045,7.7355,7.7589,8.0811,3.23,3.4145,3.0455,4.62,4.4589,4.7811,6.31,6.4945,6.1255,6.1489,6.4711,4.86,4.6989,5.0211,7.94,8.1245,7.7555,4.99,4.96,False,False,False,False
child18,Demographics,binary,% Supporting,Children under 18 in household,21.8211,19.4741,20.1861,18.7621,19.8867,19.0615,23.0216,22.9105,23.1327,23.7336,22.3096,23.4342,22.609,29.7865,29.6754,29.8976,30.4985,29.0745,30.1991,29.3739,18.7309,19.4429,18.0189,17.7389,18.1515,17.3263,29.0282,29.7402,28.3162,29.4408,28.6156,22.3617,22.7743,21.9491,19.5257,20.2377,18.8137,18.8446,15.017,False,False,False,False
numchildren,Demographics,continuous,Median,Number of children,1.0,2.0,1.9982,2.0018,2.1012,1.8988,1.0,1.1615,0.8385,0.9982,1.0018,1.1012,0.8988,1.0,1.1615,0.8385,0.9982,1.0018,1.1012,0.8988,2.0,1.9982,2.0018,1.0,1.1012,0.8988,1.0,0.9982,1.0018,1.1012,0.8988,1.0,1.1012,0.8988,0.0,-0.0018,0.0018,0.0,2.0,False,False,False,False
numchildren,Demographics,continuous,Q25,Number of children,0.0,0.0,0.0,0.0,0.0,0.0,0.0,0.0,0.0,0.0,0.0,0.0,0.0,0.0,0.0,0.0,0.0,0.0,0.0,0.0,0.0,0.0,0.0,0.0,0.0,0.0,0.0,0.0,0.0,0.0,0.0,0.0,0.0,0.0,0.0,0.0,0.0,0.0,0.0,False,False,False,False
numchildren,Demographics,continuous,Q75,Number of children,2.0,3.0,2.998,3.002,3.0917,2.9083,2.0,2.0963,1.9037,1.998,2.002,2.0917,1.9083,2.0,2.0963,1.9037,1.998,2.002,2.0917,1.9083,3.0,2.998,3.002,2.0,2.0917,1.9083,2.0,1.998,2.002,2.0917,1.9083,2.0,2.0917,1.9083,1.0,0.998,1.002,2.0,2.0,False,False,False,False
ownhome,Demographics,categorical_dist,% Own,Home ownership,67.25,76.48,75.6282,77.3318,77.738,75.222,59.37,61.2911,57.4489,58.5182,60.2218,60.628,58.112,52.04,53.9611,50.1189,51.1882,52.8918,53.298,50.782,83.92,83.0682,84.7718,70.95,72.208,69.692,65.49,64.6382,66.3418,66.748,64.232,67.83,69.088,66.572,50.19,49.3382,51.0418,64.72,75.76,False,False,False,False
ownhome,Demographics,categorical_dist,% Rent,Home ownership,29.44,21.42,22.1045,20.7355,20.2967,22.5433,35.31,33.7039,36.9161,35.9945,34.6255,34.1867,36.4333,43.79,42.1839,45.3961,44.4745,43.1055,42.6667,44.9133,13.92,14.6045,13.2355,26.89,25.7667,28.0133,30.75,31.4345,30.0655,29.6267,31.8733,30.0,28.8767,31.1233,43.78,44.4645,43.0955,30.44,23.04,False,False,False,False
ownhome,Demographics,categorical_dist,% Other,Home ownership,3.31,2.1,2.2669,1.9331,1.9653,2.2347,5.32,5.0051,5.6349,5.4869,5.1531,5.1853,5.4547,4.17,3.8551,4.4849,4.3369,4.0031,4.0353,4.3047,2.16,2.3269,1.9931,2.16,2.0253,2.2947,3.76,3.9269,3.5931,3.6253,3.8947,2.18,2.0453,2.3147,6.03,6.1969,5.8631,4.84,1.2,False,False,False,False
immstat,Demographics,categorical_dist,"% Immigrant, naturalized",Immigration background,5.63,5.09,4.9639,5.2161,4.9777,5.2023,6.18,6.232,6.128,6.0539,6.3061,6.0677,6.2923,7.81,7.862,7.758,7.6839,7.9361,7.6977,7.9223,3.2,3.0739,3.3261,5.15,5.0377,5.2623,4.07,3.9439,4.1961,3.9577,4.1823,8.73,8.6177,8.8423,4.79,4.6639,4.9161,3.73,6.81,False,False,False,False
immstat,Demographics,categorical_dist,"% Immigrant, not citizen",Immigration background,2.25,0.88,0.9637,0.7963,0.7268,1.0332,3.38,3.2105,3.5495,3.4637,3.2963,3.2268,3.5332,4.63,4.4605,4.7995,4.7137,4.5463,4.4768,4.7832,0.53,0.6137,0.4463,2.26,2.1068,2.4132,1.88,1.9637,1.7963,1.7268,2.0332,1.84,1.6868,1.9932,3.59,3.6737,3.5063,1.72,2.14,False,False,False,False
immstat,Demographics,categorical_dist,"% US-born, parent immigrant",Immigration background,10.73,8.13,8.2599,8.0001,7.8036,8.4564,14.04,13.5852,14.4948,14.1699,13.9101,13.7136,14.3664,13.44,12.9852,13.8948,13.5699,13.3101,13.1136,13.7664,7.72,7.8499,7.5901,10.61,10.2836,10.9364,9.57,9.6999,9.4401,9.2436,9.8964,10.99,10.6636,11.3164,14.73,14.8599,14.6001,10.75,8.25,False,False,False,False
immstat,Demographics,categorical_dist,"% US-born, grandparent immigrant",Immigration background,17.86,20.42,19.8677,20.9723,20.4639,20.3761,15.43,15.8651,14.9949,14.8777,15.9823,15.4739,15.3861,10.84,11.2751,10.4049,10.2877,11.3923,10.8839,10.7961,23.59,23.0377,24.1423,22.23,22.2739,22.1861,15.09,14.5377,15.6423,15.1339,15.0461,14.65,14.6939,14.6061,13.24,12.6877,13.7923,21.23,23.84,False,False,False,False
immstat,Demographics,categorical_dist,% 3+ gen US-born,Immigration background,63.53,65.48,65.9451,65.0149,66.0293,64.9307,60.97,61.1083,60.8317,61.4351,60.5049,61.5193,60.4207,63.28,63.4183,63.1417,63.7451,62.8149,63.8293,62.7307,64.97,65.4351,64.5049,59.74,60.2893,59.1907,69.4,69.8651,68.9349,69.9493,68.8507,63.8,64.3493,63.2507,63.64,64.1051,63.1749,62.57,58.96,False,False,False,False
sexuality,Demographics,categorical_dist,% Heterosexual/straight,Sexual orientation,87.04,95.42,95.1202,95.7198,97.311,93.529,82.48,85.0976,79.8624,82.1802,82.7798,84.371,80.589,85.51,88.1276,82.8924,85.2102,85.8098,87.401,83.619,95.4,95.1002,95.6998,84.42,86.311,82.529,90.88,90.5802,91.1798,92.771,88.989,93.78,95.671,91.889,58.23,57.9302,58.5298,70.34,93.25,False,False,False,False
sexuality,Demographics,categorical_dist,% Lesbian/gay woman,Sexual orientation,1.21,0.39,0.358,0.422,0.1575,0.6225,1.72,1.4652,1.9748,1.688,1.752,1.4875,1.9525,1.39,1.1352,1.6448,1.358,1.422,1.1575,1.6225,0.04,0.008,0.072,2.05,1.8175,2.2825,0.54,0.508,0.572,0.3075,0.7725,0.37,0.1375,0.6025,3.42,3.388,3.452,3.17,1.06,False,False,False,False
sexuality,Demographics,categorical_dist,% Gay man,Sexual orientation,2.8,0.91,0.6598,1.1602,0.4605,1.3595,4.62,4.2438,4.9962,4.3698,4.8702,4.1705,5.0695,1.9,1.5238,2.2762,1.6498,2.1502,1.4505,2.3495,1.05,0.7998,1.3002,5.98,5.5305,6.4295,1.04,0.7898,1.2902,0.5905,1.4895,1.7,1.2505,2.1495,4.43,4.1798,4.6802,6.66,3.27,False,False,False,False
sexuality,Demographics,categorical_dist,% Bisexual,Sexual orientation,5.65,1.62,1.958,1.282,0.7206,2.5194,7.13,5.6942,8.5658,7.468,6.792,6.2306,8.0294,6.42,4.9842,7.8558,6.758,6.082,5.5206,7.3194,2.03,2.368,1.692,4.92,4.0206,5.8194,4.32,4.658,3.982,3.4206,5.2194,2.39,1.4906,3.2894,23.45,23.788,23.112,14.47,1.25,False,False,False,False
sexuality,Demographics,categorical_dist,% Other,Sexual orientation,1.52,0.51,0.6091,0.4109,0.2403,0.7797,1.15,0.7346,1.5654,1.2491,1.0509,0.8803,1.4197,1.98,1.5646,2.3954,2.0791,1.8809,1.7103,2.2497,0.15,0.2491,0.0509,1.35,1.0803,1.6197,1.18,1.2791,1.0809,0.9103,1.4497,1.07,0.8003,1.3397,7.29,7.3891,7.1909,3.77,0.46,False,False,False,False
sexuality,Demographics,categorical_dist,% Prefer not to say,Sexual orientation,1.79,1.16,1.3045,1.0155,1.1205,1.1995,2.89,2.7556,3.0244,3.0345,2.7455,2.8505,2.9295,2.79,2.6556,2.9244,2.9345,2.6455,2.7505,2.8295,1.33,1.4745,1.1855,1.29,1.2505,1.3295,2.04,2.1845,1.8955,2.0005,2.0795,0.68,0.6405,0.7195,3.17,3.3145,3.0255,1.58,0.71,False,False,False,False
employ,Employment & Labor,categorical_dist,% Full-time,Employment status,38.26,34.54,34.4643,34.6157,34.3637,34.7163,37.9,37.2439,38.5561,37.8243,37.9757,37.7237,38.0763,37.17,36.5139,37.8261,37.0943,37.2457,36.9937,37.3463,41.93,41.8543,42.0057,38.15,37.9737,38.3263,38.52,38.4443,38.5957,38.3437,38.6963,37.94,37.7637,38.1163,40.7,40.6243,40.7757,50.32,33.99,False,False,False,False
employ,Employment & Labor,categorical_dist,% Part-time,Employment status,10.8,9.83,9.9846,9.6754,9.7599,9.9001,11.62,11.461,11.779,11.7746,11.4654,11.5499,11.6901,13.18,13.021,13.339,13.3346,13.0254,13.1099,13.2501,7.81,7.9646,7.6554,9.72,9.6499,9.7901,11.95,12.1046,11.7954,11.8799,12.0201,12.49,12.4199,12.5601,12.72,12.8746,12.5654,9.13,9.12,False,False,False,False
employ,Employment & Labor,categorical_dist,% Temporarily laid off,Employment status,0.82,0.39,0.3995,0.3805,0.3739,0.4061,1.38,1.3345,1.4255,1.3895,1.3705,1.3639,1.3961,1.7,1.6545,1.7455,1.7095,1.6905,1.6839,1.7161,0.4,0.4095,0.3905,0.52,0.5039,0.5361,0.67,0.6795,0.6605,0.6539,0.6861,1.12,1.1039,1.1361,0.34,0.3495,0.3305,1.13,0.14,False,False,False,False
employ,Employment & Labor,categorical_dist,% Unemployed,Employment status,8.1,5.65,6.1487,5.1513,5.4717,5.8283,8.92,8.3503,9.4897,9.4187,8.4213,8.7417,9.0983,14.2,13.6303,14.7697,14.6987,13.7013,14.0217,14.3783,5.59,6.0887,5.0913,5.79,5.6117,5.9683,7.98,8.4787,7.4813,7.8017,8.1583,7.89,7.7117,8.0683,15.07,15.5687,14.5713,7.4,3.38,False,False,False,False
employ,Employment & Labor,categorical_dist,% Retired,Employment status,22.79,32.21,30.9938,33.4262,32.7468,31.6732,17.28,19.2745,15.2855,16.0638,18.4962,17.8168,16.7432,11.38,13.3745,9.3855,10.1638,12.5962,11.9168,10.8432,28.85,27.6338,30.0662,29.81,30.3468,29.2732,17.75,16.5338,18.9662,18.2868,17.2132,23.85,24.3868,23.3132,5.72,4.5038,6.9362,13.35,39.84,False,False,False,False
employ,Employment & Labor,categorical_dist,% Permanently disabled,Employment status,6.28,6.99,7.1273,6.8527,7.1434,6.8366,6.31,6.479,6.141,6.4473,6.1727,6.4634,6.1566,6.58,6.749,6.411,6.7173,6.4427,6.7334,6.4266,5.42,5.5573,5.2827,5.12,5.2734,4.9666,8.49,8.6273,8.3527,8.6434,8.3366,6.05,6.2034,5.8966,5.39,5.5273,5.2527,3.8,6.81,False,False,False,False
employ,Employment & Labor,categorical_dist,% Homemaker,Employment status,6.22,7.04,7.3447,6.7353,7.3136,6.7664,6.3,6.3975,6.2025,6.6047,5.9953,6.5736,6.0264,6.91,7.0075,6.8125,7.2147,6.6053,7.1836,6.6364,6.21,6.5147,5.9053,4.56,4.8336,4.2864,9.05,9.3547,8.7453,9.3236,8.7764,5.8,6.0736,5.5264,6.06,6.3647,5.7553,3.53,3.75,False,False,False,False
employ,Employment & Labor,categorical_dist,% Student,Employment status,4.58,1.81,1.9286,1.6914,1.3188,2.3012,7.49,6.7451,8.2349,7.6086,7.3714,6.9988,7.9812,6.23,5.4851,6.9749,6.3486,6.1114,5.7388,6.7212,2.01,2.1286,1.8914,4.54,4.0488,5.0312,2.97,3.0886,2.8514,2.4788,3.4612,3.32,2.8288,3.8112,11.26,11.3786,11.1414,8.83,1.21,False,False,False,False
employ,Employment & Labor,categorical_dist,% Other,Employment status,2.14,1.55,1.6193,1.4807,1.5183,1.5817,2.81,2.7241,2.8959,2.8793,2.7407,2.7783,2.8417,2.67,2.5841,2.7559,2.7393,2.6007,2.6383,2.7017,1.78,1.8493,1.7107,1.79,1.7583,1.8217,2.61,2.6793,2.5407,2.5783,2.6417,1.54,1.5083,1.5717,2.74,2.8093,2.6707,2.5,1.75,False,False,False,False
union,Employment & Labor,categorical_dist,% Current member,Labor union membership,5.75,4.1,3.8797,4.3203,3.8006,4.3994,6.41,6.1606,6.6594,6.1897,6.6303,6.1106,6.7094,4.39,4.1406,4.6394,4.1697,4.6103,4.0906,4.6894,5.51,5.2897,5.7303,8.03,7.7306,8.3294,4.58,4.3597,4.8003,4.2806,4.8794,5.4,5.1006,5.6994,7.14,6.9197,7.3603,9.27,6.69,False,False,False,False
union,Employment & Labor,categorical_dist,% Former member,Labor union membership,16.02,16.9,16.4561,17.3439,16.9973,16.8027,15.76,16.1002,15.4198,15.3161,16.2039,15.8573,15.6627,9.13,9.4702,8.7898,8.6861,9.5739,9.2273,9.0327,22.22,21.7761,22.6639,21.62,21.7173,21.5227,14.3,13.8561,14.7439,14.3973,14.2027,12.79,12.8873,12.6927,11.25,10.8061,11.6939,18.3,19.1,False,False,False,False
union,Employment & Labor,categorical_dist,% Never member,Labor union membership,78.23,79.0,79.6642,78.3358,79.2024,78.7976,77.83,77.7398,77.9202,78.4942,77.1658,78.0324,77.6276,86.48,86.3898,86.5702,87.1442,85.8158,86.6824,86.2776,72.28,72.9442,71.6158,70.35,70.5524,70.1476,81.12,81.7842,80.4558,81.3224,80.9176,81.81,82.0124,81.6076,81.61,82.2742,80.9458,72.43,74.22,False,False,False,False
unionhh,Employment & Labor,categorical_dist,% Currently member,Household union membership,6.42,4.99,4.9374,5.0426,4.8401,5.1399,8.18,7.9861,8.3739,8.1274,8.2326,8.0301,8.3299,5.44,5.2461,5.6339,5.3874,5.4926,5.2901,5.5899,4.94,4.8874,4.9926,7.39,7.2401,7.5399,8.37,8.3174,8.4226,8.2201,8.5199,5.37,5.2201,5.5199,6.12,6.0674,6.1726,9.14,6.06,False,False,False,False
unionhh,Employment & Labor,categorical_dist,% Formerly member,Household union membership,10.65,11.32,10.9011,11.7389,11.2286,11.4114,9.46,9.5568,9.3632,9.0411,9.8789,9.3686,9.5514,5.77,5.8668,5.6732,5.3511,6.1889,5.6786,5.8614,13.82,13.4011,14.2389,15.31,15.2186,15.4014,8.28,7.8611,8.6989,8.1886,8.3714,10.06,9.9686,10.1514,9.28,8.8611,9.6989,13.13,12.41,False,False,False,False
unionhh,Employment & Labor,categorical_dist,% Never member,Household union membership,75.05,78.44,78.4491,78.4309,78.9509,77.9291,72.73,73.3685,72.0915,72.7391,72.7209,73.2409,72.2191,73.4,74.0385,72.7615,73.4091,73.3909,73.9109,72.8891,78.25,78.2591,78.2409,71.12,71.6309,70.6091,74.73,74.7391,74.7209,75.2409,74.2191,78.09,78.6009,77.5791,71.99,71.9991,71.9809,70.83,76.93,False,False,False,False
unionhh,Employment & Labor,categorical_dist,% Not sure,Household union membership,7.89,5.25,5.7114,4.7886,4.9791,5.5209,9.63,9.0879,10.1721,10.0914,9.1686,9.3591,9.9009,15.38,14.8379,15.9221,15.8414,14.9186,15.1091,15.6509,2.98,3.4414,2.5186,6.19,5.9191,6.4609,8.61,9.0714,8.1486,8.3391,8.8809,6.48,6.2091,6.7509,12.62,13.0814,12.1586,6.9,4.6,False,False,False,False
hadjob,Employment & Labor,binary,% Supporting,Had a job in the past 5 years (% Yes),44.9808,40.4569,41.032,39.8818,39.5513,41.3625,46.7077,45.0931,48.3223,47.2828,46.1326,45.8021,47.6133,53.1052,51.4906,54.7198,53.6803,52.5301,52.1996,54.0108,40.4042,40.9793,39.8291,41.8414,40.9358,42.747,43.6933,44.2684,43.1182,42.7877,44.5989,39.7047,38.7991,40.6103,60.5504,61.1255,59.9753,56.8773,39.5172,False,False,False,False
gigwork,Employment & Labor,binary,% Supporting,Gig / freelance work (% Yes),17.4966,13.524,14.1793,12.8687,13.342,13.706,19.9345,19.2956,20.5734,20.5898,19.2792,19.7525,20.1165,27.1204,26.4815,27.7593,27.7757,26.4651,26.9384,27.3024,9.5747,10.23,8.9194,12.0277,11.8457,12.2097,20.7645,21.4198,20.1092,20.5825,20.9465,21.591,21.409,21.773,24.3313,24.9866,23.676,14.4008,11.3333,False,False,False,False
investor,Employment & Labor,binary,% Supporting,Owns stocks or mutual funds (% Yes),43.1723,45.0794,43.6864,46.4724,44.776,45.3828,40.0528,40.1359,39.9697,38.6598,41.4458,39.7494,40.3562,27.9123,27.9954,27.8292,26.5193,29.3053,27.6089,28.2157,53.3791,51.9861,54.7721,56.3547,56.0513,56.6581,36.5457,35.1527,37.9387,36.2423,36.8491,40.5127,40.2093,40.8161,35.9215,34.5285,37.3145,58.1696,46.0139,False,False,False,False
milstat_1,Demographics,binary,% Supporting,Currently serving in military (% Yes),0.5149,0.081,0.1188,0.0432,0.1353,0.0267,0.3496,0.3642,0.335,0.3874,0.3118,0.4039,0.2953,1.1736,1.1882,1.159,1.2114,1.1358,1.2279,1.1193,0.5782,0.616,0.5404,0.1807,0.235,0.1264,1.1428,1.1806,1.105,1.1971,1.0885,1.1244,1.1787,1.0701,0.1263,0.1641,0.0885,0.2937,0.1331,False,False,False,False
milstat_3,Demographics,binary,% Supporting,Previously served in military (% Yes),9.4919,13.5638,13.6075,13.5201,14.3906,12.737,6.6521,7.6044,5.6998,6.6958,6.6084,7.4789,5.8253,5.5362,6.4885,4.5839,5.5799,5.4925,6.363,4.7094,18.0805,18.1242,18.0368,7.9847,8.8115,7.1579,9.5049,9.5486,9.4612,10.3317,8.6781,8.7491,9.5759,7.9223,3.0464,3.0901,3.0027,4.2875,11.9233,False,False,False,False
presvote20post,Voting History,categorical_dist,% Biden,2020 Presidential vote,40.12,11.86,7.9584,15.7616,4.5203,19.1997,61.77,56.2079,67.3321,57.8684,65.6716,54.4303,69.1097,37.88,32.3179,43.4421,33.9784,41.7816,30.5403,45.2197,1.7,-2.2016,5.6016,85.4,78.0603,92.7397,9.75,5.8484,13.6516,2.4103,17.0897,33.2,25.8603,40.5397,70.51,66.6084,74.4116,88.66,56.57,False,False,False,False
presvote20post,Voting History,categorical_dist,% Trump,2020 Presidential vote,35.84,69.38,71.6919,67.0681,76.6688,62.0912,6.73,12.8672,0.5928,9.0419,4.4181,14.0188,-0.5588,16.33,22.4672,10.1928,18.6419,14.0181,23.6188,9.0412,89.37,91.6819,87.0581,2.8,10.0888,-4.4888,58.22,60.5319,55.9081,65.5088,50.9312,41.87,49.1588,34.5812,0.42,2.7319,-1.8919,0.4,27.29,False,False,False,False
presvote20post,Voting History,categorical_dist,% Jorgensen,2020 Presidential vote,0.89,1.2,1.231,1.169,1.252,1.148,1.15,1.1983,1.1017,1.181,1.119,1.202,1.098,1.15,1.1983,1.1017,1.181,1.119,1.202,1.098,0.72,0.751,0.689,0.4,0.452,0.348,1.03,1.061,0.999,1.082,0.978,1.07,1.122,1.018,0.3,0.331,0.269,0.17,0.53,False,False,False,False
presvote20post,Voting History,categorical_dist,% Hawkins,2020 Presidential vote,0.26,0.09,0.0747,0.1053,0.0305,0.1495,0.42,0.3406,0.4994,0.4047,0.4353,0.3605,0.4795,0.16,0.0806,0.2394,0.1447,0.1753,0.1005,0.2195,0.02,0.0047,0.0353,0.22,0.1605,0.2795,0.13,0.1147,0.1453,0.0705,0.1895,0.01,-0.0495,0.0695,0.71,0.6947,0.7253,1.35,0.09,False,False,False,False
presvote20post,Voting History,categorical_dist,% Other,2020 Presidential vote,0.48,0.42,0.4068,0.4332,0.4123,0.4277,0.37,0.3607,0.3793,0.3568,0.3832,0.3623,0.3777,0.44,0.4307,0.4493,0.4268,0.4532,0.4323,0.4477,0.4,0.3868,0.4132,0.27,0.2623,0.2777,0.55,0.5368,0.5632,0.5423,0.5577,0.76,0.7523,0.7677,0.55,0.5368,0.5632,0.84,0.58,False,False,False,False
presvote20post,Voting History,categorical_dist,% Did not vote,2020 Presidential vote,22.42,17.04,18.6273,15.4527,17.1066,16.9734,29.56,29.0253,30.0947,31.1473,27.9727,29.6266,29.4934,44.03,43.4953,44.5647,45.6173,42.4427,44.0966,43.9634,7.8,9.3873,6.2127,10.91,10.9766,10.8434,30.32,31.9073,28.7327,30.3866,30.2534,23.09,23.1566,23.0234,27.51,29.0973,25.9227,8.58,14.93,False,False,False,False
presvote16post,Voting History,categorical_dist,% Clinton,2016 Presidential vote,29.16,8.07,4.7714,11.3686,2.6451,13.4949,44.66,40.7164,48.6036,41.3614,47.9586,39.2351,50.0849,26.43,22.4864,30.3736,23.1314,29.7286,21.0051,31.8549,1.98,-1.3186,5.2786,67.36,61.9351,72.7849,6.02,2.7214,9.3186,0.5951,11.4449,23.94,18.5151,29.3649,44.53,41.2314,47.8286,67.81,41.77,False,False,False,False
presvote16post,Voting History,categorical_dist,% Trump,2016 Presidential vote,31.95,61.68,63.3288,60.0312,67.7304,55.6296,7.04,12.4617,1.6183,8.6888,5.3912,13.0904,0.9896,13.41,18.8317,7.9883,15.0588,11.7612,19.4604,7.3596,77.26,78.9088,75.6112,4.6,10.6504,-1.4504,47.69,49.3388,46.0412,53.7404,41.6396,38.35,44.4004,32.2996,1.47,3.1188,-0.1788,0.52,28.85,False,False,False,False
presvote16post,Voting History,categorical_dist,% Johnson,2016 Presidential vote,2.55,2.3,2.3009,2.2991,2.3206,2.2794,2.98,2.9847,2.9753,2.9809,2.9791,3.0006,2.9594,1.9,1.9047,1.8953,1.9009,1.8991,1.9206,1.8794,2.59,2.5909,2.5891,2.79,2.8106,2.7694,3.26,3.2609,3.2591,3.2806,3.2394,2.66,2.6806,2.6394,2.4,2.4009,2.3991,2.45,2.27,False,False,False,False
presvote16post,Voting History,categorical_dist,% Stein,2016 Presidential vote,1.2,0.34,0.3288,0.3512,0.1486,0.5314,1.2,0.9637,1.4363,1.1888,1.2112,1.0086,1.3914,1.74,1.5037,1.9763,1.7288,1.7512,1.5486,1.9314,0.34,0.3288,0.3512,1.67,1.4786,1.8614,0.58,0.5688,0.5912,0.3886,0.7714,0.87,0.6786,1.0614,3.47,3.4588,3.4812,3.03,0.91,False,False,False,False
presvote16post,Voting History,categorical_dist,% McMullin,2016 Presidential vote,0.47,0.55,0.5472,0.5528,0.5617,0.5383,0.47,0.4982,0.4418,0.4672,0.4728,0.4817,0.4583,0.33,0.3582,0.3018,0.3272,0.3328,0.3417,0.3183,0.61,0.6072,0.6128,0.55,0.5617,0.5383,0.43,0.4272,0.4328,0.4417,0.4183,0.43,0.4417,0.4183,0.39,0.3872,0.3928,0.13,0.7,False,False,False,False
presvote16post,Voting History,categorical_dist,% Other,2016 Presidential vote,1.19,1.1,1.1075,1.0925,1.1201,1.0799,1.3,1.3098,1.2902,1.3075,1.2925,1.3201,1.2799,1.26,1.2698,1.2502,1.2675,1.2525,1.2801,1.2399,1.32,1.3275,1.3125,1.18,1.2001,1.1599,1.23,1.2375,1.2225,1.2501,1.2099,1.3,1.3201,1.2799,0.96,0.9675,0.9525,1.02,0.95,False,False,False,False
presvote16post,Voting History,categorical_dist,% Did not vote,2016 Presidential vote,33.49,25.96,27.6151,24.3049,25.4732,26.4468,42.35,41.0661,43.6339,44.0051,40.6949,41.8632,42.8368,54.93,53.6461,56.2139,56.5851,53.2749,54.4432,55.4168,15.9,17.5551,14.2449,21.86,21.3732,22.3468,40.79,42.4451,39.1349,40.3032,41.2768,32.45,31.9632,32.9368,46.78,48.4351,45.1249,25.03,24.56,False,False,False,False
gunown,Demographics,categorical_dist,% Personally owns,Personal gun ownership,27.39,39.18,40.1804,38.1796,42.4519,35.9081,18.17,20.868,15.472,19.1704,17.1696,21.4419,14.8981,18.83,21.528,16.132,19.8304,17.8296,22.1019,15.5581,54.91,55.9104,53.9096,17.01,20.2819,13.7381,37.32,38.3204,36.3196,40.5919,34.0481,28.97,32.2419,25.6981,9.79,10.7904,8.7896,11.38,22.66,False,False,False,False
gunown,Demographics,categorical_dist,"% HH owns, not me",Personal gun ownership,12.64,12.78,13.0806,12.4794,12.7376,12.8224,13.26,13.1524,13.3676,13.5606,12.9594,13.2176,13.3024,14.22,14.1124,14.3276,14.5206,13.9194,14.1776,14.2624,8.48,8.7806,8.1794,11.63,11.5876,11.6724,15.34,15.6406,15.0394,15.2976,15.3824,13.01,12.9676,13.0524,16.42,16.7206,16.1194,8.27,11.45,False,False,False,False
gunown,Demographics,categorical_dist,% No one in HH,Personal gun ownership,59.96,48.05,46.7495,49.3505,44.8208,51.2792,68.57,65.9797,71.1603,67.2695,69.8705,65.3408,71.7992,66.96,64.3697,69.5503,65.6595,68.2605,63.7308,70.1892,36.61,35.3095,37.9105,71.36,68.1308,74.5892,47.35,46.0495,48.6505,44.1208,50.5792,58.03,54.8008,61.2592,73.8,72.4995,75.1005,80.35,65.89,False,False,False,False
CC24_308a_1,Foreign Policy & Defense,binary,% Supporting,Ukraine: stay out of the conflict,21.4043,25.1755,27.6051,22.7459,28.3072,22.0438,13.7962,15.5661,12.0263,16.2258,11.3666,16.9279,10.6645,31.8735,33.6434,30.1036,34.3031,29.4439,35.0052,28.7418,32.0889,34.5185,29.6593,3.7292,6.8609,0.5975,46.8362,49.2658,44.4066,49.9679,43.7045,21.1019,24.2336,17.9702,8.7256,11.1552,6.296,1.0078,9.6281,False,False,False,True
CC24_308a_2,Foreign Policy & Defense,binary,% Supporting,Ukraine: send humanitarian aid,53.1971,41.4902,38.3208,44.6596,36.425,46.5554,65.1926,61.4578,68.9274,62.0232,68.362,60.1274,70.2578,41.1253,37.3905,44.8601,37.9559,44.2947,36.0601,46.1905,31.0097,27.8403,34.1791,81.5249,76.4597,86.5901,24.6649,21.4955,27.8343,19.5997,29.7301,51.9293,46.8641,56.9945,78.9366,75.7672,82.106,91.0802,63.3125,True,True,False,True
CC24_308a_3,Foreign Policy & Defense,binary,% Supporting,Ukraine: impose economic sanctions on Russia,42.0953,36.1352,32.8376,39.4328,32.2864,39.984,48.0826,45.4588,50.7064,44.785,51.3802,44.2338,51.9314,21.4033,18.7795,24.0271,18.1057,24.7009,17.5545,25.2521,33.0662,29.7686,36.3638,72.4542,68.6054,76.303,18.8425,15.5449,22.1401,14.9937,22.6913,36.2039,32.3551,40.0527,53.1622,49.8646,56.4598,82.9781,51.7954,False,True,False,True
CC24_308a_4,Foreign Policy & Defense,binary,% Supporting,Ukraine: provide arms to Ukraine,34.3883,24.2973,20.6724,27.9222,19.8495,28.7451,42.2655,39.3945,45.1365,38.6406,45.8904,37.8177,46.7133,19.8988,17.0278,22.7698,16.2739,23.5237,15.451,24.3466,17.2827,13.6578,20.9076,71.4535,67.0057,75.9013,10.0274,6.4025,13.6523,5.5796,14.4752,30.99,26.5422,35.4378,43.116,39.4911,46.7409,72.5404,45.8177,False,True,False,True
CC24_308a_5,Foreign Policy & Defense,binary,% Supporting,Ukraine: send non-combat military advisors,23.0066,12.8933,10.7269,15.0597,9.2616,16.525,30.5099,27.5546,33.4652,28.3435,32.6763,26.8782,34.1416,16.5251,13.5698,19.4804,14.3587,18.6915,12.8934,20.1568,6.829,4.6626,8.9954,47.2861,43.6544,50.9178,6.5472,4.3808,8.7136,2.9155,10.1789,18.1385,14.5068,21.7702,38.3736,36.2072,40.54,54.8433,26.681,False,False,False,True
CC24_308a_6,Foreign Policy & Defense,binary,% Supporting,Ukraine: send significant force to fight Russia,5.3059,4.1207,3.7708,4.4706,3.6159,4.6255,6.8655,6.5668,7.1642,6.5156,7.2154,6.3607,7.3703,5.0869,4.7882,5.3856,4.737,5.4368,4.5821,5.5917,1.8115,1.4616,2.1614,7.6333,7.1285,8.1381,1.9826,1.6327,2.3325,1.4778,2.4874,7.2216,6.7168,7.7264,7.3157,6.9658,7.6656,7.1645,6.4693,False,False,False,False
CC24_308a_7,Foreign Policy & Defense,binary,% Supporting,Ukraine: negotiate a Russia–Ukraine peace accord,42.1805,41.0121,39.936,42.0882,40.023,42.0012,40.7772,40.2497,41.3047,39.7011,41.8533,39.7881,41.7663,33.1325,32.605,33.66,32.0564,34.2086,32.1434,34.1216,45.3883,44.3122,46.4644,50.7587,49.7696,51.7478,31.1783,30.1022,32.2544,30.1892,32.1674,43.3319,42.3428,44.321,49.6744,48.5983,50.7505,51.7727,47.8077,False,False,False,False
CC24_308a_8,Foreign Policy & Defense,binary,% Supporting,Ukraine: fund post-war reconstruction,38.5015,22.3416,19.7623,24.9209,17.1131,27.5701,52.2214,47.6145,56.8283,49.6421,54.8007,46.9929,57.4499,32.1734,27.5665,36.7803,29.5941,34.7527,26.9449,37.4019,13.2997,10.7204,15.879,66.1004,60.8719,71.3289,16.0357,13.4564,18.615,10.8072,21.2642,32.7376,27.5091,37.9661,67.66,65.0807,70.2393,82.9939,40.9348,True,False,False,True
CC24_308b_1,Foreign Policy & Defense,binary,% Supporting,Israel/Gaza: stay out of the conflict,20.4254,22.0341,23.7864,20.2818,24.0744,19.9938,17.8738,19.1378,16.6098,19.6261,16.1215,19.9141,15.8335,30.9431,32.2071,29.6791,32.6954,29.1908,32.9834,28.9028,19.8597,21.612,18.1074,7.405,9.4453,5.3647,42.2287,43.981,40.4764,44.269,40.1884,22.3336,24.3739,20.2933,9.568,11.3203,7.8157,1.9274,13.2926,False,False,False,False
CC24_308b_2,Foreign Policy & Defense,binary,% Supporting,Israel/Gaza: send humanitarian aid,48.1844,36.3746,33.5617,39.1875,31.3909,41.3583,59.1346,55.1371,63.1321,56.3217,61.9475,54.1509,64.1183,40.05,36.0525,44.0475,37.2371,42.8629,35.0663,45.0337,25.9208,23.1079,28.7337,74.4471,69.4634,79.4308,21.3135,18.5006,24.1264,16.3298,26.2972,43.9565,38.9728,48.9402,74.4732,71.6603,77.2861,89.0017,54.7946,True,False,False,True
CC24_308b_3,Foreign Policy & Defense,binary,% Supporting,Israel/Gaza: provide arms to Israel,27.171,44.8746,45.056,44.6932,48.4676,41.2816,12.453,16.1375,8.7685,12.6344,12.2716,16.046,8.86,10.9359,14.6204,7.2514,11.1173,10.7545,14.5289,7.3429,62.4177,62.5991,62.2363,18.2499,21.8429,14.6569,27.282,27.4634,27.1006,30.875,23.689,32.6296,36.2226,29.0366,2.9922,3.1736,2.8108,8.4178,28.6624,True,False,False,True
CC24_308b_4,Foreign Policy & Defense,binary,% Supporting,Israel/Gaza: provide arms to Hamas,1.5772,0.4733,0.6167,0.3299,0.2452,0.7014,1.3017,0.9293,1.6741,1.4451,1.1583,1.0736,1.5298,2.2802,1.9078,2.6526,2.4236,2.1368,2.0521,2.5083,0.4107,0.5541,0.2673,0.5462,0.3181,0.7743,1.0666,1.21,0.9232,0.8385,1.2947,1.8998,1.6717,2.1279,7.9674,8.1108,7.824,2.6509,0.7295,False,False,False,False
CC24_308b_5,Foreign Policy & Defense,binary,% Supporting,Israel/Gaza: send US Navy & troops to contain the conflict,23.359,25.2843,24.0834,26.4852,24.4217,26.1469,22.065,21.7311,22.3989,20.8641,23.2659,21.2024,22.9276,14.6017,14.2678,14.9356,13.4008,15.8026,13.7391,15.4643,25.5197,24.3188,26.7206,35.3117,34.4491,36.1743,12.1602,10.9593,13.3611,11.2976,13.0228,22.1628,21.3002,23.0254,23.6978,22.4969,24.8987,32.6156,25.9397,False,False,False,False
CC24_308b_6,Foreign Policy & Defense,binary,% Supporting,Israel/Gaza: send non-combat military support to Israel,17.497,24.939,24.3914,25.4866,25.9104,23.9676,12.3379,13.7728,10.903,11.7903,12.8855,13.3093,11.3665,9.9957,11.4306,8.5608,9.4481,10.5433,10.9671,9.0243,28.7974,28.2498,29.345,17.2578,18.2292,16.2864,11.9478,11.4002,12.4954,12.9192,10.9764,22.7096,23.681,21.7382,6.2154,5.6678,6.763,11.5166,20.9182,False,False,False,False
CC24_308b_7,Foreign Policy & Defense,binary,% Supporting,Israel/Gaza: send non-combat military support to Gaza,8.42,3.1829,3.1652,3.2006,1.4834,4.8824,10.3164,8.2417,12.3911,10.2987,10.3341,8.6169,12.0159,7.6114,5.5367,9.6861,7.5937,7.6291,5.9119,9.3109,1.3311,1.3134,1.3488,12.0401,10.3406,13.7396,2.712,2.6943,2.7297,1.0125,4.4115,4.1406,2.4411,5.8401,33.2683,33.2506,33.286,22.036,5.6088,False,False,False,False
CC24_308b_8,Foreign Policy & Defense,binary,% Supporting,Israel/Gaza: negotiate a peace settlement,48.4476,35.6879,32.8486,38.5272,31.0691,40.3067,58.0275,54.5379,61.5171,55.1882,60.8668,53.4087,62.6463,38.71,35.2204,42.1996,35.8707,41.5493,34.0912,43.3288,27.6233,24.784,30.4626,75.8799,71.2611,80.4987,26.9374,24.0981,29.7767,22.3186,31.5562,45.1175,40.4987,49.7363,69.95,67.1107,72.7893,86.0887,58.8064,True,False,False,True
CC24_308b_9,Foreign Policy & Defense,binary,% Supporting,Israel/Gaza: fund post-war reconstruction,39.6509,24.1882,21.8399,26.5365,18.8251,29.5513,50.9433,45.8911,55.9955,48.595,53.2916,45.5802,56.3064,34.4931,29.4409,39.5453,32.1448,36.8414,29.13,39.8562,14.3551,12.0068,16.7034,66.186,60.8229,71.5491,16.2829,13.9346,18.6312,10.9198,21.646,32.9629,27.5998,38.326,75.2884,72.9401,77.6367,87.1181,38.4513,True,False,False,True
CC24_420_1,Foreign Policy & Defense,binary,% Supporting,Use US troops: to ensure the oil supply,19.9388,30.3681,30.4095,30.3267,32.1562,28.58,13.2316,15.3726,11.0906,13.273,13.1902,15.0197,11.4435,15.7196,17.8606,13.5786,15.761,15.6782,17.5077,13.9315,29.943,29.9844,29.9016,12.1163,13.9044,10.3282,21.3235,21.3649,21.2821,23.1116,19.5354,27.7952,29.5833,26.0071,4.499,4.5404,4.4576,4.9626,22.7712,False,False,False,False
CC24_420_2,Foreign Policy & Defense,binary,% Supporting,Use US troops: to destroy a terrorist camp,53.7889,65.5863,64.5817,66.5909,67.4146,63.758,47.0046,49.8715,44.1377,46.0,48.0092,48.8329,45.1763,37.3644,40.2313,34.4975,36.3598,38.369,39.1927,35.5361,71.5812,70.5766,72.5858,57.0156,58.8439,55.1873,52.7554,51.7508,53.76,54.5837,50.9271,57.9973,59.8256,56.169,27.0826,26.078,28.0872,42.289,64.6558,False,False,False,False
CC24_420_3,Foreign Policy & Defense,binary,% Supporting,Use US troops: to stop genocide or civil war,36.0682,28.1639,26.2804,30.0474,24.7916,31.5362,42.5016,39.7542,45.249,40.6181,44.3851,39.1293,45.8739,28.6721,25.9247,31.4195,26.7886,30.5556,25.2998,32.0444,18.7009,16.8174,20.5844,52.6893,49.317,56.0616,21.3648,19.4813,23.2483,17.9925,24.7371,35.8356,32.4633,39.2079,56.2707,54.3872,58.1542,63.6881,40.5785,False,False,False,True
CC24_420_4,Foreign Policy & Defense,binary,% Supporting,Use US troops: to spread democracy,17.0782,15.5265,14.3299,16.7231,14.4564,16.5966,19.9635,19.9892,19.9378,18.7669,21.1601,18.8934,21.0336,16.0253,16.051,15.9996,14.8287,17.2219,14.9552,17.0954,8.9632,7.7666,10.1598,27.1093,26.0392,28.1794,9.5491,8.3525,10.7457,8.479,10.6192,19.2428,18.1727,20.3129,12.3527,11.1561,13.5493,17.0968,27.8322,False,False,False,False
CC24_420_5,Foreign Policy & Defense,binary,% Supporting,Use US troops: to protect allies under attack,67.1555,69.1851,67.1508,71.2194,67.876,70.4942,70.8931,70.8872,70.899,68.8588,72.9274,69.584,72.2022,54.1653,54.1594,54.1712,52.131,56.1996,52.8562,55.4744,64.6917,62.6574,66.726,80.36,79.0509,81.6691,53.339,51.3047,55.3733,52.0299,54.6481,68.0275,66.7184,69.3366,60.2606,58.2263,62.2949,77.8096,78.5663,False,False,False,False
CC24_420_6,Foreign Policy & Defense,binary,% Supporting,Use US troops: to help the UN uphold international law,42.7481,28.76,25.6162,31.9038,23.7041,33.8159,56.5575,52.9409,60.1741,53.4137,59.7013,51.5016,61.6134,36.3859,32.7693,40.0025,33.2421,39.5297,31.33,41.4418,11.4175,8.2737,14.5613,69.0934,64.0375,74.1493,21.2671,18.1233,24.4109,16.2112,26.323,46.1995,41.1436,51.2554,61.9905,58.8467,65.1343,78.1257,53.4884,True,True,False,True
CC24_420_7,Foreign Policy & Defense,binary,% Supporting,Use US troops: for none of these reasons,13.7798,11.6884,13.1029,10.2739,12.4776,10.8992,13.1295,13.0341,13.2249,14.544,11.715,13.9187,12.3403,24.6253,24.5299,24.7207,26.0398,23.2108,25.4145,23.8361,14.4687,15.8832,13.0542,6.6509,7.4401,5.8617,23.5373,24.9518,22.1228,24.3265,22.7481,8.9978,9.787,8.2086,15.2842,16.6987,13.8697,8.0274,5.7029,False,False,False,False
CC24_323c,Immigration,binary,% Supporting,Build a wall between the U.S. and Mexico,53.7449,90.6899,92.9468,88.433,98.9842,82.3956,21.5508,29.6235,13.4781,23.8077,19.2939,29.8451,13.2565,38.758,46.8307,30.6853,41.0149,36.5011,47.0523,30.4637,99.2727,100.0,97.0158,9.9912,18.2855,1.6969,87.1068,89.3637,84.8499,95.4011,78.8125,71.6153,79.9096,63.321,1.8119,4.0688,0.0,1.3809,60.149,True,False,False,True
CC24_324a,Abortion,binary,% Supporting,Always allow abortion as a matter of personal choice,61.1403,37.4475,34.9762,39.9188,30.519,44.376,86.6544,80.9775,92.3313,84.1831,89.1257,79.7259,93.5829,67.8181,62.1412,73.495,65.3468,70.2894,60.8896,74.7466,13.3566,10.8853,15.8279,92.5993,85.6708,99.5278,37.2053,34.734,39.6766,30.2768,44.1338,51.4052,44.4767,58.3337,98.4658,95.9945,100.0,98.1971,70.3669,True,False,False,True
CC24_324c,Abortion,binary,% Supporting,Make abortion illegal in all circumstances,11.551,13.445,14.382,12.508,15.2252,11.6648,4.7286,5.9782,3.479,5.6656,3.7916,6.5088,2.9484,16.914,18.1636,15.6644,17.851,15.977,18.6942,15.1338,21.0429,21.9799,20.1059,2.8384,4.6186,1.0582,21.0683,22.0053,20.1313,22.8485,19.2881,15.7698,17.55,13.9896,2.1078,3.0448,1.1708,0.7506,7.6834,False,False,False,False
CC24_324d,Abortion,binary,% Supporting,Expand abortion access and affordability,60.2694,35.808,32.98,38.636,28.5491,43.0669,87.0749,81.3883,92.7615,84.2469,89.9029,79.816,94.3338,65.7309,60.0443,71.4175,62.9029,68.5589,58.472,72.9898,11.1428,8.3148,13.9708,93.1673,85.9084,100.0,33.303,30.475,36.131,26.0441,40.5619,51.6026,44.3437,58.8615,97.7345,94.9065,100.0,97.9296,73.5679,True,False,False,True
CC24_340a,Abortion,binary,% Supporting,Protect access to contraception (Congress bill),72.2478,64.59,63.2092,65.9708,61.7539,67.4261,83.1319,80.7191,85.5447,81.7511,84.5127,80.2958,85.968,58.4822,56.0694,60.895,57.1014,59.863,55.6461,61.3183,61.5329,60.1521,62.9137,87.7079,84.8718,90.544,61.8565,60.4757,63.2373,59.0204,64.6926,65.3806,62.5445,68.2167,93.4437,92.0629,94.8245,94.8298,76.3871,False,False,False,False
CC24_443_1,Government Spending,binary,% Supporting,Increase state spending on welfare,34.0608,16.3783,15.1237,17.6329,11.5289,21.2277,45.2929,40.1903,50.3955,44.0383,46.5475,40.4435,50.1423,39.1474,34.0448,44.25,37.8928,40.402,34.298,43.9968,4.0065,2.7519,5.2611,49.8351,44.9857,54.6845,19.3126,18.058,20.5672,14.4632,24.162,30.6515,25.8021,35.5009,73.6137,72.3591,74.8683,74.2099,28.5921,True,False,False,True
CC24_443_2,Government Spending,binary,% Supporting,Increase state spending on health care,65.0052,51.2638,48.9473,53.5803,45.7497,56.7779,81.5942,77.5205,85.6679,79.2777,83.9107,76.0801,87.1083,69.472,65.3983,73.5457,67.1555,71.7885,63.9579,74.9861,20.8562,18.5397,23.1727,85.2225,79.7084,90.7366,46.0293,43.7128,48.3458,40.5152,51.5434,64.2111,58.697,69.7252,92.7545,90.438,95.071,92.6864,77.2123,True,False,False,True
CC24_443_3,Government Spending,binary,% Supporting,Increase state spending on education,65.3182,53.6171,51.3216,55.9126,48.5073,58.7269,80.9395,77.0504,84.8286,78.644,83.235,75.8297,86.0493,67.0564,63.1673,70.9455,64.7609,69.3519,61.9466,72.1662,26.0616,23.7661,28.3571,85.917,80.8072,91.0268,45.4842,43.1887,47.7797,40.3744,50.594,65.6833,60.5735,70.7931,90.9684,88.6729,93.2639,92.8068,72.4111,True,False,False,True
CC24_443_4,Government Spending,binary,% Supporting,Increase state spending on law enforcement,53.6542,82.1257,81.5418,82.7096,86.5402,77.7112,37.2432,43.7759,30.7105,36.6593,37.8271,41.6577,32.8287,39.6615,46.1942,33.1288,39.0776,40.2454,44.076,35.247,82.5487,81.9648,83.1326,40.0169,44.4314,35.6024,50.7902,50.2063,51.3741,55.2047,46.3757,66.893,71.3075,62.4785,5.395,4.8111,5.9789,8.296,79.0757,True,False,False,True
CC24_443_5,Government Spending,binary,% Supporting,Increase state spending on transportation & infrastructure,66.4146,61.9104,60.003,63.8178,59.2964,64.5244,71.2839,69.491,73.0768,69.3765,73.1913,68.6699,73.8979,57.3751,55.5822,59.168,55.4677,59.2825,54.7611,59.9891,55.2496,53.3422,57.157,81.9176,79.3036,84.5316,51.4249,49.5175,53.3323,48.8109,54.0389,66.7916,64.1776,69.4056,77.7104,75.803,79.6178,87.9119,72.8589,False,False,False,False
vote16_clinton,Voting History,binary,% Supporting,2016: Hillary Clinton (D),29.1583,8.0665,4.768,11.365,2.6416,13.4914,44.6582,40.7142,48.6022,41.3597,47.9567,39.2333,50.0831,26.4288,22.4848,30.3728,23.1303,29.7273,21.0039,31.8537,1.9848,0.0,5.2833,67.3624,61.9375,72.7873,6.0181,2.7196,9.3166,0.5932,11.443,23.9379,18.513,29.3628,44.5329,41.2344,47.8314,67.8126,41.7663,True,True,False,True
vote16_trump,Voting History,binary,% Supporting,2016: Donald Trump (R),31.9506,61.682,63.3312,60.0328,67.7329,55.6311,7.0363,12.4581,1.6145,8.6855,5.3871,13.0872,0.9854,13.4108,18.8326,7.989,15.06,11.7616,19.4617,7.3599,77.2615,78.9107,75.6123,4.5955,10.6464,0.0,47.6948,49.344,46.0456,53.7457,41.6439,38.3501,44.401,32.2992,1.469,3.1182,0.0,0.5226,28.8469,True,False,False,True
vote16_third,Voting History,binary,% Supporting,2016: Third-party / other,5.4037,4.2952,4.2893,4.3011,4.156,4.4344,5.9522,5.7586,6.1458,5.9463,5.9581,5.813,6.0914,5.2279,5.0343,5.4215,5.222,5.2338,5.0887,5.3671,4.8564,4.8505,4.8623,6.1864,6.0472,6.3256,5.4958,5.4899,5.5017,5.3566,5.635,5.2647,5.1255,5.4039,7.2213,7.2154,7.2272,6.6311,4.8302,False,False,False,False
vote16_dnv,Voting History,binary,% Supporting,2016: Did not vote,33.4874,25.9563,27.6116,24.301,25.4695,26.4431,42.3533,41.0691,43.6375,44.0086,40.698,41.8665,42.8401,54.9325,53.6483,56.2167,56.5878,53.2772,54.4457,55.4193,15.8973,17.5526,14.242,21.8557,21.3689,22.3425,40.7913,42.4466,39.136,40.3045,41.2781,32.4472,31.9604,32.934,46.7768,48.4321,45.1215,25.0338,24.5565,False,False,False,False
vote20_biden,Voting History,binary,% Supporting,2020: Joe Biden (D),40.1226,11.865,7.9636,15.7664,4.5253,19.2047,61.7746,56.2126,67.3366,57.8732,65.676,54.4349,69.1143,37.883,32.321,43.445,33.9816,41.7844,30.5433,45.2227,1.6954,0.0,5.5968,85.4021,78.0624,92.7418,9.7549,5.8535,13.6563,2.4152,17.0946,33.1987,25.859,40.5384,70.5107,66.6093,74.4121,88.6564,56.5724,True,True,False,True
vote20_trump,Voting History,binary,% Supporting,2020: Donald Trump (R),35.8352,69.3812,71.693,67.0694,76.6702,62.0922,6.7274,12.8649,0.5899,9.0392,4.4156,14.0164,0.0,16.3297,22.4672,10.1922,18.6415,14.0179,23.6187,9.0407,89.3735,91.6853,87.0617,2.7977,10.0867,0.0,58.2204,60.5322,55.9086,65.5094,50.9314,41.8725,49.1615,34.5835,0.4181,2.7299,0.0,0.4015,27.2946,True,False,False,True
vote20_third,Voting History,binary,% Supporting,2020: Third-party / other,1.6237,1.7125,1.7147,1.7103,1.6967,1.7283,1.9372,1.8964,1.978,1.9394,1.935,1.9214,1.953,1.754,1.7132,1.7948,1.7562,1.7518,1.7382,1.7698,1.1337,1.1359,1.1315,0.8941,0.8783,0.9099,1.7075,1.7097,1.7053,1.6917,1.7233,1.8367,1.8209,1.8525,1.5608,1.563,1.5586,2.3648,1.2034,False,False,False,False
vote20_dnv,Voting History,binary,% Supporting,2020: Did not vote,22.4185,17.0413,18.6287,15.4539,17.1079,16.9747,29.5608,29.0261,30.0955,31.1482,27.9734,29.6274,29.4942,44.0333,43.4986,44.568,45.6207,42.4459,44.0999,43.9667,7.7973,9.3847,6.2099,10.906,10.9726,10.8394,30.3172,31.9046,28.7298,30.3838,30.2506,23.092,23.1586,23.0254,27.5103,29.0977,25.9229,8.5773,14.9296,False,False,False,False
appr_biden,Voting History,binary,% Supporting,2024: Approve of Joe Biden (job),40.0894,10.447,6.3987,14.4953,3.1478,17.7462,66.2212,60.9962,71.4462,62.1729,70.2695,58.922,73.5204,40.4463,35.2213,45.6713,36.398,44.4946,33.1471,47.7455,0.2732,0.0,4.3215,87.5717,80.2725,94.8709,8.4501,4.4018,12.4984,1.1509,15.7493,33.3807,26.0815,40.6799,62.9862,58.9379,67.0345,83.4684,57.9158,True,True,False,True
appr_harris,Voting History,binary,% Supporting,2024: Approve of Kamala Harris (job),44.1324,11.3218,7.4368,15.2068,3.4007,19.2429,74.7121,68.7304,80.6938,70.8271,78.5971,66.791,82.6332,47.2944,41.3127,53.2761,43.4094,51.1794,39.3733,55.2155,0.317,0.0,4.202,90.509,82.5879,98.4301,10.0718,6.1868,13.9568,2.1507,17.9929,34.9944,27.0733,42.9155,74.593,70.708,78.478,90.4482,60.8918,True,True,False,True
vote24_harris,Voting History,binary,% Supporting,2024: Kamala Harris (D),47.8325,10.8921,7.3981,14.3861,2.1113,19.6729,81.582,74.5044,88.6596,78.088,85.076,72.8012,90.3628,55.2986,48.221,62.3762,51.8046,58.7926,46.5178,64.0794,0.097,0.0,3.591,94.4002,85.6194,100.0,11.4412,7.9472,14.9352,2.6604,20.222,34.3684,25.5876,43.1492,93.6737,90.1797,97.1677,97.0758,64.6936,True,True,False,True
vote24_trump,Voting History,binary,% Supporting,2024: Donald Trump (R),47.1306,85.2948,88.2367,82.3529,94.0637,76.5259,11.9099,19.2339,4.5859,14.8518,8.968,20.6788,3.141,30.2711,37.5951,22.9471,33.213,27.3292,39.04,21.5022,98.5907,100.0,95.6488,3.8817,12.6506,0.0,81.775,84.7169,78.8331,90.5439,73.0061,61.6386,70.4075,52.8697,0.1172,3.0591,0.0,0.2457,33.0183,True,False,False,True
vote24_third,Voting History,binary,% Supporting,2024: Third-party / other,1.932,1.8557,1.9552,1.7562,1.8134,1.898,2.1342,2.0144,2.254,2.2337,2.0347,2.0919,2.1765,3.3042,3.1844,3.424,3.4037,3.2047,3.2619,3.3465,0.7875,0.887,0.688,0.8272,0.7849,0.8695,2.173,2.2725,2.0735,2.1307,2.2153,2.2404,2.1981,2.2827,3.2974,3.3969,3.1979,2.1395,0.9734,False,False,False,False
vote24_dnv,Voting History,binary,% Supporting,2024: Did not vote,3.0364,1.7858,2.2429,1.3287,1.8201,1.7515,4.3253,4.1888,4.4618,4.7824,3.8682,4.3596,4.291,10.6542,10.5177,10.7907,11.1113,10.1971,10.6885,10.6199,0.5148,0.9719,0.0577,0.8267,0.861,0.7924,4.7012,5.1583,4.2441,4.7355,4.6669,1.3421,1.3764,1.3078,3.3976,3.8547,2.9405,0.5311,1.7519,False,False,False,False
